"CodeID","ParameterID","Description","icons"
"no-marking_Align-01","Align-01","no marking","#5a3b6a"
"accusative_Align-01","Align-01","accusative","#1c6dce"
"ergative_Align-01","Align-01","ergative","#e03838"
"overt-neutral_Align-01","Align-01","overt neutral","#f4ca16"
"tripartite_Align-01","Align-01","tripartite","#df3bab"
"horizontal_Align-01","Align-01","horizontal","#5a3b6a"
"sensitive_Align-01","Align-01","sensitive","#169e7a"
"?_Align-01","Align-01","?",
"UNCODED_Align-01","Align-01","UNCODED",
"ERROR_Align-01","Align-01","ERROR",
"no-marking_Align-01a","Align-01a","no marking","#26a381"
"accusative_Align-01a","Align-01a","accusative","#1672d5"
"ergative_Align-01a","Align-01a","ergative","#dc3538"
"overt-neutral_Align-01a","Align-01a","overt neutral","#e83db3"
"tripartite_Align-01a","Align-01a","tripartite","#ca0df9"
"horizontal_Align-01a","Align-01a","horizontal","#56406d"
"sensitive_Align-01a","Align-01a","sensitive","#32fe0d"
"no-majority_Align-01a","Align-01a","no majority","#efc81c"
"?_Align-01a","Align-01a","?",
"UNCODED_Align-01a","Align-01a","UNCODED",
"ERROR_Align-01a","Align-01a","ERROR",
"no-marking_Align-01b","Align-01b","no marking","#16a281"
"accusative_Align-01b","Align-01b","accusative","#0d70d4"
"ergative_Align-01b","Align-01b","ergative","#de383b"
"overt-neutral_Align-01b","Align-01b","overt neutral","#db2ea7"
"tripartite_Align-01b","Align-01b","tripartite","#c800fc"
"horizontal_Align-01b","Align-01b","horizontal","#563d66"
"sensitive_Align-01b","Align-01b","sensitive","#3bff16"
"no-majority_Align-01b","Align-01b","no majority","#eec61c"
"?_Align-01b","Align-01b","?",
"UNCODED_Align-01b","Align-01b","UNCODED",
"ERROR_Align-01b","Align-01b","ERROR",
"no-marking_Align-02","Align-02","no marking","#f0c81c"
"accusative_Align-02","Align-02","accusative","#1c6ccd"
"ergative_Align-02","Align-02","ergative","#e3403b"
"overt-neutral_Align-02","Align-02","overt neutral","#2ea683"
"tripartite_Align-02","Align-02","tripartite","#0dfe2a"
"horizontal_Align-02","Align-02","horizontal","#5f3d71"
"sensitive_Align-02","Align-02","sensitive","#e540b2"
"?_Align-02","Align-02","?",
"UNCODED_Align-02","Align-02","UNCODED",
"ERROR_Align-02","Align-02","ERROR",
"yes_Align-03","Align-03","yes","#e03a3a"
"no_Align-03","Align-03","no","#b3b3b3"
"?_Align-03","Align-03","?",
"UNCODED_Align-03","Align-03","UNCODED",
"ERROR_Align-03","Align-03","ERROR",
"no-marking_Align-04","Align-04","no marking","#f3c816"
"accusative_Align-04","Align-04","accusative","#0d6ecf"
"ergative_Align-04","Align-04","ergative","#dd353d"
"overt-neutral_Align-04","Align-04","overt neutral","#22ad89"
"tripartite_Align-04","Align-04","tripartite","#00fd1c"
"horizontal_Align-04","Align-04","horizontal","#5f386e"
"sensitive_Align-04","Align-04","sensitive","#e538af"
"NA_Align-04","Align-04","NA",
"?_Align-04","Align-04","?",
"UNCODED_Align-04","Align-04","UNCODED",
"ERROR_Align-04","Align-04","ERROR",
"NA_Align-04a","Align-04a","NA",
"no-marking_Align-04a","Align-04a","no marking","#2aa784"
"accusative_Align-04a","Align-04a","accusative","#2a6dd0"
"ergative_Align-04a","Align-04a","ergative","#e53d40"
"overt-neutral_Align-04a","Align-04a","overt neutral","#df38aa"
"tripartite_Align-04a","Align-04a","tripartite","#d00dfd"
"horizontal_Align-04a","Align-04a","horizontal","#5c3b68"
"sensitive_Align-04a","Align-04a","sensitive","#2efe0d"
"no-majority_Align-04a","Align-04a","no majority","#edc600"
"?_Align-04a","Align-04a","?",
"UNCODED_Align-04a","Align-04a","UNCODED",
"ERROR_Align-04a","Align-04a","ERROR",
"NA_Align-04b","Align-04b","NA",
"no-marking_Align-04b","Align-04b","no marking","#1ca37f"
"accusative_Align-04b","Align-04b","accusative","#1672d4"
"ergative_Align-04b","Align-04b","ergative","#db382e"
"overt-neutral_Align-04b","Align-04b","overt neutral","#e83db1"
"tripartite_Align-04b","Align-04b","tripartite","#d100ff"
"horizontal_Align-04b","Align-04b","horizontal","#5c4065"
"sensitive_Align-04b","Align-04b","sensitive","#55ff00"
"no-majority_Align-04b","Align-04b","no majority","#f2ca16"
"?_Align-04b","Align-04b","?",
"UNCODED_Align-04b","Align-04b","UNCODED",
"ERROR_Align-04b","Align-04b","ERROR",
"no-marking_Align-05","Align-05","no marking","#f2cb16"
"accusative_Align-05","Align-05","accusative","#0d72d2"
"ergative_Align-05","Align-05","ergative","#e33b3d"
"overt-neutral_Align-05","Align-05","overt neutral","#26a07f"
"tripartite_Align-05","Align-05","tripartite","#32ff00"
"horizontal_Align-05","Align-05","horizontal","#5f3d62"
"sensitive_Align-05","Align-05","sensitive","#e338af"
"NA_Align-05","Align-05","NA",
"?_Align-05","Align-05","?",
"UNCODED_Align-05","Align-05","UNCODED",
"ERROR_Align-05","Align-05","ERROR",
"yes_Align-06","Align-06","yes","#e03a3a"
"no_Align-06","Align-06","no","#b3b3b3"
"?_Align-06","Align-06","?",
"UNCODED_Align-06","Align-06","UNCODED",
"ERROR_Align-06","Align-06","ERROR",
"no-marking_Align-07","Align-07","no marking","#f8cd1c"
"accusative_Align-07","Align-07","accusative","#166dcd"
"ergative_Align-07","Align-07","ergative","#e84045"
"overt-neutral_Align-07","Align-07","overt neutral","#0da07f"
"tripartite_Align-07","Align-07","tripartite","#22fd0d"
"horizontal_Align-07","Align-07","horizontal","#5f456e"
"sensitive_Align-07","Align-07","sensitive","#df3baa"
"NA_Align-07","Align-07","NA",
"?_Align-07","Align-07","?",
"UNCODED_Align-07","Align-07","UNCODED",
"ERROR_Align-07","Align-07","ERROR",
"NA_Align-07a","Align-07a","NA",
"no-marking_Align-07a","Align-07a","no marking","#26a380"
"accusative_Align-07a","Align-07a","accusative","#1c6ed3"
"ergative_Align-07a","Align-07a","ergative","#e43b3b"
"overt-neutral_Align-07a","Align-07a","overt neutral","#eb45b4"
"tripartite_Align-07a","Align-07a","tripartite","#cd00fc"
"horizontal_Align-07a","Align-07a","horizontal","#5d4269"
"sensitive_Align-07a","Align-07a","sensitive","#2efe00"
"no-majority_Align-07a","Align-07a","no majority","#f0cc16"
"?_Align-07a","Align-07a","?",
"UNCODED_Align-07a","Align-07a","UNCODED",
"ERROR_Align-07a","Align-07a","ERROR",
"NA_Align-07b","Align-07b","NA",
"no-marking_Align-07b","Align-07b","no marking","#16a280"
"accusative_Align-07b","Align-07b","accusative","#0070d2"
"ergative_Align-07b","Align-07b","ergative","#e7423d"
"overt-neutral_Align-07b","Align-07b","overt neutral","#e238ae"
"tripartite_Align-07b","Align-07b","tripartite","#d100ff"
"horizontal_Align-07b","Align-07b","horizontal","#5a3d69"
"sensitive_Align-07b","Align-07b","sensitive","#0dfc16"
"no-majority_Align-07b","Align-07b","no majority","#efc81c"
"?_Align-07b","Align-07b","?",
"UNCODED_Align-07b","Align-07b","UNCODED",
"ERROR_Align-07b","Align-07b","ERROR",
"no-marking_Align-08","Align-08","no marking","#f0c81c"
"accusative_Align-08","Align-08","accusative","#2672d3"
"ergative_Align-08","Align-08","ergative","#de3838"
"overt-neutral_Align-08","Align-08","overt neutral","#2aa382"
"tripartite_Align-08","Align-08","tripartite","#51ff16"
"horizontal_Align-08","Align-08","horizontal","#5a4068"
"sensitive_Align-08","Align-08","sensitive","#e335ae"
"NA_Align-08","Align-08","NA",
"?_Align-08","Align-08","?",
"UNCODED_Align-08","Align-08","UNCODED",
"ERROR_Align-08","Align-08","ERROR",
"yes_Align-09","Align-09","yes","#e03a3a"
"no_Align-09","Align-09","no","#b3b3b3"
"?_Align-09","Align-09","?",
"UNCODED_Align-09","Align-09","UNCODED",
"ERROR_Align-09","Align-09","ERROR",
"NA_Align-10","Align-10","NA",
"yes_Align-10","Align-10","yes","#e03a3a"
"no_Align-10","Align-10","no","#b3b3b3"
"?_Align-10","Align-10","?",
"UNCODED_Align-10","Align-10","UNCODED",
"ERROR_Align-10","Align-10","ERROR",
"NA_Align-11","Align-11","NA",
"yes_Align-11","Align-11","yes","#e03a3a"
"no_Align-11","Align-11","no","#b3b3b3"
"?_Align-11","Align-11","?",
"UNCODED_Align-11","Align-11","UNCODED",
"ERROR_Align-11","Align-11","ERROR",
"NA_Align-12","Align-12","NA",
"yes_Align-12","Align-12","yes","#e03a3a"
"no_Align-12","Align-12","no","#b3b3b3"
"?_Align-12","Align-12","?",
"UNCODED_Align-12","Align-12","UNCODED",
"ERROR_Align-12","Align-12","ERROR",
"NA_Align-13","Align-13","NA",
"yes_Align-13","Align-13","yes","#e03a3a"
"no_Align-13","Align-13","no","#b3b3b3"
"?_Align-13","Align-13","?",
"UNCODED_Align-13","Align-13","UNCODED",
"ERROR_Align-13","Align-13","ERROR",
"NA_Align-14","Align-14","NA",
"yes_Align-14","Align-14","yes","#e03a3a"
"no_Align-14","Align-14","no","#b3b3b3"
"?_Align-14","Align-14","?",
"UNCODED_Align-14","Align-14","UNCODED",
"ERROR_Align-14","Align-14","ERROR",
"no_Align-15","Align-15","no","#f0c808"
"indexing_Align-15","Align-15","indexing","#462255"
"flagging_Align-15","Align-15","flagging","#e03a3a"
"both_Align-15","Align-15","both","#0d6fd1"
"?_Align-15","Align-15","?",
"UNCODED_Align-15","Align-15","UNCODED",
"ERROR_Align-15","Align-15","ERROR",
"yes_Align-15a","Align-15a","yes","#e03a3a"
"no_Align-15a","Align-15a","no","#b3b3b3"
"?_Align-15a","Align-15a","?",
"UNCODED_Align-15a","Align-15a","UNCODED",
"ERROR_Align-15a","Align-15a","ERROR",
"NA_Align-16","Align-16","NA",
"yes_Align-16","Align-16","yes","#e03a3a"
"no_Align-16","Align-16","no","#b3b3b3"
"?_Align-16","Align-16","?",
"UNCODED_Align-16","Align-16","UNCODED",
"ERROR_Align-16","Align-16","ERROR",
"yes_Appr-01","Appr-01","yes","#e03a3a"
"no_Appr-01","Appr-01","no","#b3b3b3"
"?_Appr-01","Appr-01","?",
"UNCODED_Appr-01","Appr-01","UNCODED",
"ERROR_Appr-01","Appr-01","ERROR",
"yes_Appr-02","Appr-02","yes","#e03a3a"
"no_Appr-02","Appr-02","no","#b3b3b3"
"NA_Appr-02","Appr-02","NA",
"?_Appr-02","Appr-02","?",
"UNCODED_Appr-02","Appr-02","UNCODED",
"ERROR_Appr-02","Appr-02","ERROR",
"NA_Appr-03","Appr-03","NA",
"1_Appr-03","Appr-03","1","#0d6fd1"
"2_Appr-03","Appr-03","2","#e03a3a"
"3_Appr-03","Appr-03","3","#462255"
"?_Appr-03","Appr-03","?",
"UNCODED_Appr-03","Appr-03","UNCODED",
"ERROR_Appr-03","Appr-03","ERROR",
"threat-only_Appr-04","Appr-04","threat only","#e03a3a"
"warning-only_Appr-04","Appr-04","warning only","#462255"
"any_Appr-04","Appr-04","any","#0d6fd1"
"NA_Appr-04","Appr-04","NA",
"?_Appr-04","Appr-04","?",
"UNCODED_Appr-04","Appr-04","UNCODED",
"ERROR_Appr-04","Appr-04","ERROR",
"no_Appr-05","Appr-05","no","#e03a3a"
"direct-control_Appr-05","Appr-05","direct control","#0d6fd1"
"other_Appr-05","Appr-05","other","#462255"
"NA_Appr-05","Appr-05","NA",
"?_Appr-05","Appr-05","?",
"UNCODED_Appr-05","Appr-05","UNCODED",
"ERROR_Appr-05","Appr-05","ERROR",
"yes_Appr-06","Appr-06","yes","#e03a3a"
"no_Appr-06","Appr-06","no","#b3b3b3"
"NA_Appr-06","Appr-06","NA",
"?_Appr-06","Appr-06","?",
"UNCODED_Appr-06","Appr-06","UNCODED",
"ERROR_Appr-06","Appr-06","ERROR",
"yes_Appr-07","Appr-07","yes","#e03a3a"
"no_Appr-07","Appr-07","no","#b3b3b3"
"NA_Appr-07","Appr-07","NA",
"?_Appr-07","Appr-07","?",
"UNCODED_Appr-07","Appr-07","UNCODED",
"ERROR_Appr-07","Appr-07","ERROR",
"yes_Appr-08","Appr-08","yes","#e03a3a"
"no_Appr-08","Appr-08","no","#b3b3b3"
"NA_Appr-08","Appr-08","NA",
"?_Appr-08","Appr-08","?",
"UNCODED_Appr-08","Appr-08","UNCODED",
"ERROR_Appr-08","Appr-08","ERROR",
"yes_Appr-09","Appr-09","yes","#e03a3a"
"no_Appr-09","Appr-09","no","#b3b3b3"
"NA_Appr-09","Appr-09","NA",
"?_Appr-09","Appr-09","?",
"UNCODED_Appr-09","Appr-09","UNCODED",
"ERROR_Appr-09","Appr-09","ERROR",
"yes_Appr-10","Appr-10","yes","#e03a3a"
"no_Appr-10","Appr-10","no","#b3b3b3"
"NA_Appr-10","Appr-10","NA",
"?_Appr-10","Appr-10","?",
"UNCODED_Appr-10","Appr-10","UNCODED",
"ERROR_Appr-10","Appr-10","ERROR",
"yes_Appr-11","Appr-11","yes","#e03a3a"
"no_Appr-11","Appr-11","no","#b3b3b3"
"NA_Appr-11","Appr-11","NA",
"?_Appr-11","Appr-11","?",
"UNCODED_Appr-11","Appr-11","UNCODED",
"ERROR_Appr-11","Appr-11","ERROR",
"NA_Appr-12","Appr-12","NA",
"a_Appr-12","Appr-12","a","#1672d4"
"f_Appr-12","Appr-12","f","#f5a29f"
"a-f_Appr-12","Appr-12","a & f","#dd353d"
"p_Appr-12","Appr-12","p","#60510d"
"a-p_Appr-12","Appr-12","a & p","#e43db2"
"f-p_Appr-12","Appr-12","f & p","#b1dafe"
"a-f-p_Appr-12","Appr-12","a & f & p","#5a4066"
"t_Appr-12","Appr-12","t","#e5e3ca"
"a-t_Appr-12","Appr-12","a & t","#cb16ff"
"f-t_Appr-12","Appr-12","f & t","#df9af9"
"a-f-t_Appr-12","Appr-12","a & f & t","#22a07e"
"p-t_Appr-12","Appr-12","p & t","#fe911c"
"a-p-t_Appr-12","Appr-12","a & p & t","#2afe0d"
"f-p-t_Appr-12","Appr-12","f & p & t","#b9ee7c"
"a-f-p-t_Appr-12","Appr-12","a & f & p & t","#f3cb0d"
"?_Appr-12","Appr-12","?",
"UNCODED_Appr-12","Appr-12","UNCODED",
"ERROR_Appr-12","Appr-12","ERROR",
"NA_Appr-12a","Appr-12a","NA",
"1_Appr-12a","Appr-12a","1","#2817a6"
"2_Appr-12a","Appr-12a","2","#2467a5"
"3_Appr-12a","Appr-12a","3","#21b8a4"
"?_Appr-12a","Appr-12a","?",
"UNCODED_Appr-12a","Appr-12a","UNCODED",
"ERROR_Appr-12a","Appr-12a","ERROR",
"NA_Appr-12b","Appr-12b","NA",
"a_Appr-12b","Appr-12b","a","#0d6fd1"
"p_Appr-12b","Appr-12b","p","#462255"
"t_Appr-12b","Appr-12b","t","#f0c808"
"f_Appr-12b","Appr-12b","f","#e03a3a"
"?_Appr-12b","Appr-12b","?",
"UNCODED_Appr-12b","Appr-12b","UNCODED",
"ERROR_Appr-12b","Appr-12b","ERROR",
"adjective_Attr-01","Attr-01","adjective","#0d6fd1"
"modifier_Attr-01","Attr-01","modifier","#462255"
"adverb_Attr-01","Attr-01","adverb","#e03a3a"
"noun_Attr-01","Attr-01","noun","#f0c808"
"verb_Attr-01","Attr-01","verb","#e33bae"
"predicative-only_Attr-01","Attr-01","predicative only","#1fa380"
"?_Attr-01","Attr-01","?",
"UNCODED_Attr-01","Attr-01","UNCODED",
"ERROR_Attr-01","Attr-01","ERROR",
"noun_Attr-01a","Attr-01a","noun","#e03a3a"
"verb_Attr-01a","Attr-01a","verb","#462255"
"modifier-pos_Attr-01a","Attr-01a","modifier pos","#0d6fd1"
"NA_Attr-01a","Attr-01a","NA",
"?_Attr-01a","Attr-01a","?",
"UNCODED_Attr-01a","Attr-01a","UNCODED",
"ERROR_Attr-01a","Attr-01a","ERROR",
"NA_Attr-02","Attr-02","NA",
"open_Attr-02","Attr-02","open","#e03a3a"
"open-but_Attr-02","Attr-02","open but","#462255"
"closed_Attr-02","Attr-02","closed","#0d6fd1"
"?_Attr-02","Attr-02","?",
"UNCODED_Attr-02","Attr-02","UNCODED",
"ERROR_Attr-02","Attr-02","ERROR",
"NA_Attr-03","Attr-03","NA",
"adj-n_Attr-03","Attr-03","adj-n","#0d6fd1"
"n-adj_Attr-03","Attr-03","n-adj","#e03a3a"
"no-dominant-order_Attr-03","Attr-03","no dominant order","#462255"
"?_Attr-03","Attr-03","?",
"UNCODED_Attr-03","Attr-03","UNCODED",
"ERROR_Attr-03","Attr-03","ERROR",
"1_Cor-01","Cor-01","1","#2817a6"
"2_Cor-01","Cor-01","2","#2467a5"
"3_Cor-01","Cor-01","3","#21b8a4"
"?_Cor-01","Cor-01","?",
"UNCODED_Cor-01","Cor-01","UNCODED",
"ERROR_Cor-01","Cor-01","ERROR",
"1_Cor-01a","Cor-01a","1","#0d6fd1"
"more-than-1_Cor-01a","Cor-01a","more than 1","#e03a3a"
"?_Cor-01a","Cor-01a","?",
"UNCODED_Cor-01a","Cor-01a","UNCODED",
"ERROR_Cor-01a","Cor-01a","ERROR",
"up-to-2_Cor-01b","Cor-01b","up to 2","#e03a3a"
"more-than-2_Cor-01b","Cor-01b","more than 2","#0d6fd1"
"?_Cor-01b","Cor-01b","?",
"UNCODED_Cor-01b","Cor-01b","UNCODED",
"ERROR_Cor-01b","Cor-01b","ERROR",
"0_Cor-02","Cor-02","0","#000080"
"1_Cor-02","Cor-02","1","#002f9f"
"2_Cor-02","Cor-02","2","#005fbf"
"3_Cor-02","Cor-02","3","#008fdf"
"4_Cor-02","Cor-02","4","#00bfff"
"?_Cor-02","Cor-02","?",
"UNCODED_Cor-02","Cor-02","UNCODED",
"ERROR_Cor-02","Cor-02","ERROR",
"no_Cor-02a","Cor-02a","no","#b3b3b3"
"yes_Cor-02a","Cor-02a","yes","#e03a3a"
"?_Cor-02a","Cor-02a","?",
"UNCODED_Cor-02a","Cor-02a","UNCODED",
"ERROR_Cor-02a","Cor-02a","ERROR",
"up-to-1_Cor-02b","Cor-02b","up to 1","#e03a3a"
"more-than-1_Cor-02b","Cor-02b","more than 1","#0d6fd1"
"?_Cor-02b","Cor-02b","?",
"UNCODED_Cor-02b","Cor-02b","UNCODED",
"ERROR_Cor-02b","Cor-02b","ERROR",
"up-to-2_Cor-02c","Cor-02c","up to 2","#e03a3a"
"more-than-2_Cor-02c","Cor-02c","more than 2","#0d6fd1"
"?_Cor-02c","Cor-02c","?",
"UNCODED_Cor-02c","Cor-02c","UNCODED",
"ERROR_Cor-02c","Cor-02c","ERROR",
"up-to-3_Cor-02d","Cor-02d","up to 3","#e03a3a"
"more-than-3_Cor-02d","Cor-02d","more than 3","#0d6fd1"
"?_Cor-02d","Cor-02d","?",
"UNCODED_Cor-02d","Cor-02d","UNCODED",
"ERROR_Cor-02d","Cor-02d","ERROR",
"0_Cor-03","Cor-03","0","#2817a6"
"1_Cor-03","Cor-03","1","#254ca5"
"2_Cor-03","Cor-03","2","#2382a4"
"3_Cor-03","Cor-03","3","#21b8a4"
"?_Cor-03","Cor-03","?",
"UNCODED_Cor-03","Cor-03","UNCODED",
"ERROR_Cor-03","Cor-03","ERROR",
"no_Cor-03a","Cor-03a","no","#b3b3b3"
"yes_Cor-03a","Cor-03a","yes","#e03a3a"
"?_Cor-03a","Cor-03a","?",
"UNCODED_Cor-03a","Cor-03a","UNCODED",
"ERROR_Cor-03a","Cor-03a","ERROR",
"up-to-1_Cor-03b","Cor-03b","up to 1","#e03a3a"
"more-than-1_Cor-03b","Cor-03b","more than 1","#0d6fd1"
"?_Cor-03b","Cor-03b","?",
"UNCODED_Cor-03b","Cor-03b","UNCODED",
"ERROR_Cor-03b","Cor-03b","ERROR",
"up-to-2_Cor-03c","Cor-03c","up to 2","#e03a3a"
"more-than-2_Cor-03c","Cor-03c","more than 2","#0d6fd1"
"?_Cor-03c","Cor-03c","?",
"UNCODED_Cor-03c","Cor-03c","UNCODED",
"ERROR_Cor-03c","Cor-03c","ERROR",
"yes_Cor-04","Cor-04","yes","#e03a3a"
"no_Cor-04","Cor-04","no","#b3b3b3"
"?_Cor-04","Cor-04","?",
"UNCODED_Cor-04","Cor-04","UNCODED",
"ERROR_Cor-04","Cor-04","ERROR",
"NA_Cor-04a","Cor-04a","NA",
"yes_Cor-04a","Cor-04a","yes","#e03a3a"
"no_Cor-04a","Cor-04a","no","#b3b3b3"
"?_Cor-04a","Cor-04a","?",
"UNCODED_Cor-04a","Cor-04a","UNCODED",
"ERROR_Cor-04a","Cor-04a","ERROR",
"yes_Cor-05","Cor-05","yes","#e03a3a"
"no_Cor-05","Cor-05","no","#b3b3b3"
"?_Cor-05","Cor-05","?",
"UNCODED_Cor-05","Cor-05","UNCODED",
"ERROR_Cor-05","Cor-05","ERROR",
"yes_Cor-06","Cor-06","yes","#e03a3a"
"no_Cor-06","Cor-06","no","#b3b3b3"
"?_Cor-06","Cor-06","?",
"UNCODED_Cor-06","Cor-06","UNCODED",
"ERROR_Cor-06","Cor-06","ERROR",
"yes_Cor-07","Cor-07","yes","#e03a3a"
"no_Cor-07","Cor-07","no","#b3b3b3"
"?_Cor-07","Cor-07","?",
"UNCODED_Cor-07","Cor-07","UNCODED",
"ERROR_Cor-07","Cor-07","ERROR",
"NA_Cor-07a","Cor-07a","NA",
"yes_Cor-07a","Cor-07a","yes","#e03a3a"
"no_Cor-07a","Cor-07a","no","#b3b3b3"
"?_Cor-07a","Cor-07a","?",
"UNCODED_Cor-07a","Cor-07a","UNCODED",
"ERROR_Cor-07a","Cor-07a","ERROR",
"yes_Cor-08","Cor-08","yes","#e03a3a"
"no_Cor-08","Cor-08","no","#b3b3b3"
"NA_Cor-08","Cor-08","NA",
"?_Cor-08","Cor-08","?",
"UNCODED_Cor-08","Cor-08","UNCODED",
"ERROR_Cor-08","Cor-08","ERROR",
"yes_Cor-09","Cor-09","yes","#e03a3a"
"no_Cor-09","Cor-09","no","#b3b3b3"
"NA_Cor-09","Cor-09","NA",
"?_Cor-09","Cor-09","?",
"UNCODED_Cor-09","Cor-09","UNCODED",
"ERROR_Cor-09","Cor-09","ERROR",
"adnominal_Dem-001","Dem-001","adnominal","#0d6fd1"
"pronominal_Dem-001","Dem-001","pronominal","#462255"
"adverbial_Dem-001","Dem-001","adverbial","#e03a3a"
"?_Dem-001","Dem-001","?",
"UNCODED_Dem-001","Dem-001","UNCODED",
"ERROR_Dem-001","Dem-001","ERROR",
"NA_Dem-002","Dem-002","NA",
"yes_Dem-002","Dem-002","yes","#e03a3a"
"no_Dem-002","Dem-002","no","#b3b3b3"
"?_Dem-002","Dem-002","?",
"UNCODED_Dem-002","Dem-002","UNCODED",
"ERROR_Dem-002","Dem-002","ERROR",
"NA_Dem-003","Dem-003","NA",
"yes_Dem-003","Dem-003","yes","#e03a3a"
"no_Dem-003","Dem-003","no","#b3b3b3"
"?_Dem-003","Dem-003","?",
"UNCODED_Dem-003","Dem-003","UNCODED",
"ERROR_Dem-003","Dem-003","ERROR",
"0_Dem-01","Dem-01","0","#000080"
"2_Dem-01","Dem-01","2","#001f95"
"3_Dem-01","Dem-01","3","#003faa"
"4_Dem-01","Dem-01","4","#005fbf"
"5_Dem-01","Dem-01","5","#007fd4"
"6_Dem-01","Dem-01","6","#009fe9"
"9_Dem-01","Dem-01","9","#00bfff"
"?_Dem-01","Dem-01","?",
"UNCODED_Dem-01","Dem-01","UNCODED",
"ERROR_Dem-01","Dem-01","ERROR",
"yes_Dem-01a","Dem-01a","yes","#e03a3a"
"no_Dem-01a","Dem-01a","no","#b3b3b3"
"?_Dem-01a","Dem-01a","?",
"UNCODED_Dem-01a","Dem-01a","UNCODED",
"ERROR_Dem-01a","Dem-01a","ERROR",
"2_Dem-01b","Dem-01b","2","#0d6fd1"
"more-than-2_Dem-01b","Dem-01b","more than 2","#e03a3a"
"NA_Dem-01b","Dem-01b","NA",
"?_Dem-01b","Dem-01b","?",
"UNCODED_Dem-01b","Dem-01b","UNCODED",
"ERROR_Dem-01b","Dem-01b","ERROR",
"up-to-3_Dem-01c","Dem-01c","up to 3","#e03a3a"
"more-than-3_Dem-01c","Dem-01c","more than 3","#0d6fd1"
"NA_Dem-01c","Dem-01c","NA",
"?_Dem-01c","Dem-01c","?",
"UNCODED_Dem-01c","Dem-01c","UNCODED",
"ERROR_Dem-01c","Dem-01c","ERROR",
"up-to-4_Dem-01d","Dem-01d","up to 4","#e03a3a"
"more-than-4_Dem-01d","Dem-01d","more than 4","#0d6fd1"
"NA_Dem-01d","Dem-01d","NA",
"?_Dem-01d","Dem-01d","?",
"UNCODED_Dem-01d","Dem-01d","UNCODED",
"ERROR_Dem-01d","Dem-01d","ERROR",
"yes_Dem-02","Dem-02","yes","#e03a3a"
"no_Dem-02","Dem-02","no","#b3b3b3"
"?_Dem-02","Dem-02","?",
"UNCODED_Dem-02","Dem-02","UNCODED",
"ERROR_Dem-02","Dem-02","ERROR",
"yes_Dem-03","Dem-03","yes","#e03a3a"
"no_Dem-03","Dem-03","no","#b3b3b3"
"?_Dem-03","Dem-03","?",
"UNCODED_Dem-03","Dem-03","UNCODED",
"ERROR_Dem-03","Dem-03","ERROR",
"yes_Dem-04","Dem-04","yes","#e03a3a"
"no_Dem-04","Dem-04","no","#b3b3b3"
"?_Dem-04","Dem-04","?",
"UNCODED_Dem-04","Dem-04","UNCODED",
"ERROR_Dem-04","Dem-04","ERROR",
"yes_Dem-05","Dem-05","yes","#e03a3a"
"no_Dem-05","Dem-05","no","#b3b3b3"
"?_Dem-05","Dem-05","?",
"UNCODED_Dem-05","Dem-05","UNCODED",
"ERROR_Dem-05","Dem-05","ERROR",
"yes_Gend-01","Gend-01","yes","#e03a3a"
"no_Gend-01","Gend-01","no","#b3b3b3"
"?_Gend-01","Gend-01","?",
"UNCODED_Gend-01","Gend-01","UNCODED",
"ERROR_Gend-01","Gend-01","ERROR",
"NA_Gend-02","Gend-02","NA",
"yes_Gend-02","Gend-02","yes","#e03a3a"
"no_Gend-02","Gend-02","no","#b3b3b3"
"?_Gend-02","Gend-02","?",
"UNCODED_Gend-02","Gend-02","UNCODED",
"ERROR_Gend-02","Gend-02","ERROR",
"NA_Gend-03","Gend-03","NA",
"speaker_Gend-03","Gend-03","speaker","#f0c808"
"addressee_Gend-03","Gend-03","addressee","#0d6fd1"
"both_Gend-03","Gend-03","both","#e03a3a"
"mixed_Gend-03","Gend-03","mixed","#462255"
"?_Gend-03","Gend-03","?",
"UNCODED_Gend-03","Gend-03","UNCODED",
"ERROR_Gend-03","Gend-03","ERROR",
"NA_Gend-03a","Gend-03a","NA",
"speaker_Gend-03a","Gend-03a","speaker","#f0c808"
"addressee_Gend-03a","Gend-03a","addressee","#0d6fd1"
"both_Gend-03a","Gend-03a","both","#e03a3a"
"mixed_Gend-03a","Gend-03a","mixed","#462255"
"?_Gend-03a","Gend-03a","?",
"UNCODED_Gend-03a","Gend-03a","UNCODED",
"ERROR_Gend-03a","Gend-03a","ERROR",
"NA_Gend-04","Gend-04","NA",
"yes_Gend-04","Gend-04","yes","#e03a3a"
"no_Gend-04","Gend-04","no","#b3b3b3"
"?_Gend-04","Gend-04","?",
"UNCODED_Gend-04","Gend-04","UNCODED",
"ERROR_Gend-04","Gend-04","ERROR",
"NA_Gend-05","Gend-05","NA",
"speaker_Gend-05","Gend-05","speaker","#f0c808"
"addressee_Gend-05","Gend-05","addressee","#0d6fd1"
"both_Gend-05","Gend-05","both","#e03a3a"
"mixed_Gend-05","Gend-05","mixed","#462255"
"?_Gend-05","Gend-05","?",
"UNCODED_Gend-05","Gend-05","UNCODED",
"ERROR_Gend-05","Gend-05","ERROR",
"NA_Gend-06","Gend-06","NA",
"exclusively_Gend-06","Gend-06","exclusively","#0d6fd1"
"non-exclusively_Gend-06","Gend-06","non exclusively","#462255"
"no_Gend-06","Gend-06","no","#e03a3a"
"?_Gend-06","Gend-06","?",
"UNCODED_Gend-06","Gend-06","UNCODED",
"ERROR_Gend-06","Gend-06","ERROR",
"NA_Gend-07","Gend-07","NA",
"yes_Gend-07","Gend-07","yes","#e03a3a"
"no_Gend-07","Gend-07","no","#b3b3b3"
"?_Gend-07","Gend-07","?",
"UNCODED_Gend-07","Gend-07","UNCODED",
"ERROR_Gend-07","Gend-07","ERROR",
"NA_Gend-08","Gend-08","NA",
"1-5_Gend-08","Gend-08","1-5","#0d6fd1"
"6-20_Gend-08","Gend-08","6-20","#462255"
"21-and-more_Gend-08","Gend-08","21 and more","#e03a3a"
"?_Gend-08","Gend-08","?",
"UNCODED_Gend-08","Gend-08","UNCODED",
"ERROR_Gend-08","Gend-08","ERROR",
"NA_Gend-09","Gend-09","NA",
"speaker_Gend-09","Gend-09","speaker","#f0c808"
"addressee_Gend-09","Gend-09","addressee","#0d6fd1"
"both_Gend-09","Gend-09","both","#e03a3a"
"mixed_Gend-09","Gend-09","mixed","#462255"
"?_Gend-09","Gend-09","?",
"UNCODED_Gend-09","Gend-09","UNCODED",
"ERROR_Gend-09","Gend-09","ERROR",
"NA_Gend-10","Gend-10","NA",
"exclusively_Gend-10","Gend-10","exclusively","#0d6fd1"
"non-exclusively_Gend-10","Gend-10","non exclusively","#462255"
"no_Gend-10","Gend-10","no","#e03a3a"
"?_Gend-10","Gend-10","?",
"UNCODED_Gend-10","Gend-10","UNCODED",
"ERROR_Gend-10","Gend-10","ERROR",
"NA_Gend-11","Gend-11","NA",
"exclusively_Gend-11","Gend-11","exclusively","#0d6fd1"
"non-exclusively_Gend-11","Gend-11","non exclusively","#462255"
"no_Gend-11","Gend-11","no","#e03a3a"
"?_Gend-11","Gend-11","?",
"UNCODED_Gend-11","Gend-11","UNCODED",
"ERROR_Gend-11","Gend-11","ERROR",
"yes_Glot-01","Glot-01","yes","#e03a3a"
"no_Glot-01","Glot-01","no","#b3b3b3"
"?_Glot-01","Glot-01","?",
"UNCODED_Glot-01","Glot-01","UNCODED",
"ERROR_Glot-01","Glot-01","ERROR",
"yes_Glot-01a","Glot-01a","yes","#e03a3a"
"no_Glot-01a","Glot-01a","no","#b3b3b3"
"?_Glot-01a","Glot-01a","?",
"UNCODED_Glot-01a","Glot-01a","UNCODED",
"ERROR_Glot-01a","Glot-01a","ERROR",
"yes_Glot-02","Glot-02","yes","#e03a3a"
"no_Glot-02","Glot-02","no","#b3b3b3"
"?_Glot-02","Glot-02","?",
"UNCODED_Glot-02","Glot-02","UNCODED",
"ERROR_Glot-02","Glot-02","ERROR",
"yes_Glot-03","Glot-03","yes","#e03a3a"
"no_Glot-03","Glot-03","no","#b3b3b3"
"?_Glot-03","Glot-03","?",
"UNCODED_Glot-03","Glot-03","UNCODED",
"ERROR_Glot-03","Glot-03","ERROR",
"yes_Glot-03a","Glot-03a","yes","#e03a3a"
"no_Glot-03a","Glot-03a","no","#b3b3b3"
"NA_Glot-03a","Glot-03a","NA",
"?_Glot-03a","Glot-03a","?",
"UNCODED_Glot-03a","Glot-03a","UNCODED",
"ERROR_Glot-03a","Glot-03a","ERROR",
"yes_Glot-04","Glot-04","yes","#e03a3a"
"no_Glot-04","Glot-04","no","#b3b3b3"
"?_Glot-04","Glot-04","?",
"UNCODED_Glot-04","Glot-04","UNCODED",
"ERROR_Glot-04","Glot-04","ERROR",
"yes_Glot-04a","Glot-04a","yes","#e03a3a"
"no_Glot-04a","Glot-04a","no","#b3b3b3"
"?_Glot-04a","Glot-04a","?",
"UNCODED_Glot-04a","Glot-04a","UNCODED",
"ERROR_Glot-04a","Glot-04a","ERROR",
"yes_Glot-04b","Glot-04b","yes","#e03a3a"
"no_Glot-04b","Glot-04b","no","#b3b3b3"
"NA_Glot-04b","Glot-04b","NA",
"?_Glot-04b","Glot-04b","?",
"UNCODED_Glot-04b","Glot-04b","UNCODED",
"ERROR_Glot-04b","Glot-04b","ERROR",
"yes_Glot-04c","Glot-04c","yes","#e03a3a"
"no_Glot-04c","Glot-04c","no","#b3b3b3"
"NA_Glot-04c","Glot-04c","NA",
"?_Glot-04c","Glot-04c","?",
"UNCODED_Glot-04c","Glot-04c","UNCODED",
"ERROR_Glot-04c","Glot-04c","ERROR",
"yes_Glot-05","Glot-05","yes","#e03a3a"
"no_Glot-05","Glot-05","no","#b3b3b3"
"?_Glot-05","Glot-05","?",
"UNCODED_Glot-05","Glot-05","UNCODED",
"ERROR_Glot-05","Glot-05","ERROR",
"yes_Glot-05a","Glot-05a","yes","#e03a3a"
"no_Glot-05a","Glot-05a","no","#b3b3b3"
"NA_Glot-05a","Glot-05a","NA",
"?_Glot-05a","Glot-05a","?",
"UNCODED_Glot-05a","Glot-05a","UNCODED",
"ERROR_Glot-05a","Glot-05a","ERROR",
"yes_Glot-06","Glot-06","yes","#e03a3a"
"no_Glot-06","Glot-06","no","#b3b3b3"
"?_Glot-06","Glot-06","?",
"UNCODED_Glot-06","Glot-06","UNCODED",
"ERROR_Glot-06","Glot-06","ERROR",
"yes_Glot-06a","Glot-06a","yes","#e03a3a"
"no_Glot-06a","Glot-06a","no","#b3b3b3"
"NA_Glot-06a","Glot-06a","NA",
"?_Glot-06a","Glot-06a","?",
"UNCODED_Glot-06a","Glot-06a","UNCODED",
"ERROR_Glot-06a","Glot-06a","ERROR",
"laterals-or-glides_Lat-01","Lat-01","laterals or glides","#0d6fd1"
"rhotic_Lat-01","Lat-01","rhotic","#1fa380"
"n-or-d_Lat-01","Lat-01","n or d","#e03a3a"
"n-or-d-and-rhotic_Lat-01","Lat-01","n or d and rhotic","#462255"
"no_Lat-01","Lat-01","no","#f0c808"
"?_Lat-01","Lat-01","?",
"UNCODED_Lat-01","Lat-01","UNCODED",
"ERROR_Lat-01","Lat-01","ERROR",
"yes_Lat-01a","Lat-01a","yes","#e03a3a"
"no_Lat-01a","Lat-01a","no","#b3b3b3"
"?_Lat-01a","Lat-01a","?",
"UNCODED_Lat-01a","Lat-01a","UNCODED",
"ERROR_Lat-01a","Lat-01a","ERROR",
"yes_Lat-01b","Lat-01b","yes","#e03a3a"
"no_Lat-01b","Lat-01b","no","#b3b3b3"
"?_Lat-01b","Lat-01b","?",
"UNCODED_Lat-01b","Lat-01b","UNCODED",
"ERROR_Lat-01b","Lat-01b","ERROR",
"laterals-or-glides_Lat-01c","Lat-01c","laterals or glides","#0d6fd1"
"rhotic_Lat-01c","Lat-01c","rhotic","#462255"
"n-or-d_Lat-01c","Lat-01c","n or d","#e03a3a"
"NA_Lat-01c","Lat-01c","NA",
"?_Lat-01c","Lat-01c","?",
"UNCODED_Lat-01c","Lat-01c","UNCODED",
"ERROR_Lat-01c","Lat-01c","ERROR",
"yes_Lat-02","Lat-02","yes","#e03a3a"
"no_Lat-02","Lat-02","no","#b3b3b3"
"?_Lat-02","Lat-02","?",
"UNCODED_Lat-02","Lat-02","UNCODED",
"ERROR_Lat-02","Lat-02","ERROR",
"yes_Lat-02a","Lat-02a","yes","#e03a3a"
"no_Lat-02a","Lat-02a","no","#b3b3b3"
"?_Lat-02a","Lat-02a","?",
"UNCODED_Lat-02a","Lat-02a","UNCODED",
"ERROR_Lat-02a","Lat-02a","ERROR",
"fricative_Lat-02b","Lat-02b","fricative","#0d6fd1"
"voiceless-approximant_Lat-02b","Lat-02b","voiceless-approximant","#e03a3a"
"NA_Lat-02b","Lat-02b","NA",
"?_Lat-02b","Lat-02b","?",
"UNCODED_Lat-02b","Lat-02b","UNCODED",
"ERROR_Lat-02b","Lat-02b","ERROR",
"yes_Lat-03","Lat-03","yes","#e03a3a"
"no_Lat-03","Lat-03","no","#b3b3b3"
"?_Lat-03","Lat-03","?",
"UNCODED_Lat-03","Lat-03","UNCODED",
"ERROR_Lat-03","Lat-03","ERROR",
"yes_Lat-04","Lat-04","yes","#e03a3a"
"no_Lat-04","Lat-04","no","#b3b3b3"
"?_Lat-04","Lat-04","?",
"UNCODED_Lat-04","Lat-04","UNCODED",
"ERROR_Lat-04","Lat-04","ERROR",
"NA_Lat-04a","Lat-04a","NA",
"yes_Lat-04a","Lat-04a","yes","#e03a3a"
"no_Lat-04a","Lat-04a","no","#b3b3b3"
"?_Lat-04a","Lat-04a","?",
"UNCODED_Lat-04a","Lat-04a","UNCODED",
"ERROR_Lat-04a","Lat-04a","ERROR",
"yes_Lat-04b","Lat-04b","yes","#e03a3a"
"no_Lat-04b","Lat-04b","no","#b3b3b3"
"NA_Lat-04b","Lat-04b","NA",
"?_Lat-04b","Lat-04b","?",
"UNCODED_Lat-04b","Lat-04b","UNCODED",
"ERROR_Lat-04b","Lat-04b","ERROR",
"yes_Lat-05","Lat-05","yes","#e03a3a"
"no_Lat-05","Lat-05","no","#b3b3b3"
"?_Lat-05","Lat-05","?",
"UNCODED_Lat-05","Lat-05","UNCODED",
"ERROR_Lat-05","Lat-05","ERROR",
"yes_Lat-05a","Lat-05a","yes","#e03a3a"
"no_Lat-05a","Lat-05a","no","#b3b3b3"
"NA_Lat-05a","Lat-05a","NA",
"?_Lat-05a","Lat-05a","?",
"UNCODED_Lat-05a","Lat-05a","UNCODED",
"ERROR_Lat-05a","Lat-05a","ERROR",
"yes_Lat-06","Lat-06","yes","#e03a3a"
"no_Lat-06","Lat-06","no","#b3b3b3"
"?_Lat-06","Lat-06","?",
"UNCODED_Lat-06","Lat-06","UNCODED",
"ERROR_Lat-06","Lat-06","ERROR",
"yes_MonPl-01","MonPl-01","yes","#e03a3a"
"no_MonPl-01","MonPl-01","no","#b3b3b3"
"?_MonPl-01","MonPl-01","?",
"UNCODED_MonPl-01","MonPl-01","UNCODED",
"ERROR_MonPl-01","MonPl-01","ERROR",
"yes_MonPl-02","MonPl-02","yes","#e03a3a"
"no_MonPl-02","MonPl-02","no","#b3b3b3"
"NA_MonPl-02","MonPl-02","NA",
"?_MonPl-02","MonPl-02","?",
"UNCODED_MonPl-02","MonPl-02","UNCODED",
"ERROR_MonPl-02","MonPl-02","ERROR",
"NA_MonPl-03","MonPl-03","NA",
"no_MonPl-03","MonPl-03","no","#e03a3a"
"s_MonPl-03","MonPl-03","s","#f0c808"
"a_MonPl-03","MonPl-03","a","#0d6fd1"
"p_MonPl-03","MonPl-03","p","#462255"
"?_MonPl-03","MonPl-03","?",
"UNCODED_MonPl-03","MonPl-03","UNCODED",
"ERROR_MonPl-03","MonPl-03","ERROR",
"yes_MonPl-03a","MonPl-03a","yes","#e03a3a"
"no_MonPl-03a","MonPl-03a","no","#b3b3b3"
"NA_MonPl-03a","MonPl-03a","NA",
"?_MonPl-03a","MonPl-03a","?",
"UNCODED_MonPl-03a","MonPl-03a","UNCODED",
"ERROR_MonPl-03a","MonPl-03a","ERROR",
"yes_MonPl-03b","MonPl-03b","yes","#e03a3a"
"no_MonPl-03b","MonPl-03b","no","#b3b3b3"
"NA_MonPl-03b","MonPl-03b","NA",
"?_MonPl-03b","MonPl-03b","?",
"UNCODED_MonPl-03b","MonPl-03b","UNCODED",
"ERROR_MonPl-03b","MonPl-03b","ERROR",
"yes_MonPl-03c","MonPl-03c","yes","#e03a3a"
"no_MonPl-03c","MonPl-03c","no","#b3b3b3"
"NA_MonPl-03c","MonPl-03c","NA",
"?_MonPl-03c","MonPl-03c","?",
"UNCODED_MonPl-03c","MonPl-03c","UNCODED",
"ERROR_MonPl-03c","MonPl-03c","ERROR",
"yes_MonPl-04","MonPl-04","yes","#e03a3a"
"no_MonPl-04","MonPl-04","no","#b3b3b3"
"NA_MonPl-04","MonPl-04","NA",
"?_MonPl-04","MonPl-04","?",
"UNCODED_MonPl-04","MonPl-04","UNCODED",
"ERROR_MonPl-04","MonPl-04","ERROR",
"NA_MonPl-05","MonPl-05","NA",
"no_MonPl-05","MonPl-05","no","#0d6fd1"
"sa_MonPl-05","MonPl-05","sa","#e03a3a"
"sp_MonPl-05","MonPl-05","sp","#f0c808"
"sap_MonPl-05","MonPl-05","sap","#462255"
"?_MonPl-05","MonPl-05","?",
"UNCODED_MonPl-05","MonPl-05","UNCODED",
"ERROR_MonPl-05","MonPl-05","ERROR",
"yes_MonPl-05a","MonPl-05a","yes","#e03a3a"
"no_MonPl-05a","MonPl-05a","no","#b3b3b3"
"NA_MonPl-05a","MonPl-05a","NA",
"?_MonPl-05a","MonPl-05a","?",
"UNCODED_MonPl-05a","MonPl-05a","UNCODED",
"ERROR_MonPl-05a","MonPl-05a","ERROR",
"yes_MonPl-05b","MonPl-05b","yes","#e03a3a"
"no_MonPl-05b","MonPl-05b","no","#b3b3b3"
"NA_MonPl-05b","MonPl-05b","NA",
"?_MonPl-05b","MonPl-05b","?",
"UNCODED_MonPl-05b","MonPl-05b","UNCODED",
"ERROR_MonPl-05b","MonPl-05b","ERROR",
"yes_MonPl-05c","MonPl-05c","yes","#e03a3a"
"no_MonPl-05c","MonPl-05c","no","#b3b3b3"
"NA_MonPl-05c","MonPl-05c","NA",
"?_MonPl-05c","MonPl-05c","?",
"UNCODED_MonPl-05c","MonPl-05c","UNCODED",
"ERROR_MonPl-05c","MonPl-05c","ERROR",
"yes_MonPl-05d","MonPl-05d","yes","#e03a3a"
"no_MonPl-05d","MonPl-05d","no","#b3b3b3"
"?_MonPl-05d","MonPl-05d","?",
"UNCODED_MonPl-05d","MonPl-05d","UNCODED",
"ERROR_MonPl-05d","MonPl-05d","ERROR",
"NA_MonPl-05e","MonPl-05e","NA",
"A-and-P_MonPl-05e","MonPl-05e","A and P","#e03a3a"
"A_MonPl-05e","MonPl-05e","A","#0d6fd1"
"P_MonPl-05e","MonPl-05e","P","#462255"
"?_MonPl-05e","MonPl-05e","?",
"UNCODED_MonPl-05e","MonPl-05e","UNCODED",
"ERROR_MonPl-05e","MonPl-05e","ERROR",
"NA_MonPl-06","MonPl-06","NA",
"adjective_MonPl-06","MonPl-06","adjective","#0d70d2"
"adposition_MonPl-06","MonPl-06","adposition","#a50092"
"adjective-adposition_MonPl-06","MonPl-06","adjective & adposition","#da3238"
"adverb_MonPl-06","MonPl-06","adverb","#b2581c"
"adjective-adverb_MonPl-06","MonPl-06","adjective & adverb","#3b6080"
"adposition-adverb_MonPl-06","MonPl-06","adposition & adverb","#d7b8be"
"adjective-adposition-adverb_MonPl-06","MonPl-06","adjective & adposition & adverb","#5f4265"
"demonstrative_MonPl-06","MonPl-06","demonstrative","#d27ad1"
"adjective-demonstrative_MonPl-06","MonPl-06","adjective & demonstrative","#563292"
"adposition-demonstrative_MonPl-06","MonPl-06","adposition & demonstrative","#cdc480"
"adjective-adposition-demonstrative_MonPl-06","MonPl-06","adjective & adposition & demonstrative","#9147b8"
"adverb-demonstrative_MonPl-06","MonPl-06","adverb & demonstrative","#6c4bb4"
"adjective-adverb-demonstrative_MonPl-06","MonPl-06","adjective & adverb & demonstrative","#536cd4"
"adposition-adverb-demonstrative_MonPl-06","MonPl-06","adposition & adverb & demonstrative","#60fbb4"
"adjective-adposition-adverb-demonstrative_MonPl-06","MonPl-06","adjective & adposition & adverb & demonstrative","#f4cb26"
"noun_MonPl-06","MonPl-06","noun","#778686"
"adjective-noun_MonPl-06","MonPl-06","adjective & noun","#f4e090"
"adposition-noun_MonPl-06","MonPl-06","adposition & noun","#ca580d"
"adjective-adposition-noun_MonPl-06","MonPl-06","adjective & adposition & noun","#c4e9e8"
"adverb-noun_MonPl-06","MonPl-06","adverb & noun","#9f6082"
"adjective-adverb-noun_MonPl-06","MonPl-06","adjective & adverb & noun","#72380d"
"adposition-adverb-noun_MonPl-06","MonPl-06","adposition & adverb & noun","#9b4def"
"adjective-adposition-adverb-noun_MonPl-06","MonPl-06","adjective & adposition & adverb & noun","#8177c0"
"demonstrative-noun_MonPl-06","MonPl-06","demonstrative & noun","#d868fc"
"adjective-demonstrative-noun_MonPl-06","MonPl-06","adjective & demonstrative & noun","#a565cb"
"adposition-demonstrative-noun_MonPl-06","MonPl-06","adposition & demonstrative & noun","#4fc249"
"adjective-adposition-demonstrative-noun_MonPl-06","MonPl-06","adjective & adposition & demonstrative & noun","#a42600"
"adverb-demonstrative-noun_MonPl-06","MonPl-06","adverb & demonstrative & noun","#9c1cca"
"adjective-adverb-demonstrative-noun_MonPl-06","MonPl-06","adjective & adverb & demonstrative & noun","#c17aab"
"adposition-adverb-demonstrative-noun_MonPl-06","MonPl-06","adposition & adverb & demonstrative & noun","#d1e985"
"adjective-adposition-adverb-demonstrative-noun_MonPl-06","MonPl-06","adjective & adposition & adverb & demonstrative & noun","#1ca783"
"numeral_MonPl-06","MonPl-06","numeral","#3dc2c8"
"adjective-numeral_MonPl-06","MonPl-06","adjective & numeral","#2e718e"
"adposition-numeral_MonPl-06","MonPl-06","adposition & numeral","#bc5fe1"
"adjective-adposition-numeral_MonPl-06","MonPl-06","adjective & adposition & numeral","#f556e4"
"adverb-numeral_MonPl-06","MonPl-06","adverb & numeral","#ff774b"
"adjective-adverb-numeral_MonPl-06","MonPl-06","adjective & adverb & numeral","#c29fa3"
"adposition-adverb-numeral_MonPl-06","MonPl-06","adposition & adverb & numeral","#bce48e"
"adjective-adposition-adverb-numeral_MonPl-06","MonPl-06","adjective & adposition & adverb & numeral","#a0b4d1"
"demonstrative-numeral_MonPl-06","MonPl-06","demonstrative & numeral","#e5b300"
"adjective-demonstrative-numeral_MonPl-06","MonPl-06","adjective & demonstrative & numeral","#4fb266"
"adposition-demonstrative-numeral_MonPl-06","MonPl-06","adposition & demonstrative & numeral","#cdd742"
"adjective-adposition-demonstrative-numeral_MonPl-06","MonPl-06","adjective & adposition & demonstrative & numeral","#d8e8ad"
"adverb-demonstrative-numeral_MonPl-06","MonPl-06","adverb & demonstrative & numeral","#6abea8"
"adjective-adverb-demonstrative-numeral_MonPl-06","MonPl-06","adjective & adverb & demonstrative & numeral","#f4538a"
"adposition-adverb-demonstrative-numeral_MonPl-06","MonPl-06","adposition & adverb & demonstrative & numeral","#63e18c"
"adjective-adposition-adverb-demonstrative-numeral_MonPl-06","MonPl-06","adjective & adposition & adverb & demonstrative & numeral","#9626e4"
"noun-numeral_MonPl-06","MonPl-06","noun & numeral","#7fbf94"
"adjective-noun-numeral_MonPl-06","MonPl-06","adjective & noun & numeral","#846e82"
"adposition-noun-numeral_MonPl-06","MonPl-06","adposition & noun & numeral","#830dde"
"adjective-adposition-noun-numeral_MonPl-06","MonPl-06","adjective & adposition & noun & numeral","#62f3c8"
"adverb-noun-numeral_MonPl-06","MonPl-06","adverb & noun & numeral","#7fbc22"
"adjective-adverb-noun-numeral_MonPl-06","MonPl-06","adjective & adverb & noun & numeral","#825fed"
"adposition-adverb-noun-numeral_MonPl-06","MonPl-06","adposition & adverb & noun & numeral","#8fa684"
"adjective-adposition-adverb-noun-numeral_MonPl-06","MonPl-06","adjective & adposition & adverb & noun & numeral","#d68122"
"demonstrative-noun-numeral_MonPl-06","MonPl-06","demonstrative & noun & numeral","#ed8dc0"
"adjective-demonstrative-noun-numeral_MonPl-06","MonPl-06","adjective & demonstrative & noun & numeral","#557c2a"
"adposition-demonstrative-noun-numeral_MonPl-06","MonPl-06","adposition & demonstrative & noun & numeral","#d3721c"
"adjective-adposition-demonstrative-noun-numeral_MonPl-06","MonPl-06","adjective & adposition & demonstrative & noun & numeral","#ebe2b1"
"adverb-demonstrative-noun-numeral_MonPl-06","MonPl-06","adverb & demonstrative & noun & numeral","#66cf9c"
"adjective-adverb-demonstrative-noun-numeral_MonPl-06","MonPl-06","adjective & adverb & demonstrative & noun & numeral","#8baf49"
"adposition-adverb-demonstrative-noun-numeral_MonPl-06","MonPl-06","adposition & adverb & demonstrative & noun & numeral","#ea4f3d"
"adjective-adposition-adverb-demonstrative-noun-numeral_MonPl-06","MonPl-06","adjective & adposition & adverb & demonstrative & noun & numeral","#e138ad"
"oblique_MonPl-06","MonPl-06","oblique","#b199fe"
"adjective-oblique_MonPl-06","MonPl-06","adjective & oblique","#72478a"
"adposition-oblique_MonPl-06","MonPl-06","adposition & oblique","#897147"
"adjective-adposition-oblique_MonPl-06","MonPl-06","adjective & adposition & oblique","#26af4f"
"adverb-oblique_MonPl-06","MonPl-06","adverb & oblique","#8fe049"
"adjective-adverb-oblique_MonPl-06","MonPl-06","adjective & adverb & oblique","#f25c1c"
"adposition-adverb-oblique_MonPl-06","MonPl-06","adposition & adverb & oblique","#a300e8"
"adjective-adposition-adverb-oblique_MonPl-06","MonPl-06","adjective & adposition & adverb & oblique","#fd7e47"
"demonstrative-oblique_MonPl-06","MonPl-06","demonstrative & oblique","#897a35"
"adjective-demonstrative-oblique_MonPl-06","MonPl-06","adjective & demonstrative & oblique","#ffa2bd"
"adposition-demonstrative-oblique_MonPl-06","MonPl-06","adposition & demonstrative & oblique","#9c8f78"
"adjective-adposition-demonstrative-oblique_MonPl-06","MonPl-06","adjective & adposition & demonstrative & oblique","#89227f"
"adverb-demonstrative-oblique_MonPl-06","MonPl-06","adverb & demonstrative & oblique","#be90d4"
"adjective-adverb-demonstrative-oblique_MonPl-06","MonPl-06","adjective & adverb & demonstrative & oblique","#ebaa5f"
"adposition-adverb-demonstrative-oblique_MonPl-06","MonPl-06","adposition & adverb & demonstrative & oblique","#9479e2"
"adjective-adposition-adverb-demonstrative-oblique_MonPl-06","MonPl-06","adjective & adposition & adverb & demonstrative & oblique","#2ebb76"
"noun-oblique_MonPl-06","MonPl-06","noun & oblique","#b98dea"
"adjective-noun-oblique_MonPl-06","MonPl-06","adjective & noun & oblique","#d16dad"
"adposition-noun-oblique_MonPl-06","MonPl-06","adposition & noun & oblique","#728396"
"adjective-adposition-noun-oblique_MonPl-06","MonPl-06","adjective & adposition & noun & oblique","#bdd7fb"
"adverb-noun-oblique_MonPl-06","MonPl-06","adverb & noun & oblique","#4b6092"
"adjective-adverb-noun-oblique_MonPl-06","MonPl-06","adjective & adverb & noun & oblique","#8f32bc"
"adposition-adverb-noun-oblique_MonPl-06","MonPl-06","adposition & adverb & noun & oblique","#d2d7c0"
"adjective-adposition-adverb-noun-oblique_MonPl-06","MonPl-06","adjective & adposition & adverb & noun & oblique","#429953"
"demonstrative-noun-oblique_MonPl-06","MonPl-06","demonstrative & noun & oblique","#0de6df"
"adjective-demonstrative-noun-oblique_MonPl-06","MonPl-06","adjective & demonstrative & noun & oblique","#eb79bc"
"adposition-demonstrative-noun-oblique_MonPl-06","MonPl-06","adposition & demonstrative & noun & oblique","#a77660"
"adjective-adposition-demonstrative-noun-oblique_MonPl-06","MonPl-06","adjective & adposition & demonstrative & noun & oblique","#8bdd65"
"adverb-demonstrative-noun-oblique_MonPl-06","MonPl-06","adverb & demonstrative & noun & oblique","#e8a2a9"
"adjective-adverb-demonstrative-noun-oblique_MonPl-06","MonPl-06","adjective & adverb & demonstrative & noun & oblique","#b055fe"
"adposition-adverb-demonstrative-noun-oblique_MonPl-06","MonPl-06","adposition & adverb & demonstrative & noun & oblique","#97c389"
"adjective-adposition-adverb-demonstrative-noun-oblique_MonPl-06","MonPl-06","adjective & adposition & adverb & demonstrative & noun & oblique","#fb76f0"
"numeral-oblique_MonPl-06","MonPl-06","numeral & oblique","#95f3c8"
"adjective-numeral-oblique_MonPl-06","MonPl-06","adjective & numeral & oblique","#95ae62"
"adposition-numeral-oblique_MonPl-06","MonPl-06","adposition & numeral & oblique","#7fa5e9"
"adjective-adposition-numeral-oblique_MonPl-06","MonPl-06","adjective & adposition & numeral & oblique","#8aa168"
"adverb-numeral-oblique_MonPl-06","MonPl-06","adverb & numeral & oblique","#66cba3"
"adjective-adverb-numeral-oblique_MonPl-06","MonPl-06","adjective & adverb & numeral & oblique","#a3a962"
"adposition-adverb-numeral-oblique_MonPl-06","MonPl-06","adposition & adverb & numeral & oblique","#554f8a"
"adjective-adposition-adverb-numeral-oblique_MonPl-06","MonPl-06","adjective & adposition & adverb & numeral & oblique","#78d0ff"
"demonstrative-numeral-oblique_MonPl-06","MonPl-06","demonstrative & numeral & oblique","#b873af"
"adjective-demonstrative-numeral-oblique_MonPl-06","MonPl-06","adjective & demonstrative & numeral & oblique","#9fcbd6"
"adposition-demonstrative-numeral-oblique_MonPl-06","MonPl-06","adposition & demonstrative & numeral & oblique","#9b5acb"
"adjective-adposition-demonstrative-numeral-oblique_MonPl-06","MonPl-06","adjective & adposition & demonstrative & numeral & oblique","#f68f9c"
"adverb-demonstrative-numeral-oblique_MonPl-06","MonPl-06","adverb & demonstrative & numeral & oblique","#d58876"
"adjective-adverb-demonstrative-numeral-oblique_MonPl-06","MonPl-06","adjective & adverb & demonstrative & numeral & oblique","#e6dbf4"
"adposition-adverb-demonstrative-numeral-oblique_MonPl-06","MonPl-06","adposition & adverb & demonstrative & numeral & oblique","#a88f6d"
"adjective-adposition-adverb-demonstrative-numeral-oblique_MonPl-06","MonPl-06","adjective & adposition & adverb & demonstrative & numeral & oblique","#cd9876"
"noun-numeral-oblique_MonPl-06","MonPl-06","noun & numeral & oblique","#51ba51"
"adjective-noun-numeral-oblique_MonPl-06","MonPl-06","adjective & noun & numeral & oblique","#d4c29f"
"adposition-noun-numeral-oblique_MonPl-06","MonPl-06","adposition & noun & numeral & oblique","#d13b9f"
"adjective-adposition-noun-numeral-oblique_MonPl-06","MonPl-06","adjective & adposition & noun & numeral & oblique","#7f519f"
"adverb-noun-numeral-oblique_MonPl-06","MonPl-06","adverb & noun & numeral & oblique","#757a3d"
"adjective-adverb-noun-numeral-oblique_MonPl-06","MonPl-06","adjective & adverb & noun & numeral & oblique","#fc94ce"
"adposition-adverb-noun-numeral-oblique_MonPl-06","MonPl-06","adposition & adverb & noun & numeral & oblique","#7584a4"
"adjective-adposition-adverb-noun-numeral-oblique_MonPl-06","MonPl-06","adjective & adposition & adverb & noun & numeral & oblique","#ad2e53"
"demonstrative-noun-numeral-oblique_MonPl-06","MonPl-06","demonstrative & noun & numeral & oblique","#fbb899"
"adjective-demonstrative-noun-numeral-oblique_MonPl-06","MonPl-06","adjective & demonstrative & noun & numeral & oblique","#bd5616"
"adposition-demonstrative-noun-numeral-oblique_MonPl-06","MonPl-06","adposition & demonstrative & noun & numeral & oblique","#e2888c"
"adjective-adposition-demonstrative-noun-numeral-oblique_MonPl-06","MonPl-06","adjective & adposition & demonstrative & noun & numeral & oblique","#d29faf"
"adverb-demonstrative-noun-numeral-oblique_MonPl-06","MonPl-06","adverb & demonstrative & noun & numeral & oblique","#d5c1c9"
"adjective-adverb-demonstrative-noun-numeral-oblique_MonPl-06","MonPl-06","adjective & adverb & demonstrative & noun & numeral & oblique","#b25851"
"adposition-adverb-demonstrative-noun-numeral-oblique_MonPl-06","MonPl-06","adposition & adverb & demonstrative & noun & numeral & oblique","#4fcd66"
"adjective-adposition-adverb-demonstrative-noun-numeral-oblique_MonPl-06","MonPl-06","adjective & adposition & adverb & demonstrative & noun & numeral & oblique","#0dfc00"
"particle_MonPl-06","MonPl-06","particle","#cd4db6"
"adjective-particle_MonPl-06","MonPl-06","adjective & particle","#f3a7a7"
"adposition-particle_MonPl-06","MonPl-06","adposition & particle","#00c7d2"
"adjective-adposition-particle_MonPl-06","MonPl-06","adjective & adposition & particle","#b23dae"
"adverb-particle_MonPl-06","MonPl-06","adverb & particle","#fbcb49"
"adjective-adverb-particle_MonPl-06","MonPl-06","adjective & adverb & particle","#0032fb"
"adposition-adverb-particle_MonPl-06","MonPl-06","adposition & adverb & particle","#e77ca3"
"adjective-adposition-adverb-particle_MonPl-06","MonPl-06","adjective & adposition & adverb & particle","#cf922a"
"demonstrative-particle_MonPl-06","MonPl-06","demonstrative & particle","#fd7dfb"
"adjective-demonstrative-particle_MonPl-06","MonPl-06","adjective & demonstrative & particle","#aed1a0"
"adposition-demonstrative-particle_MonPl-06","MonPl-06","adposition & demonstrative & particle","#dfca76"
"adjective-adposition-demonstrative-particle_MonPl-06","MonPl-06","adjective & adposition & demonstrative & particle","#0d918d"
"adverb-demonstrative-particle_MonPl-06","MonPl-06","adverb & demonstrative & particle","#af60cd"
"adjective-adverb-demonstrative-particle_MonPl-06","MonPl-06","adjective & adverb & demonstrative & particle","#a3b9e3"
"adposition-adverb-demonstrative-particle_MonPl-06","MonPl-06","adposition & adverb & demonstrative & particle","#986e70"
"adjective-adposition-adverb-demonstrative-particle_MonPl-06","MonPl-06","adjective & adposition & adverb & demonstrative & particle","#dae96c"
"noun-particle_MonPl-06","MonPl-06","noun & particle","#c7e4eb"
"adjective-noun-particle_MonPl-06","MonPl-06","adjective & noun & particle","#7dad00"
"adposition-noun-particle_MonPl-06","MonPl-06","adposition & noun & particle","#d79fda"
"adjective-adposition-noun-particle_MonPl-06","MonPl-06","adjective & adposition & noun & particle","#6ee300"
"adverb-noun-particle_MonPl-06","MonPl-06","adverb & noun & particle","#ca56fd"
"adjective-adverb-noun-particle_MonPl-06","MonPl-06","adjective & adverb & noun & particle","#6af8e3"
"adposition-adverb-noun-particle_MonPl-06","MonPl-06","adposition & adverb & noun & particle","#857f63"
"adjective-adposition-adverb-noun-particle_MonPl-06","MonPl-06","adjective & adposition & adverb & noun & particle","#00c256"
"demonstrative-noun-particle_MonPl-06","MonPl-06","demonstrative & noun & particle","#c8a4b3"
"adjective-demonstrative-noun-particle_MonPl-06","MonPl-06","adjective & demonstrative & noun & particle","#553880"
"adposition-demonstrative-noun-particle_MonPl-06","MonPl-06","adposition & demonstrative & noun & particle","#9d8c26"
"adjective-adposition-demonstrative-noun-particle_MonPl-06","MonPl-06","adjective & adposition & demonstrative & noun & particle","#a84f60"
"adverb-demonstrative-noun-particle_MonPl-06","MonPl-06","adverb & demonstrative & noun & particle","#2670f1"
"adjective-adverb-demonstrative-noun-particle_MonPl-06","MonPl-06","adjective & adverb & demonstrative & noun & particle","#b58e60"
"adposition-adverb-demonstrative-noun-particle_MonPl-06","MonPl-06","adposition & adverb & demonstrative & noun & particle","#359587"
"adjective-adposition-adverb-demonstrative-noun-particle_MonPl-06","MonPl-06","adjective & adposition & adverb & demonstrative & noun & particle","#9e70af"
"numeral-particle_MonPl-06","MonPl-06","numeral & particle","#9f82a3"
"adjective-numeral-particle_MonPl-06","MonPl-06","adjective & numeral & particle","#9b9f68"
"adposition-numeral-particle_MonPl-06","MonPl-06","adposition & numeral & particle","#fdd582"
"adjective-adposition-numeral-particle_MonPl-06","MonPl-06","adjective & adposition & numeral & particle","#e25a49"
"adverb-numeral-particle_MonPl-06","MonPl-06","adverb & numeral & particle","#1c657a"
"adjective-adverb-numeral-particle_MonPl-06","MonPl-06","adjective & adverb & numeral & particle","#267da5"
"adposition-adverb-numeral-particle_MonPl-06","MonPl-06","adposition & adverb & numeral & particle","#77acfe"
"adjective-adposition-adverb-numeral-particle_MonPl-06","MonPl-06","adjective & adposition & adverb & numeral & particle","#884245"
"demonstrative-numeral-particle_MonPl-06","MonPl-06","demonstrative & numeral & particle","#9c5189"
"adjective-demonstrative-numeral-particle_MonPl-06","MonPl-06","adjective & demonstrative & numeral & particle","#9dd96a"
"adposition-demonstrative-numeral-particle_MonPl-06","MonPl-06","adposition & demonstrative & numeral & particle","#c7cece"
"adjective-adposition-demonstrative-numeral-particle_MonPl-06","MonPl-06","adjective & adposition & demonstrative & numeral & particle","#8f9896"
"adverb-demonstrative-numeral-particle_MonPl-06","MonPl-06","adverb & demonstrative & numeral & particle","#0dbf95"
"adjective-adverb-demonstrative-numeral-particle_MonPl-06","MonPl-06","adjective & adverb & demonstrative & numeral & particle","#bc8577"
"adposition-adverb-demonstrative-numeral-particle_MonPl-06","MonPl-06","adposition & adverb & demonstrative & numeral & particle","#664000"
"adjective-adposition-adverb-demonstrative-numeral-particle_MonPl-06","MonPl-06","adjective & adposition & adverb & demonstrative & numeral & particle","#792e90"
"noun-numeral-particle_MonPl-06","MonPl-06","noun & numeral & particle","#b1359e"
"adjective-noun-numeral-particle_MonPl-06","MonPl-06","adjective & noun & numeral & particle","#f83293"
"adposition-noun-numeral-particle_MonPl-06","MonPl-06","adposition & noun & numeral & particle","#eeb65c"
"adjective-adposition-noun-numeral-particle_MonPl-06","MonPl-06","adjective & adposition & noun & numeral & particle","#bdf193"
"adverb-noun-numeral-particle_MonPl-06","MonPl-06","adverb & noun & numeral & particle","#bf4bce"
"adjective-adverb-noun-numeral-particle_MonPl-06","MonPl-06","adjective & adverb & noun & numeral & particle","#823de0"
"adposition-adverb-noun-numeral-particle_MonPl-06","MonPl-06","adposition & adverb & noun & numeral & particle","#bc60aa"
"adjective-adposition-adverb-noun-numeral-particle_MonPl-06","MonPl-06","adjective & adposition & adverb & noun & numeral & particle","#9d4975"
"demonstrative-noun-numeral-particle_MonPl-06","MonPl-06","demonstrative & noun & numeral & particle","#b99b84"
"adjective-demonstrative-noun-numeral-particle_MonPl-06","MonPl-06","adjective & demonstrative & noun & numeral & particle","#d3d556"
"adposition-demonstrative-noun-numeral-particle_MonPl-06","MonPl-06","adposition & demonstrative & noun & numeral & particle","#d4e4d1"
"adjective-adposition-demonstrative-noun-numeral-particle_MonPl-06","MonPl-06","adjective & adposition & demonstrative & noun & numeral & particle","#99eefb"
"adverb-demonstrative-noun-numeral-particle_MonPl-06","MonPl-06","adverb & demonstrative & noun & numeral & particle","#e842f7"
"adjective-adverb-demonstrative-noun-numeral-particle_MonPl-06","MonPl-06","adjective & adverb & demonstrative & noun & numeral & particle","#de6335"
"adposition-adverb-demonstrative-noun-numeral-particle_MonPl-06","MonPl-06","adposition & adverb & demonstrative & noun & numeral & particle","#d46584"
"adjective-adposition-adverb-demonstrative-noun-numeral-particle_MonPl-06","MonPl-06","adjective & adposition & adverb & demonstrative & noun & numeral & particle","#feddaa"
"oblique-particle_MonPl-06","MonPl-06","oblique & particle","#f788a7"
"adjective-oblique-particle_MonPl-06","MonPl-06","adjective & oblique & particle","#c8d9f5"
"adposition-oblique-particle_MonPl-06","MonPl-06","adposition & oblique & particle","#e57d68"
"adjective-adposition-oblique-particle_MonPl-06","MonPl-06","adjective & adposition & oblique & particle","#af425f"
"adverb-oblique-particle_MonPl-06","MonPl-06","adverb & oblique & particle","#eed7ef"
"adjective-adverb-oblique-particle_MonPl-06","MonPl-06","adjective & adverb & oblique & particle","#9c3526"
"adposition-adverb-oblique-particle_MonPl-06","MonPl-06","adposition & adverb & oblique & particle","#ab7dc5"
"adjective-adposition-adverb-oblique-particle_MonPl-06","MonPl-06","adjective & adposition & adverb & oblique & particle","#b400ae"
"demonstrative-oblique-particle_MonPl-06","MonPl-06","demonstrative & oblique & particle","#fe6545"
"adjective-demonstrative-oblique-particle_MonPl-06","MonPl-06","adjective & demonstrative & oblique & particle","#bdaf6e"
"adposition-demonstrative-oblique-particle_MonPl-06","MonPl-06","adposition & demonstrative & oblique & particle","#dda7d8"
"adjective-adposition-demonstrative-oblique-particle_MonPl-06","MonPl-06","adjective & adposition & demonstrative & oblique & particle","#b4e3c2"
"adverb-demonstrative-oblique-particle_MonPl-06","MonPl-06","adverb & demonstrative & oblique & particle","#a1513b"
"adjective-adverb-demonstrative-oblique-particle_MonPl-06","MonPl-06","adjective & adverb & demonstrative & oblique & particle","#e29426"
"adposition-adverb-demonstrative-oblique-particle_MonPl-06","MonPl-06","adposition & adverb & demonstrative & oblique & particle","#cd98f0"
"adjective-adposition-adverb-demonstrative-oblique-particle_MonPl-06","MonPl-06","adjective & adposition & adverb & demonstrative & oblique & particle","#385a6a"
"noun-oblique-particle_MonPl-06","MonPl-06","noun & oblique & particle","#c5695d"
"adjective-noun-oblique-particle_MonPl-06","MonPl-06","adjective & noun & oblique & particle","#febf82"
"adposition-noun-oblique-particle_MonPl-06","MonPl-06","adposition & noun & oblique & particle","#51796a"
"adjective-adposition-noun-oblique-particle_MonPl-06","MonPl-06","adjective & adposition & noun & oblique & particle","#e09abe"
"adverb-noun-oblique-particle_MonPl-06","MonPl-06","adverb & noun & oblique & particle","#e00083"
"adjective-adverb-noun-oblique-particle_MonPl-06","MonPl-06","adjective & adverb & noun & oblique & particle","#daa8a6"
"adposition-adverb-noun-oblique-particle_MonPl-06","MonPl-06","adposition & adverb & noun & oblique & particle","#f3472e"
"adjective-adposition-adverb-noun-oblique-particle_MonPl-06","MonPl-06","adjective & adposition & adverb & noun & oblique & particle","#58bed9"
"demonstrative-noun-oblique-particle_MonPl-06","MonPl-06","demonstrative & noun & oblique & particle","#e5b6d0"
"adjective-demonstrative-noun-oblique-particle_MonPl-06","MonPl-06","adjective & demonstrative & noun & oblique & particle","#8d725c"
"adposition-demonstrative-noun-oblique-particle_MonPl-06","MonPl-06","adposition & demonstrative & noun & oblique & particle","#c0923d"
"adjective-adposition-demonstrative-noun-oblique-particle_MonPl-06","MonPl-06","adjective & adposition & demonstrative & noun & oblique & particle","#af8efc"
"adverb-demonstrative-noun-oblique-particle_MonPl-06","MonPl-06","adverb & demonstrative & noun & oblique & particle","#3888c5"
"adjective-adverb-demonstrative-noun-oblique-particle_MonPl-06","MonPl-06","adjective & adverb & demonstrative & noun & oblique & particle","#6240da"
"adposition-adverb-demonstrative-noun-oblique-particle_MonPl-06","MonPl-06","adposition & adverb & demonstrative & noun & oblique & particle","#fdc0d0"
"adjective-adposition-adverb-demonstrative-noun-oblique-particle_MonPl-06","MonPl-06","adjective & adposition & adverb & demonstrative & noun & oblique & particle","#b8b547"
"numeral-oblique-particle_MonPl-06","MonPl-06","numeral & oblique & particle","#4b26d8"
"adjective-numeral-oblique-particle_MonPl-06","MonPl-06","adjective & numeral & oblique & particle","#ddd89a"
"adposition-numeral-oblique-particle_MonPl-06","MonPl-06","adposition & numeral & oblique & particle","#b41658"
"adjective-adposition-numeral-oblique-particle_MonPl-06","MonPl-06","adjective & adposition & numeral & oblique & particle","#8585fc"
"adverb-numeral-oblique-particle_MonPl-06","MonPl-06","adverb & numeral & oblique & particle","#94d7de"
"adjective-adverb-numeral-oblique-particle_MonPl-06","MonPl-06","adjective & adverb & numeral & oblique & particle","#8ec7f3"
"adposition-adverb-numeral-oblique-particle_MonPl-06","MonPl-06","adposition & adverb & numeral & oblique & particle","#eaa680"
"adjective-adposition-adverb-numeral-oblique-particle_MonPl-06","MonPl-06","adjective & adposition & adverb & numeral & oblique & particle","#cdbbd6"
"demonstrative-numeral-oblique-particle_MonPl-06","MonPl-06","demonstrative & numeral & oblique & particle","#c04f94"
"adjective-demonstrative-numeral-oblique-particle_MonPl-06","MonPl-06","adjective & demonstrative & numeral & oblique & particle","#940000"
"adposition-demonstrative-numeral-oblique-particle_MonPl-06","MonPl-06","adposition & demonstrative & numeral & oblique & particle","#9b88b0"
"adjective-adposition-demonstrative-numeral-oblique-particle_MonPl-06","MonPl-06","adjective & adposition & demonstrative & numeral & oblique & particle","#6c5a9b"
"adverb-demonstrative-numeral-oblique-particle_MonPl-06","MonPl-06","adverb & demonstrative & numeral & oblique & particle","#cde471"
"adjective-adverb-demonstrative-numeral-oblique-particle_MonPl-06","MonPl-06","adjective & adverb & demonstrative & numeral & oblique & particle","#df1c40"
"adposition-adverb-demonstrative-numeral-oblique-particle_MonPl-06","MonPl-06","adposition & adverb & demonstrative & numeral & oblique & particle","#4dbded"
"adjective-adposition-adverb-demonstrative-numeral-oblique-particle_MonPl-06","MonPl-06","adjective & adposition & adverb & demonstrative & numeral & oblique & particle","#eb8b68"
"noun-numeral-oblique-particle_MonPl-06","MonPl-06","noun & numeral & oblique & particle","#919cfe"
"adjective-noun-numeral-oblique-particle_MonPl-06","MonPl-06","adjective & noun & numeral & oblique & particle","#708b38"
"adposition-noun-numeral-oblique-particle_MonPl-06","MonPl-06","adposition & noun & numeral & oblique & particle","#8e5a9e"
"adjective-adposition-noun-numeral-oblique-particle_MonPl-06","MonPl-06","adjective & adposition & noun & numeral & oblique & particle","#e578ac"
"adverb-noun-numeral-oblique-particle_MonPl-06","MonPl-06","adverb & noun & numeral & oblique & particle","#407c69"
"adjective-adverb-noun-numeral-oblique-particle_MonPl-06","MonPl-06","adjective & adverb & noun & numeral & oblique & particle","#cfa5be"
"adposition-adverb-noun-numeral-oblique-particle_MonPl-06","MonPl-06","adposition & adverb & noun & numeral & oblique & particle","#c29379"
"adjective-adposition-adverb-noun-numeral-oblique-particle_MonPl-06","MonPl-06","adjective & adposition & adverb & noun & numeral & oblique & particle","#ae9bc8"
"demonstrative-noun-numeral-oblique-particle_MonPl-06","MonPl-06","demonstrative & noun & numeral & oblique & particle","#cb5c58"
"adjective-demonstrative-noun-numeral-oblique-particle_MonPl-06","MonPl-06","adjective & demonstrative & noun & numeral & oblique & particle","#45921c"
"adposition-demonstrative-noun-numeral-oblique-particle_MonPl-06","MonPl-06","adposition & demonstrative & noun & numeral & oblique & particle","#f2d1fd"
"adjective-adposition-demonstrative-noun-numeral-oblique-particle_MonPl-06","MonPl-06","adjective & adposition & demonstrative & noun & numeral & oblique & particle","#ad4595"
"adverb-demonstrative-noun-numeral-oblique-particle_MonPl-06","MonPl-06","adverb & demonstrative & noun & numeral & oblique & particle","#ff90f3"
"adjective-adverb-demonstrative-noun-numeral-oblique-particle_MonPl-06","MonPl-06","adjective & adverb & demonstrative & noun & numeral & oblique & particle","#5aa78c"
"adposition-adverb-demonstrative-noun-numeral-oblique-particle_MonPl-06","MonPl-06","adposition & adverb & demonstrative & noun & numeral & oblique & particle","#f4b6e7"
"adjective-adposition-adverb-demonstrative-noun-numeral-oblique-particle_MonPl-06","MonPl-06","adjective & adposition & adverb & demonstrative & noun & numeral & oblique & particle","#cd16fc"
"pronoun_MonPl-06","MonPl-06","pronoun","#6efb7d"
"adjective-pronoun_MonPl-06","MonPl-06","adjective & pronoun","#8a4d58"
"adposition-pronoun_MonPl-06","MonPl-06","adposition & pronoun","#af45c8"
"adjective-adposition-pronoun_MonPl-06","MonPl-06","adjective & adposition & pronoun","#c80d73"
"adverb-pronoun_MonPl-06","MonPl-06","adverb & pronoun","#fcc2e8"
"adjective-adverb-pronoun_MonPl-06","MonPl-06","adjective & adverb & pronoun","#5571e5"
"adposition-adverb-pronoun_MonPl-06","MonPl-06","adposition & adverb & pronoun","#ff6a7a"
"adjective-adposition-adverb-pronoun_MonPl-06","MonPl-06","adjective & adposition & adverb & pronoun","#387555"
"demonstrative-pronoun_MonPl-06","MonPl-06","demonstrative & pronoun","#fcbc6c"
"adjective-demonstrative-pronoun_MonPl-06","MonPl-06","adjective & demonstrative & pronoun","#4d8a60"
"adposition-demonstrative-pronoun_MonPl-06","MonPl-06","adposition & demonstrative & pronoun","#2e4bc7"
"adjective-adposition-demonstrative-pronoun_MonPl-06","MonPl-06","adjective & adposition & demonstrative & pronoun","#942e72"
"adverb-demonstrative-pronoun_MonPl-06","MonPl-06","adverb & demonstrative & pronoun","#ecc0ea"
"adjective-adverb-demonstrative-pronoun_MonPl-06","MonPl-06","adjective & adverb & demonstrative & pronoun","#9f5f63"
"adposition-adverb-demonstrative-pronoun_MonPl-06","MonPl-06","adposition & adverb & demonstrative & pronoun","#f15172"
"adjective-adposition-adverb-demonstrative-pronoun_MonPl-06","MonPl-06","adjective & adposition & adverb & demonstrative & pronoun","#c55686"
"noun-pronoun_MonPl-06","MonPl-06","noun & pronoun","#49cbb2"
"adjective-noun-pronoun_MonPl-06","MonPl-06","adjective & noun & pronoun","#45f632"
"adposition-noun-pronoun_MonPl-06","MonPl-06","adposition & noun & pronoun","#98ad9e"
"adjective-adposition-noun-pronoun_MonPl-06","MonPl-06","adjective & adposition & noun & pronoun","#fe8766"
"adverb-noun-pronoun_MonPl-06","MonPl-06","adverb & noun & pronoun","#80d5bb"
"adjective-adverb-noun-pronoun_MonPl-06","MonPl-06","adjective & adverb & noun & pronoun","#a45f7c"
"adposition-adverb-noun-pronoun_MonPl-06","MonPl-06","adposition & adverb & noun & pronoun","#6956b2"
"adjective-adposition-adverb-noun-pronoun_MonPl-06","MonPl-06","adjective & adposition & adverb & noun & pronoun","#b25d38"
"demonstrative-noun-pronoun_MonPl-06","MonPl-06","demonstrative & noun & pronoun","#e4cded"
"adjective-demonstrative-noun-pronoun_MonPl-06","MonPl-06","adjective & demonstrative & noun & pronoun","#cdc873"
"adposition-demonstrative-noun-pronoun_MonPl-06","MonPl-06","adposition & demonstrative & noun & pronoun","#ead6a3"
"adjective-adposition-demonstrative-noun-pronoun_MonPl-06","MonPl-06","adjective & adposition & demonstrative & noun & pronoun","#7da397"
"adverb-demonstrative-noun-pronoun_MonPl-06","MonPl-06","adverb & demonstrative & noun & pronoun","#ec58c0"
"adjective-adverb-demonstrative-noun-pronoun_MonPl-06","MonPl-06","adjective & adverb & demonstrative & noun & pronoun","#b01c5d"
"adposition-adverb-demonstrative-noun-pronoun_MonPl-06","MonPl-06","adposition & adverb & demonstrative & noun & pronoun","#77a2a2"
"adjective-adposition-adverb-demonstrative-noun-pronoun_MonPl-06","MonPl-06","adjective & adposition & adverb & demonstrative & noun & pronoun","#a5ddfb"
"numeral-pronoun_MonPl-06","MonPl-06","numeral & pronoun","#fd9e69"
"adjective-numeral-pronoun_MonPl-06","MonPl-06","adjective & numeral & pronoun","#e4b799"
"adposition-numeral-pronoun_MonPl-06","MonPl-06","adposition & numeral & pronoun","#b4b9e5"
"adjective-adposition-numeral-pronoun_MonPl-06","MonPl-06","adjective & adposition & numeral & pronoun","#1c5832"
"adverb-numeral-pronoun_MonPl-06","MonPl-06","adverb & numeral & pronoun","#a5c28b"
"adjective-adverb-numeral-pronoun_MonPl-06","MonPl-06","adjective & adverb & numeral & pronoun","#df98de"
"adposition-adverb-numeral-pronoun_MonPl-06","MonPl-06","adposition & adverb & numeral & pronoun","#a3abe6"
"adjective-adposition-adverb-numeral-pronoun_MonPl-06","MonPl-06","adjective & adposition & adverb & numeral & pronoun","#1c7678"
"demonstrative-numeral-pronoun_MonPl-06","MonPl-06","demonstrative & numeral & pronoun","#a1d7fd"
"adjective-demonstrative-numeral-pronoun_MonPl-06","MonPl-06","adjective & demonstrative & numeral & pronoun","#45514d"
"adposition-demonstrative-numeral-pronoun_MonPl-06","MonPl-06","adposition & demonstrative & numeral & pronoun","#ff8af9"
"adjective-adposition-demonstrative-numeral-pronoun_MonPl-06","MonPl-06","adjective & adposition & demonstrative & numeral & pronoun","#714fc3"
"adverb-demonstrative-numeral-pronoun_MonPl-06","MonPl-06","adverb & demonstrative & numeral & pronoun","#8a7980"
"adjective-adverb-demonstrative-numeral-pronoun_MonPl-06","MonPl-06","adjective & adverb & demonstrative & numeral & pronoun","#eb429a"
"adposition-adverb-demonstrative-numeral-pronoun_MonPl-06","MonPl-06","adposition & adverb & demonstrative & numeral & pronoun","#feb2a6"
"adjective-adposition-adverb-demonstrative-numeral-pronoun_MonPl-06","MonPl-06","adjective & adposition & adverb & demonstrative & numeral & pronoun","#f616aa"
"noun-numeral-pronoun_MonPl-06","MonPl-06","noun & numeral & pronoun","#667176"
"adjective-noun-numeral-pronoun_MonPl-06","MonPl-06","adjective & noun & numeral & pronoun","#bc638f"
"adposition-noun-numeral-pronoun_MonPl-06","MonPl-06","adposition & noun & numeral & pronoun","#f23870"
"adjective-adposition-noun-numeral-pronoun_MonPl-06","MonPl-06","adjective & adposition & noun & numeral & pronoun","#aa7153"
"adverb-noun-numeral-pronoun_MonPl-06","MonPl-06","adverb & noun & numeral & pronoun","#e7adbe"
"adjective-adverb-noun-numeral-pronoun_MonPl-06","MonPl-06","adjective & adverb & noun & numeral & pronoun","#967daf"
"adposition-adverb-noun-numeral-pronoun_MonPl-06","MonPl-06","adposition & adverb & noun & numeral & pronoun","#a9b44d"
"adjective-adposition-adverb-noun-numeral-pronoun_MonPl-06","MonPl-06","adjective & adposition & adverb & noun & numeral & pronoun","#af62a3"
"demonstrative-noun-numeral-pronoun_MonPl-06","MonPl-06","demonstrative & noun & numeral & pronoun","#71afa6"
"adjective-demonstrative-noun-numeral-pronoun_MonPl-06","MonPl-06","adjective & demonstrative & noun & numeral & pronoun","#cd60c8"
"adposition-demonstrative-noun-numeral-pronoun_MonPl-06","MonPl-06","adposition & demonstrative & noun & numeral & pronoun","#cb66f9"
"adjective-adposition-demonstrative-noun-numeral-pronoun_MonPl-06","MonPl-06","adjective & adposition & demonstrative & noun & numeral & pronoun","#ede576"
"adverb-demonstrative-noun-numeral-pronoun_MonPl-06","MonPl-06","adverb & demonstrative & noun & numeral & pronoun","#696e6c"
"adjective-adverb-demonstrative-noun-numeral-pronoun_MonPl-06","MonPl-06","adjective & adverb & demonstrative & noun & numeral & pronoun","#fbd06e"
"adposition-adverb-demonstrative-noun-numeral-pronoun_MonPl-06","MonPl-06","adposition & adverb & demonstrative & noun & numeral & pronoun","#6d6a8b"
"adjective-adposition-adverb-demonstrative-noun-numeral-pronoun_MonPl-06","MonPl-06","adjective & adposition & adverb & demonstrative & noun & numeral & pronoun","#0dfbee"
"oblique-pronoun_MonPl-06","MonPl-06","oblique & pronoun","#a19ef4"
"adjective-oblique-pronoun_MonPl-06","MonPl-06","adjective & oblique & pronoun","#0dade3"
"adposition-oblique-pronoun_MonPl-06","MonPl-06","adposition & oblique & pronoun","#792e63"
"adjective-adposition-oblique-pronoun_MonPl-06","MonPl-06","adjective & adposition & oblique & pronoun","#9e1686"
"adverb-oblique-pronoun_MonPl-06","MonPl-06","adverb & oblique & pronoun","#bb885f"
"adjective-adverb-oblique-pronoun_MonPl-06","MonPl-06","adjective & adverb & oblique & pronoun","#b9d14b"
"adposition-adverb-oblique-pronoun_MonPl-06","MonPl-06","adposition & adverb & oblique & pronoun","#c48ec2"
"adjective-adposition-adverb-oblique-pronoun_MonPl-06","MonPl-06","adjective & adposition & adverb & oblique & pronoun","#4bcf9f"
"demonstrative-oblique-pronoun_MonPl-06","MonPl-06","demonstrative & oblique & pronoun","#ff7638"
"adjective-demonstrative-oblique-pronoun_MonPl-06","MonPl-06","adjective & demonstrative & oblique & pronoun","#868a73"
"adposition-demonstrative-oblique-pronoun_MonPl-06","MonPl-06","adposition & demonstrative & oblique & pronoun","#7f7c97"
"adjective-adposition-demonstrative-oblique-pronoun_MonPl-06","MonPl-06","adjective & adposition & demonstrative & oblique & pronoun","#ac8772"
"adverb-demonstrative-oblique-pronoun_MonPl-06","MonPl-06","adverb & demonstrative & oblique & pronoun","#585a55"
"adjective-adverb-demonstrative-oblique-pronoun_MonPl-06","MonPl-06","adjective & adverb & demonstrative & oblique & pronoun","#4ba9f4"
"adposition-adverb-demonstrative-oblique-pronoun_MonPl-06","MonPl-06","adposition & adverb & demonstrative & oblique & pronoun","#7cf1ac"
"adjective-adposition-adverb-demonstrative-oblique-pronoun_MonPl-06","MonPl-06","adjective & adposition & adverb & demonstrative & oblique & pronoun","#8ead1c"
"noun-oblique-pronoun_MonPl-06","MonPl-06","noun & oblique & pronoun","#719bfe"
"adjective-noun-oblique-pronoun_MonPl-06","MonPl-06","adjective & noun & oblique & pronoun","#765a2e"
"adposition-noun-oblique-pronoun_MonPl-06","MonPl-06","adposition & noun & oblique & pronoun","#498f8a"
"adjective-adposition-noun-oblique-pronoun_MonPl-06","MonPl-06","adjective & adposition & noun & oblique & pronoun","#cd5568"
"adverb-noun-oblique-pronoun_MonPl-06","MonPl-06","adverb & noun & oblique & pronoun","#a7f0e0"
"adjective-adverb-noun-oblique-pronoun_MonPl-06","MonPl-06","adjective & adverb & noun & oblique & pronoun","#f86cf6"
"adposition-adverb-noun-oblique-pronoun_MonPl-06","MonPl-06","adposition & adverb & noun & oblique & pronoun","#f99169"
"adjective-adposition-adverb-noun-oblique-pronoun_MonPl-06","MonPl-06","adjective & adposition & adverb & noun & oblique & pronoun","#6c7353"
"demonstrative-noun-oblique-pronoun_MonPl-06","MonPl-06","demonstrative & noun & oblique & pronoun","#35e8ca"
"adjective-demonstrative-noun-oblique-pronoun_MonPl-06","MonPl-06","adjective & demonstrative & noun & oblique & pronoun","#e0844b"
"adposition-demonstrative-noun-oblique-pronoun_MonPl-06","MonPl-06","adposition & demonstrative & noun & oblique & pronoun","#5a16d1"
"adjective-adposition-demonstrative-noun-oblique-pronoun_MonPl-06","MonPl-06","adjective & adposition & demonstrative & noun & oblique & pronoun","#42fcdd"
"adverb-demonstrative-noun-oblique-pronoun_MonPl-06","MonPl-06","adverb & demonstrative & noun & oblique & pronoun","#699dbc"
"adjective-adverb-demonstrative-noun-oblique-pronoun_MonPl-06","MonPl-06","adjective & adverb & demonstrative & noun & oblique & pronoun","#fb928c"
"adposition-adverb-demonstrative-noun-oblique-pronoun_MonPl-06","MonPl-06","adposition & adverb & demonstrative & noun & oblique & pronoun","#22814d"
"adjective-adposition-adverb-demonstrative-noun-oblique-pronoun_MonPl-06","MonPl-06","adjective & adposition & adverb & demonstrative & noun & oblique & pronoun","#8e9e88"
"numeral-oblique-pronoun_MonPl-06","MonPl-06","numeral & oblique & pronoun","#b0607c"
"adjective-numeral-oblique-pronoun_MonPl-06","MonPl-06","adjective & numeral & oblique & pronoun","#f94bbe"
"adposition-numeral-oblique-pronoun_MonPl-06","MonPl-06","adposition & numeral & oblique & pronoun","#dab0b3"
"adjective-adposition-numeral-oblique-pronoun_MonPl-06","MonPl-06","adjective & adposition & numeral & oblique & pronoun","#e922e8"
"adverb-numeral-oblique-pronoun_MonPl-06","MonPl-06","adverb & numeral & oblique & pronoun","#9a7040"
"adjective-adverb-numeral-oblique-pronoun_MonPl-06","MonPl-06","adjective & adverb & numeral & oblique & pronoun","#92c57a"
"adposition-adverb-numeral-oblique-pronoun_MonPl-06","MonPl-06","adposition & adverb & numeral & oblique & pronoun","#537c91"
"adjective-adposition-adverb-numeral-oblique-pronoun_MonPl-06","MonPl-06","adjective & adposition & adverb & numeral & oblique & pronoun","#8c4d16"
"demonstrative-numeral-oblique-pronoun_MonPl-06","MonPl-06","demonstrative & numeral & oblique & pronoun","#519178"
"adjective-demonstrative-numeral-oblique-pronoun_MonPl-06","MonPl-06","adjective & demonstrative & numeral & oblique & pronoun","#fbc522"
"adposition-demonstrative-numeral-oblique-pronoun_MonPl-06","MonPl-06","adposition & demonstrative & numeral & oblique & pronoun","#8b8ebd"
"adjective-adposition-demonstrative-numeral-oblique-pronoun_MonPl-06","MonPl-06","adjective & adposition & demonstrative & numeral & oblique & pronoun","#705f3b"
"adverb-demonstrative-numeral-oblique-pronoun_MonPl-06","MonPl-06","adverb & demonstrative & numeral & oblique & pronoun","#a5d032"
"adjective-adverb-demonstrative-numeral-oblique-pronoun_MonPl-06","MonPl-06","adjective & adverb & demonstrative & numeral & oblique & pronoun","#00a4bb"
"adposition-adverb-demonstrative-numeral-oblique-pronoun_MonPl-06","MonPl-06","adposition & adverb & demonstrative & numeral & oblique & pronoun","#debed9"
"adjective-adposition-adverb-demonstrative-numeral-oblique-pronoun_MonPl-06","MonPl-06","adjective & adposition & adverb & demonstrative & numeral & oblique & pronoun","#f877bd"
"noun-numeral-oblique-pronoun_MonPl-06","MonPl-06","noun & numeral & oblique & pronoun","#0d70c8"
"adjective-noun-numeral-oblique-pronoun_MonPl-06","MonPl-06","adjective & noun & numeral & oblique & pronoun","#ea94f6"
"adposition-noun-numeral-oblique-pronoun_MonPl-06","MonPl-06","adposition & noun & numeral & oblique & pronoun","#e975c4"
"adjective-adposition-noun-numeral-oblique-pronoun_MonPl-06","MonPl-06","adjective & adposition & noun & numeral & oblique & pronoun","#63f86a"
"adverb-noun-numeral-oblique-pronoun_MonPl-06","MonPl-06","adverb & noun & numeral & oblique & pronoun","#af3d55"
"adjective-adverb-noun-numeral-oblique-pronoun_MonPl-06","MonPl-06","adjective & adverb & noun & numeral & oblique & pronoun","#69fbc2"
"adposition-adverb-noun-numeral-oblique-pronoun_MonPl-06","MonPl-06","adposition & adverb & noun & numeral & oblique & pronoun","#cb3549"
"adjective-adposition-adverb-noun-numeral-oblique-pronoun_MonPl-06","MonPl-06","adjective & adposition & adverb & noun & numeral & oblique & pronoun","#c756ce"
"demonstrative-noun-numeral-oblique-pronoun_MonPl-06","MonPl-06","demonstrative & noun & numeral & oblique & pronoun","#a0b51c"
"adjective-demonstrative-noun-numeral-oblique-pronoun_MonPl-06","MonPl-06","adjective & demonstrative & noun & numeral & oblique & pronoun","#635fc8"
"adposition-demonstrative-noun-numeral-oblique-pronoun_MonPl-06","MonPl-06","adposition & demonstrative & noun & numeral & oblique & pronoun","#e6a140"
"adjective-adposition-demonstrative-noun-numeral-oblique-pronoun_MonPl-06","MonPl-06","adjective & adposition & demonstrative & noun & numeral & oblique & pronoun","#ff494b"
"adverb-demonstrative-noun-numeral-oblique-pronoun_MonPl-06","MonPl-06","adverb & demonstrative & noun & numeral & oblique & pronoun","#5aca3d"
"adjective-adverb-demonstrative-noun-numeral-oblique-pronoun_MonPl-06","MonPl-06","adjective & adverb & demonstrative & noun & numeral & oblique & pronoun","#baf25c"
"adposition-adverb-demonstrative-noun-numeral-oblique-pronoun_MonPl-06","MonPl-06","adposition & adverb & demonstrative & noun & numeral & oblique & pronoun","#f07d47"
"adjective-adposition-adverb-demonstrative-noun-numeral-oblique-pronoun_MonPl-06","MonPl-06","adjective & adposition & adverb & demonstrative & noun & numeral & oblique & pronoun","#5f26fe"
"particle-pronoun_MonPl-06","MonPl-06","particle & pronoun","#87710d"
"adjective-particle-pronoun_MonPl-06","MonPl-06","adjective & particle & pronoun","#7ab4fd"
"adposition-particle-pronoun_MonPl-06","MonPl-06","adposition & particle & pronoun","#8b3232"
"adjective-adposition-particle-pronoun_MonPl-06","MonPl-06","adjective & adposition & particle & pronoun","#f2d7c7"
"adverb-particle-pronoun_MonPl-06","MonPl-06","adverb & particle & pronoun","#c4d840"
"adjective-adverb-particle-pronoun_MonPl-06","MonPl-06","adjective & adverb & particle & pronoun","#1c9ad3"
"adposition-adverb-particle-pronoun_MonPl-06","MonPl-06","adposition & adverb & particle & pronoun","#6e79e8"
"adjective-adposition-adverb-particle-pronoun_MonPl-06","MonPl-06","adjective & adposition & adverb & particle & pronoun","#62cb0d"
"demonstrative-particle-pronoun_MonPl-06","MonPl-06","demonstrative & particle & pronoun","#5cfc60"
"adjective-demonstrative-particle-pronoun_MonPl-06","MonPl-06","adjective & demonstrative & particle & pronoun","#c0978f"
"adposition-demonstrative-particle-pronoun_MonPl-06","MonPl-06","adposition & demonstrative & particle & pronoun","#8aab7c"
"adjective-adposition-demonstrative-particle-pronoun_MonPl-06","MonPl-06","adjective & adposition & demonstrative & particle & pronoun","#0dce7a"
"adverb-demonstrative-particle-pronoun_MonPl-06","MonPl-06","adverb & demonstrative & particle & pronoun","#88a8d0"
"adjective-adverb-demonstrative-particle-pronoun_MonPl-06","MonPl-06","adjective & adverb & demonstrative & particle & pronoun","#c816eb"
"adposition-adverb-demonstrative-particle-pronoun_MonPl-06","MonPl-06","adposition & adverb & demonstrative & particle & pronoun","#c53d78"
"adjective-adposition-adverb-demonstrative-particle-pronoun_MonPl-06","MonPl-06","adjective & adposition & adverb & demonstrative & particle & pronoun","#ffaef6"
"noun-particle-pronoun_MonPl-06","MonPl-06","noun & particle & pronoun","#b08765"
"adjective-noun-particle-pronoun_MonPl-06","MonPl-06","adjective & noun & particle & pronoun","#9ec8eb"
"adposition-noun-particle-pronoun_MonPl-06","MonPl-06","adposition & noun & particle & pronoun","#aa4573"
"adjective-adposition-noun-particle-pronoun_MonPl-06","MonPl-06","adjective & adposition & noun & particle & pronoun","#cd4d77"
"adverb-noun-particle-pronoun_MonPl-06","MonPl-06","adverb & noun & particle & pronoun","#e85cfd"
"adjective-adverb-noun-particle-pronoun_MonPl-06","MonPl-06","adjective & adverb & noun & particle & pronoun","#de00ac"
"adposition-adverb-noun-particle-pronoun_MonPl-06","MonPl-06","adposition & adverb & noun & particle & pronoun","#ee8d79"
"adjective-adposition-adverb-noun-particle-pronoun_MonPl-06","MonPl-06","adjective & adposition & adverb & noun & particle & pronoun","#8f00fe"
"demonstrative-noun-particle-pronoun_MonPl-06","MonPl-06","demonstrative & noun & particle & pronoun","#9c4d65"
"adjective-demonstrative-noun-particle-pronoun_MonPl-06","MonPl-06","adjective & demonstrative & noun & particle & pronoun","#d39f1c"
"adposition-demonstrative-noun-particle-pronoun_MonPl-06","MonPl-06","adposition & demonstrative & noun & particle & pronoun","#fd0da3"
"adjective-adposition-demonstrative-noun-particle-pronoun_MonPl-06","MonPl-06","adjective & adposition & demonstrative & noun & particle & pronoun","#ecb940"
"adverb-demonstrative-noun-particle-pronoun_MonPl-06","MonPl-06","adverb & demonstrative & noun & particle & pronoun","#da6acc"
"adjective-adverb-demonstrative-noun-particle-pronoun_MonPl-06","MonPl-06","adjective & adverb & demonstrative & noun & particle & pronoun","#f63daf"
"adposition-adverb-demonstrative-noun-particle-pronoun_MonPl-06","MonPl-06","adposition & adverb & demonstrative & noun & particle & pronoun","#a0db8a"
"adjective-adposition-adverb-demonstrative-noun-particle-pronoun_MonPl-06","MonPl-06","adjective & adposition & adverb & demonstrative & noun & particle & pronoun","#0d658c"
"numeral-particle-pronoun_MonPl-06","MonPl-06","numeral & particle & pronoun","#dd87c6"
"adjective-numeral-particle-pronoun_MonPl-06","MonPl-06","adjective & numeral & particle & pronoun","#475fbe"
"adposition-numeral-particle-pronoun_MonPl-06","MonPl-06","adposition & numeral & particle & pronoun","#226ada"
"adjective-adposition-numeral-particle-pronoun_MonPl-06","MonPl-06","adjective & adposition & numeral & particle & pronoun","#0dbaa0"
"adverb-numeral-particle-pronoun_MonPl-06","MonPl-06","adverb & numeral & particle & pronoun","#b6655d"
"adjective-adverb-numeral-particle-pronoun_MonPl-06","MonPl-06","adjective & adverb & numeral & particle & pronoun","#bb7376"
"adposition-adverb-numeral-particle-pronoun_MonPl-06","MonPl-06","adposition & adverb & numeral & particle & pronoun","#0032d8"
"adjective-adposition-adverb-numeral-particle-pronoun_MonPl-06","MonPl-06","adjective & adposition & adverb & numeral & particle & pronoun","#ffc4a9"
"demonstrative-numeral-particle-pronoun_MonPl-06","MonPl-06","demonstrative & numeral & particle & pronoun","#993b8c"
"adjective-demonstrative-numeral-particle-pronoun_MonPl-06","MonPl-06","adjective & demonstrative & numeral & particle & pronoun","#ce9365"
"adposition-demonstrative-numeral-particle-pronoun_MonPl-06","MonPl-06","adposition & demonstrative & numeral & particle & pronoun","#cfaf63"
"adjective-adposition-demonstrative-numeral-particle-pronoun_MonPl-06","MonPl-06","adjective & adposition & demonstrative & numeral & particle & pronoun","#c8dab9"
"adverb-demonstrative-numeral-particle-pronoun_MonPl-06","MonPl-06","adverb & demonstrative & numeral & particle & pronoun","#cc97fe"
"adjective-adverb-demonstrative-numeral-particle-pronoun_MonPl-06","MonPl-06","adjective & adverb & demonstrative & numeral & particle & pronoun","#9c929c"
"adposition-adverb-demonstrative-numeral-particle-pronoun_MonPl-06","MonPl-06","adposition & adverb & demonstrative & numeral & particle & pronoun","#769f0d"
"adjective-adposition-adverb-demonstrative-numeral-particle-pronoun_MonPl-06","MonPl-06","adjective & adposition & adverb & demonstrative & numeral & particle & pronoun","#bd8cb0"
"noun-numeral-particle-pronoun_MonPl-06","MonPl-06","noun & numeral & particle & pronoun","#8d6d68"
"adjective-noun-numeral-particle-pronoun_MonPl-06","MonPl-06","adjective & noun & numeral & particle & pronoun","#9f9cc0"
"adposition-noun-numeral-particle-pronoun_MonPl-06","MonPl-06","adposition & noun & numeral & particle & pronoun","#ce1696"
"adjective-adposition-noun-numeral-particle-pronoun_MonPl-06","MonPl-06","adjective & adposition & noun & numeral & particle & pronoun","#60a3a1"
"adverb-noun-numeral-particle-pronoun_MonPl-06","MonPl-06","adverb & noun & numeral & particle & pronoun","#fa7799"
"adjective-adverb-noun-numeral-particle-pronoun_MonPl-06","MonPl-06","adjective & adverb & noun & numeral & particle & pronoun","#bd4dab"
"adposition-adverb-noun-numeral-particle-pronoun_MonPl-06","MonPl-06","adposition & adverb & noun & numeral & particle & pronoun","#d0c796"
"adjective-adposition-adverb-noun-numeral-particle-pronoun_MonPl-06","MonPl-06","adjective & adposition & adverb & noun & numeral & particle & pronoun","#638baa"
"demonstrative-noun-numeral-particle-pronoun_MonPl-06","MonPl-06","demonstrative & noun & numeral & particle & pronoun","#adad83"
"adjective-demonstrative-noun-numeral-particle-pronoun_MonPl-06","MonPl-06","adjective & demonstrative & noun & numeral & particle & pronoun","#aa652e"
"adposition-demonstrative-noun-numeral-particle-pronoun_MonPl-06","MonPl-06","adposition & demonstrative & noun & numeral & particle & pronoun","#92eee3"
"adjective-adposition-demonstrative-noun-numeral-particle-pronoun_MonPl-06","MonPl-06","adjective & adposition & demonstrative & noun & numeral & particle & pronoun","#9f6c63"
"adverb-demonstrative-noun-numeral-particle-pronoun_MonPl-06","MonPl-06","adverb & demonstrative & noun & numeral & particle & pronoun","#aa1c73"
"adjective-adverb-demonstrative-noun-numeral-particle-pronoun_MonPl-06","MonPl-06","adjective & adverb & demonstrative & noun & numeral & particle & pronoun","#ed79e3"
"adposition-adverb-demonstrative-noun-numeral-particle-pronoun_MonPl-06","MonPl-06","adposition & adverb & demonstrative & noun & numeral & particle & pronoun","#d87ffb"
"adjective-adposition-adverb-demonstrative-noun-numeral-particle-pronoun_MonPl-06","MonPl-06","adjective & adposition & adverb & demonstrative & noun & numeral & particle & pronoun","#aa6d00"
"oblique-particle-pronoun_MonPl-06","MonPl-06","oblique & particle & pronoun","#6ab5b4"
"adjective-oblique-particle-pronoun_MonPl-06","MonPl-06","adjective & oblique & particle & pronoun","#aa78d1"
"adposition-oblique-particle-pronoun_MonPl-06","MonPl-06","adposition & oblique & particle & pronoun","#169e92"
"adjective-adposition-oblique-particle-pronoun_MonPl-06","MonPl-06","adjective & adposition & oblique & particle & pronoun","#be16d6"
"adverb-oblique-particle-pronoun_MonPl-06","MonPl-06","adverb & oblique & particle & pronoun","#536363"
"adjective-adverb-oblique-particle-pronoun_MonPl-06","MonPl-06","adjective & adverb & oblique & particle & pronoun","#e0654f"
"adposition-adverb-oblique-particle-pronoun_MonPl-06","MonPl-06","adposition & adverb & oblique & particle & pronoun","#4956f3"
"adjective-adposition-adverb-oblique-particle-pronoun_MonPl-06","MonPl-06","adjective & adposition & adverb & oblique & particle & pronoun","#abbc66"
"demonstrative-oblique-particle-pronoun_MonPl-06","MonPl-06","demonstrative & oblique & particle & pronoun","#7d60f7"
"adjective-demonstrative-oblique-particle-pronoun_MonPl-06","MonPl-06","adjective & demonstrative & oblique & particle & pronoun","#4d5c78"
"adposition-demonstrative-oblique-particle-pronoun_MonPl-06","MonPl-06","adposition & demonstrative & oblique & particle & pronoun","#ebadff"
"adjective-adposition-demonstrative-oblique-particle-pronoun_MonPl-06","MonPl-06","adjective & adposition & demonstrative & oblique & particle & pronoun","#eac781"
"adverb-demonstrative-oblique-particle-pronoun_MonPl-06","MonPl-06","adverb & demonstrative & oblique & particle & pronoun","#a3a535"
"adjective-adverb-demonstrative-oblique-particle-pronoun_MonPl-06","MonPl-06","adjective & adverb & demonstrative & oblique & particle & pronoun","#00e555"
"adposition-adverb-demonstrative-oblique-particle-pronoun_MonPl-06","MonPl-06","adposition & adverb & demonstrative & oblique & particle & pronoun","#843860"
"adjective-adposition-adverb-demonstrative-oblique-particle-pronoun_MonPl-06","MonPl-06","adjective & adposition & adverb & demonstrative & oblique & particle & pronoun","#92b6bb"
"noun-oblique-particle-pronoun_MonPl-06","MonPl-06","noun & oblique & particle & pronoun","#b46df3"
"adjective-noun-oblique-particle-pronoun_MonPl-06","MonPl-06","adjective & noun & oblique & particle & pronoun","#dfb271"
"adposition-noun-oblique-particle-pronoun_MonPl-06","MonPl-06","adposition & noun & oblique & particle & pronoun","#fec345"
"adjective-adposition-noun-oblique-particle-pronoun_MonPl-06","MonPl-06","adjective & adposition & noun & oblique & particle & pronoun","#a845d2"
"adverb-noun-oblique-particle-pronoun_MonPl-06","MonPl-06","adverb & noun & oblique & particle & pronoun","#9d90c4"
"adjective-adverb-noun-oblique-particle-pronoun_MonPl-06","MonPl-06","adjective & adverb & noun & oblique & particle & pronoun","#a7a4d4"
"adposition-adverb-noun-oblique-particle-pronoun_MonPl-06","MonPl-06","adposition & adverb & noun & oblique & particle & pronoun","#f540fd"
"adjective-adposition-adverb-noun-oblique-particle-pronoun_MonPl-06","MonPl-06","adjective & adposition & adverb & noun & oblique & particle & pronoun","#627775"
"demonstrative-noun-oblique-particle-pronoun_MonPl-06","MonPl-06","demonstrative & noun & oblique & particle & pronoun","#558162"
"adjective-demonstrative-noun-oblique-particle-pronoun_MonPl-06","MonPl-06","adjective & demonstrative & noun & oblique & particle & pronoun","#c878df"
"adposition-demonstrative-noun-oblique-particle-pronoun_MonPl-06","MonPl-06","adposition & demonstrative & noun & oblique & particle & pronoun","#9fcda9"
"adjective-adposition-demonstrative-noun-oblique-particle-pronoun_MonPl-06","MonPl-06","adjective & adposition & demonstrative & noun & oblique & particle & pronoun","#775600"
"adverb-demonstrative-noun-oblique-particle-pronoun_MonPl-06","MonPl-06","adverb & demonstrative & noun & oblique & particle & pronoun","#656375"
"adjective-adverb-demonstrative-noun-oblique-particle-pronoun_MonPl-06","MonPl-06","adjective & adverb & demonstrative & noun & oblique & particle & pronoun","#5d63a7"
"adposition-adverb-demonstrative-noun-oblique-particle-pronoun_MonPl-06","MonPl-06","adposition & adverb & demonstrative & noun & oblique & particle & pronoun","#a7d6d6"
"adjective-adposition-adverb-demonstrative-noun-oblique-particle-pronoun_MonPl-06","MonPl-06","adjective & adposition & adverb & demonstrative & noun & oblique & particle & pronoun","#9d7dfe"
"numeral-oblique-particle-pronoun_MonPl-06","MonPl-06","numeral & oblique & particle & pronoun","#805868"
"adjective-numeral-oblique-particle-pronoun_MonPl-06","MonPl-06","adjective & numeral & oblique & particle & pronoun","#834d72"
"adposition-numeral-oblique-particle-pronoun_MonPl-06","MonPl-06","adposition & numeral & oblique & particle & pronoun","#80381c"
"adjective-adposition-numeral-oblique-particle-pronoun_MonPl-06","MonPl-06","adjective & adposition & numeral & oblique & particle & pronoun","#cb737a"
"adverb-numeral-oblique-particle-pronoun_MonPl-06","MonPl-06","adverb & numeral & oblique & particle & pronoun","#32a7b5"
"adjective-adverb-numeral-oblique-particle-pronoun_MonPl-06","MonPl-06","adjective & adverb & numeral & oblique & particle & pronoun","#9f3bfc"
"adposition-adverb-numeral-oblique-particle-pronoun_MonPl-06","MonPl-06","adposition & adverb & numeral & oblique & particle & pronoun","#adaeff"
"adjective-adposition-adverb-numeral-oblique-particle-pronoun_MonPl-06","MonPl-06","adjective & adposition & adverb & numeral & oblique & particle & pronoun","#c5a0fb"
"demonstrative-numeral-oblique-particle-pronoun_MonPl-06","MonPl-06","demonstrative & numeral & oblique & particle & pronoun","#b982af"
"adjective-demonstrative-numeral-oblique-particle-pronoun_MonPl-06","MonPl-06","adjective & demonstrative & numeral & oblique & particle & pronoun","#9f65b7"
"adposition-demonstrative-numeral-oblique-particle-pronoun_MonPl-06","MonPl-06","adposition & demonstrative & numeral & oblique & particle & pronoun","#eb357a"
"adjective-adposition-demonstrative-numeral-oblique-particle-pronoun_MonPl-06","MonPl-06","adjective & adposition & demonstrative & numeral & oblique & particle & pronoun","#e94926"
"adverb-demonstrative-numeral-oblique-particle-pronoun_MonPl-06","MonPl-06","adverb & demonstrative & numeral & oblique & particle & pronoun","#b5a456"
"adjective-adverb-demonstrative-numeral-oblique-particle-pronoun_MonPl-06","MonPl-06","adjective & adverb & demonstrative & numeral & oblique & particle & pronoun","#00855f"
"adposition-adverb-demonstrative-numeral-oblique-particle-pronoun_MonPl-06","MonPl-06","adposition & adverb & demonstrative & numeral & oblique & particle & pronoun","#7ea7d6"
"adjective-adposition-adverb-demonstrative-numeral-oblique-particle-pronoun_MonPl-06","MonPl-06","adjective & adposition & adverb & demonstrative & numeral & oblique & particle & pronoun","#a82a7e"
"noun-numeral-oblique-particle-pronoun_MonPl-06","MonPl-06","noun & numeral & oblique & particle & pronoun","#c5b99b"
"adjective-noun-numeral-oblique-particle-pronoun_MonPl-06","MonPl-06","adjective & noun & numeral & oblique & particle & pronoun","#f3b6fc"
"adposition-noun-numeral-oblique-particle-pronoun_MonPl-06","MonPl-06","adposition & noun & numeral & oblique & particle & pronoun","#e39071"
"adjective-adposition-noun-numeral-oblique-particle-pronoun_MonPl-06","MonPl-06","adjective & adposition & noun & numeral & oblique & particle & pronoun","#f26c78"
"adverb-noun-numeral-oblique-particle-pronoun_MonPl-06","MonPl-06","adverb & noun & numeral & oblique & particle & pronoun","#fb5870"
"adjective-adverb-noun-numeral-oblique-particle-pronoun_MonPl-06","MonPl-06","adjective & adverb & noun & numeral & oblique & particle & pronoun","#a85f40"
"adposition-adverb-noun-numeral-oblique-particle-pronoun_MonPl-06","MonPl-06","adposition & adverb & noun & numeral & oblique & particle & pronoun","#6aa278"
"adjective-adposition-adverb-noun-numeral-oblique-particle-pronoun_MonPl-06","MonPl-06","adjective & adposition & adverb & noun & numeral & oblique & particle & pronoun","#b068c6"
"demonstrative-noun-numeral-oblique-particle-pronoun_MonPl-06","MonPl-06","demonstrative & noun & numeral & oblique & particle & pronoun","#da4b47"
"adjective-demonstrative-noun-numeral-oblique-particle-pronoun_MonPl-06","MonPl-06","adjective & demonstrative & noun & numeral & oblique & particle & pronoun","#7842b6"
"adposition-demonstrative-noun-numeral-oblique-particle-pronoun_MonPl-06","MonPl-06","adposition & demonstrative & noun & numeral & oblique & particle & pronoun","#c8475c"
"adjective-adposition-demonstrative-noun-numeral-oblique-particle-pronoun_MonPl-06","MonPl-06","adjective & adposition & demonstrative & noun & numeral & oblique & particle & pronoun","#6c8a00"
"adverb-demonstrative-noun-numeral-oblique-particle-pronoun_MonPl-06","MonPl-06","adverb & demonstrative & noun & numeral & oblique & particle & pronoun","#824745"
"adjective-adverb-demonstrative-noun-numeral-oblique-particle-pronoun_MonPl-06","MonPl-06","adjective & adverb & demonstrative & noun & numeral & oblique & particle & pronoun","#ee78f2"
"adposition-adverb-demonstrative-noun-numeral-oblique-particle-pronoun_MonPl-06","MonPl-06","adposition & adverb & demonstrative & noun & numeral & oblique & particle & pronoun","#a8ab00"
"adjective-adposition-adverb-demonstrative-noun-numeral-oblique-particle-pronoun_MonPl-06","MonPl-06","adjective & adposition & adverb & demonstrative & noun & numeral & oblique & particle & pronoun","#ffa8a7"
"sape_MonPl-06","MonPl-06","sape","#cc731c"
"adjective-sape_MonPl-06","MonPl-06","adjective & sape","#f79da9"
"adposition-sape_MonPl-06","MonPl-06","adposition & sape","#6c53d2"
"adjective-adposition-sape_MonPl-06","MonPl-06","adjective & adposition & sape","#af9032"
"adverb-sape_MonPl-06","MonPl-06","adverb & sape","#756d66"
"adjective-adverb-sape_MonPl-06","MonPl-06","adjective & adverb & sape","#87d03d"
"adposition-adverb-sape_MonPl-06","MonPl-06","adposition & adverb & sape","#a386fc"
"adjective-adposition-adverb-sape_MonPl-06","MonPl-06","adjective & adposition & adverb & sape","#d7a060"
"demonstrative-sape_MonPl-06","MonPl-06","demonstrative & sape","#bda76e"
"adjective-demonstrative-sape_MonPl-06","MonPl-06","adjective & demonstrative & sape","#ecaeb6"
"adposition-demonstrative-sape_MonPl-06","MonPl-06","adposition & demonstrative & sape","#fc2a49"
"adjective-adposition-demonstrative-sape_MonPl-06","MonPl-06","adjective & adposition & demonstrative & sape","#607d65"
"adverb-demonstrative-sape_MonPl-06","MonPl-06","adverb & demonstrative & sape","#5cd6e7"
"adjective-adverb-demonstrative-sape_MonPl-06","MonPl-06","adjective & adverb & demonstrative & sape","#c3d2a3"
"adposition-adverb-demonstrative-sape_MonPl-06","MonPl-06","adposition & adverb & demonstrative & sape","#5fc7b3"
"adjective-adposition-adverb-demonstrative-sape_MonPl-06","MonPl-06","adjective & adposition & adverb & demonstrative & sape","#f31cfe"
"noun-sape_MonPl-06","MonPl-06","noun & sape","#7ca9e3"
"adjective-noun-sape_MonPl-06","MonPl-06","adjective & noun & sape","#e793b1"
"adposition-noun-sape_MonPl-06","MonPl-06","adposition & noun & sape","#811c60"
"adjective-adposition-noun-sape_MonPl-06","MonPl-06","adjective & adposition & noun & sape","#9dcdc2"
"adverb-noun-sape_MonPl-06","MonPl-06","adverb & noun & sape","#80f4db"
"adjective-adverb-noun-sape_MonPl-06","MonPl-06","adjective & adverb & noun & sape","#7d83c0"
"adposition-adverb-noun-sape_MonPl-06","MonPl-06","adposition & adverb & noun & sape","#b29aa5"
"adjective-adposition-adverb-noun-sape_MonPl-06","MonPl-06","adjective & adposition & adverb & noun & sape","#002ee9"
"demonstrative-noun-sape_MonPl-06","MonPl-06","demonstrative & noun & sape","#84a4ad"
"adjective-demonstrative-noun-sape_MonPl-06","MonPl-06","adjective & demonstrative & noun & sape","#b2c7b2"
"adposition-demonstrative-noun-sape_MonPl-06","MonPl-06","adposition & demonstrative & noun & sape","#a790d0"
"adjective-adposition-demonstrative-noun-sape_MonPl-06","MonPl-06","adjective & adposition & demonstrative & noun & sape","#35b41c"
"adverb-demonstrative-noun-sape_MonPl-06","MonPl-06","adverb & demonstrative & noun & sape","#93bbe8"
"adjective-adverb-demonstrative-noun-sape_MonPl-06","MonPl-06","adjective & adverb & demonstrative & noun & sape","#ebab9e"
"adposition-adverb-demonstrative-noun-sape_MonPl-06","MonPl-06","adposition & adverb & demonstrative & noun & sape","#5d8a73"
"adjective-adposition-adverb-demonstrative-noun-sape_MonPl-06","MonPl-06","adjective & adposition & adverb & demonstrative & noun & sape","#fed0c9"
"numeral-sape_MonPl-06","MonPl-06","numeral & sape","#d8c07d"
"adjective-numeral-sape_MonPl-06","MonPl-06","adjective & numeral & sape","#1678bf"
"adposition-numeral-sape_MonPl-06","MonPl-06","adposition & numeral & sape","#bee8d2"
"adjective-adposition-numeral-sape_MonPl-06","MonPl-06","adjective & adposition & numeral & sape","#1c58e9"
"adverb-numeral-sape_MonPl-06","MonPl-06","adverb & numeral & sape","#f29300"
"adjective-adverb-numeral-sape_MonPl-06","MonPl-06","adjective & adverb & numeral & sape","#a987b3"
"adposition-adverb-numeral-sape_MonPl-06","MonPl-06","adposition & adverb & numeral & sape","#98889d"
"adjective-adposition-adverb-numeral-sape_MonPl-06","MonPl-06","adjective & adposition & adverb & numeral & sape","#7fc5d0"
"demonstrative-numeral-sape_MonPl-06","MonPl-06","demonstrative & numeral & sape","#cfbde5"
"adjective-demonstrative-numeral-sape_MonPl-06","MonPl-06","adjective & demonstrative & numeral & sape","#c20d7f"
"adposition-demonstrative-numeral-sape_MonPl-06","MonPl-06","adposition & demonstrative & numeral & sape","#94ec91"
"adjective-adposition-demonstrative-numeral-sape_MonPl-06","MonPl-06","adjective & adposition & demonstrative & numeral & sape","#871c56"
"adverb-demonstrative-numeral-sape_MonPl-06","MonPl-06","adverb & demonstrative & numeral & sape","#a7da94"
"adjective-adverb-demonstrative-numeral-sape_MonPl-06","MonPl-06","adjective & adverb & demonstrative & numeral & sape","#5c9cd8"
"adposition-adverb-demonstrative-numeral-sape_MonPl-06","MonPl-06","adposition & adverb & demonstrative & numeral & sape","#e8ad8e"
"adjective-adposition-adverb-demonstrative-numeral-sape_MonPl-06","MonPl-06","adjective & adposition & adverb & demonstrative & numeral & sape","#69b400"
"noun-numeral-sape_MonPl-06","MonPl-06","noun & numeral & sape","#9b1c69"
"adjective-noun-numeral-sape_MonPl-06","MonPl-06","adjective & noun & numeral & sape","#62669b"
"adposition-noun-numeral-sape_MonPl-06","MonPl-06","adposition & noun & numeral & sape","#91e49a"
"adjective-adposition-noun-numeral-sape_MonPl-06","MonPl-06","adjective & adposition & noun & numeral & sape","#fc5d62"
"adverb-noun-numeral-sape_MonPl-06","MonPl-06","adverb & noun & numeral & sape","#a3687c"
"adjective-adverb-noun-numeral-sape_MonPl-06","MonPl-06","adjective & adverb & noun & numeral & sape","#6e587f"
"adposition-adverb-noun-numeral-sape_MonPl-06","MonPl-06","adposition & adverb & noun & numeral & sape","#8716d1"
"adjective-adposition-adverb-noun-numeral-sape_MonPl-06","MonPl-06","adjective & adposition & adverb & noun & numeral & sape","#7c5a51"
"demonstrative-noun-numeral-sape_MonPl-06","MonPl-06","demonstrative & noun & numeral & sape","#7a6280"
"adjective-demonstrative-noun-numeral-sape_MonPl-06","MonPl-06","adjective & demonstrative & noun & numeral & sape","#9994fd"
"adposition-demonstrative-noun-numeral-sape_MonPl-06","MonPl-06","adposition & demonstrative & noun & numeral & sape","#80327c"
"adjective-adposition-demonstrative-noun-numeral-sape_MonPl-06","MonPl-06","adjective & adposition & demonstrative & noun & numeral & sape","#499b6d"
"adverb-demonstrative-noun-numeral-sape_MonPl-06","MonPl-06","adverb & demonstrative & noun & numeral & sape","#e762e3"
"adjective-adverb-demonstrative-noun-numeral-sape_MonPl-06","MonPl-06","adjective & adverb & demonstrative & noun & numeral & sape","#a95171"
"adposition-adverb-demonstrative-noun-numeral-sape_MonPl-06","MonPl-06","adposition & adverb & demonstrative & noun & numeral & sape","#8cc7fd"
"adjective-adposition-adverb-demonstrative-noun-numeral-sape_MonPl-06","MonPl-06","adjective & adposition & adverb & demonstrative & noun & numeral & sape","#409aa5"
"oblique-sape_MonPl-06","MonPl-06","oblique & sape","#68ad26"
"adjective-oblique-sape_MonPl-06","MonPl-06","adjective & oblique & sape","#ec6dd5"
"adposition-oblique-sape_MonPl-06","MonPl-06","adposition & oblique & sape","#fb95e3"
"adjective-adposition-oblique-sape_MonPl-06","MonPl-06","adjective & adposition & oblique & sape","#40736c"
"adverb-oblique-sape_MonPl-06","MonPl-06","adverb & oblique & sape","#9f60ea"
"adjective-adverb-oblique-sape_MonPl-06","MonPl-06","adjective & adverb & oblique & sape","#91802a"
"adposition-adverb-oblique-sape_MonPl-06","MonPl-06","adposition & adverb & oblique & sape","#e19297"
"adjective-adposition-adverb-oblique-sape_MonPl-06","MonPl-06","adjective & adposition & adverb & oblique & sape","#804584"
"demonstrative-oblique-sape_MonPl-06","MonPl-06","demonstrative & oblique & sape","#889b8f"
"adjective-demonstrative-oblique-sape_MonPl-06","MonPl-06","adjective & demonstrative & oblique & sape","#83c4dc"
"adposition-demonstrative-oblique-sape_MonPl-06","MonPl-06","adposition & demonstrative & oblique & sape","#a6eef3"
"adjective-adposition-demonstrative-oblique-sape_MonPl-06","MonPl-06","adjective & adposition & demonstrative & oblique & sape","#8783a8"
"adverb-demonstrative-oblique-sape_MonPl-06","MonPl-06","adverb & demonstrative & oblique & sape","#ffb8c5"
"adjective-adverb-demonstrative-oblique-sape_MonPl-06","MonPl-06","adjective & adverb & demonstrative & oblique & sape","#7d63c6"
"adposition-adverb-demonstrative-oblique-sape_MonPl-06","MonPl-06","adposition & adverb & demonstrative & oblique & sape","#855cbb"
"adjective-adposition-adverb-demonstrative-oblique-sape_MonPl-06","MonPl-06","adjective & adposition & adverb & demonstrative & oblique & sape","#eec7da"
"noun-oblique-sape_MonPl-06","MonPl-06","noun & oblique & sape","#bb6c8f"
"adjective-noun-oblique-sape_MonPl-06","MonPl-06","adjective & noun & oblique & sape","#3b8869"
"adposition-noun-oblique-sape_MonPl-06","MonPl-06","adposition & noun & oblique & sape","#7590c2"
"adjective-adposition-noun-oblique-sape_MonPl-06","MonPl-06","adjective & adposition & noun & oblique & sape","#26badf"
"adverb-noun-oblique-sape_MonPl-06","MonPl-06","adverb & noun & oblique & sape","#dde02a"
"adjective-adverb-noun-oblique-sape_MonPl-06","MonPl-06","adjective & adverb & noun & oblique & sape","#adaa8b"
"adposition-adverb-noun-oblique-sape_MonPl-06","MonPl-06","adposition & adverb & noun & oblique & sape","#bcd176"
"adjective-adposition-adverb-noun-oblique-sape_MonPl-06","MonPl-06","adjective & adposition & adverb & noun & oblique & sape","#fc56d9"
"demonstrative-noun-oblique-sape_MonPl-06","MonPl-06","demonstrative & noun & oblique & sape","#685ca3"
"adjective-demonstrative-noun-oblique-sape_MonPl-06","MonPl-06","adjective & demonstrative & noun & oblique & sape","#53704b"
"adposition-demonstrative-noun-oblique-sape_MonPl-06","MonPl-06","adposition & demonstrative & noun & oblique & sape","#b90de4"
"adjective-adposition-demonstrative-noun-oblique-sape_MonPl-06","MonPl-06","adjective & adposition & demonstrative & noun & oblique & sape","#fa35be"
"adverb-demonstrative-noun-oblique-sape_MonPl-06","MonPl-06","adverb & demonstrative & noun & oblique & sape","#5849bf"
"adjective-adverb-demonstrative-noun-oblique-sape_MonPl-06","MonPl-06","adjective & adverb & demonstrative & noun & oblique & sape","#862a0d"
"adposition-adverb-demonstrative-noun-oblique-sape_MonPl-06","MonPl-06","adposition & adverb & demonstrative & noun & oblique & sape","#ed0d26"
"adjective-adposition-adverb-demonstrative-noun-oblique-sape_MonPl-06","MonPl-06","adjective & adposition & adverb & demonstrative & noun & oblique & sape","#7ca255"
"numeral-oblique-sape_MonPl-06","MonPl-06","numeral & oblique & sape","#d860dd"
"adjective-numeral-oblique-sape_MonPl-06","MonPl-06","adjective & numeral & oblique & sape","#cea8cb"
"adposition-numeral-oblique-sape_MonPl-06","MonPl-06","adposition & numeral & oblique & sape","#bb407a"
"adjective-adposition-numeral-oblique-sape_MonPl-06","MonPl-06","adjective & adposition & numeral & oblique & sape","#70b165"
"adverb-numeral-oblique-sape_MonPl-06","MonPl-06","adverb & numeral & oblique & sape","#969bb4"
"adjective-adverb-numeral-oblique-sape_MonPl-06","MonPl-06","adjective & adverb & numeral & oblique & sape","#86aabb"
"adposition-adverb-numeral-oblique-sape_MonPl-06","MonPl-06","adposition & adverb & numeral & oblique & sape","#e4798f"
"adjective-adposition-adverb-numeral-oblique-sape_MonPl-06","MonPl-06","adjective & adposition & adverb & numeral & oblique & sape","#228ed3"
"demonstrative-numeral-oblique-sape_MonPl-06","MonPl-06","demonstrative & numeral & oblique & sape","#f08365"
"adjective-demonstrative-numeral-oblique-sape_MonPl-06","MonPl-06","adjective & demonstrative & numeral & oblique & sape","#45d100"
"adposition-demonstrative-numeral-oblique-sape_MonPl-06","MonPl-06","adposition & demonstrative & numeral & oblique & sape","#a62a56"
"adjective-adposition-demonstrative-numeral-oblique-sape_MonPl-06","MonPl-06","adjective & adposition & demonstrative & numeral & oblique & sape","#8196fd"
"adverb-demonstrative-numeral-oblique-sape_MonPl-06","MonPl-06","adverb & demonstrative & numeral & oblique & sape","#56dfb6"
"adjective-adverb-demonstrative-numeral-oblique-sape_MonPl-06","MonPl-06","adjective & adverb & demonstrative & numeral & oblique & sape","#e5d0df"
"adposition-adverb-demonstrative-numeral-oblique-sape_MonPl-06","MonPl-06","adposition & adverb & demonstrative & numeral & oblique & sape","#bb494f"
"adjective-adposition-adverb-demonstrative-numeral-oblique-sape_MonPl-06","MonPl-06","adjective & adposition & adverb & demonstrative & numeral & oblique & sape","#d16ec7"
"noun-numeral-oblique-sape_MonPl-06","MonPl-06","noun & numeral & oblique & sape","#e786dc"
"adjective-noun-numeral-oblique-sape_MonPl-06","MonPl-06","adjective & noun & numeral & oblique & sape","#81b6a5"
"adposition-noun-numeral-oblique-sape_MonPl-06","MonPl-06","adposition & noun & numeral & oblique & sape","#ed0084"
"adjective-adposition-noun-numeral-oblique-sape_MonPl-06","MonPl-06","adjective & adposition & noun & numeral & oblique & sape","#bd702e"
"adverb-noun-numeral-oblique-sape_MonPl-06","MonPl-06","adverb & noun & numeral & oblique & sape","#ea9456"
"adjective-adverb-noun-numeral-oblique-sape_MonPl-06","MonPl-06","adjective & adverb & noun & numeral & oblique & sape","#9e4789"
"adposition-adverb-noun-numeral-oblique-sape_MonPl-06","MonPl-06","adposition & adverb & noun & numeral & oblique & sape","#c42200"
"adjective-adposition-adverb-noun-numeral-oblique-sape_MonPl-06","MonPl-06","adjective & adposition & adverb & noun & numeral & oblique & sape","#fd858d"
"demonstrative-noun-numeral-oblique-sape_MonPl-06","MonPl-06","demonstrative & noun & numeral & oblique & sape","#e5ad97"
"adjective-demonstrative-noun-numeral-oblique-sape_MonPl-06","MonPl-06","adjective & demonstrative & noun & numeral & oblique & sape","#ff5656"
"adposition-demonstrative-noun-numeral-oblique-sape_MonPl-06","MonPl-06","adposition & demonstrative & noun & numeral & oblique & sape","#a93d7f"
"adjective-adposition-demonstrative-noun-numeral-oblique-sape_MonPl-06","MonPl-06","adjective & adposition & demonstrative & noun & numeral & oblique & sape","#e0c6fa"
"adverb-demonstrative-noun-numeral-oblique-sape_MonPl-06","MonPl-06","adverb & demonstrative & noun & numeral & oblique & sape","#aabec5"
"adjective-adverb-demonstrative-noun-numeral-oblique-sape_MonPl-06","MonPl-06","adjective & adverb & demonstrative & noun & numeral & oblique & sape","#6eafe2"
"adposition-adverb-demonstrative-noun-numeral-oblique-sape_MonPl-06","MonPl-06","adposition & adverb & demonstrative & noun & numeral & oblique & sape","#c0ce90"
"adjective-adposition-adverb-demonstrative-noun-numeral-oblique-sape_MonPl-06","MonPl-06","adjective & adposition & adverb & demonstrative & noun & numeral & oblique & sape","#ff0d96"
"particle-sape_MonPl-06","MonPl-06","particle & sape","#a7dec5"
"adjective-particle-sape_MonPl-06","MonPl-06","adjective & particle & sape","#c29ce2"
"adposition-particle-sape_MonPl-06","MonPl-06","adposition & particle & sape","#f67955"
"adjective-adposition-particle-sape_MonPl-06","MonPl-06","adjective & adposition & particle & sape","#cbe61c"
"adverb-particle-sape_MonPl-06","MonPl-06","adverb & particle & sape","#88f3f5"
"adjective-adverb-particle-sape_MonPl-06","MonPl-06","adjective & adverb & particle & sape","#d72663"
"adposition-adverb-particle-sape_MonPl-06","MonPl-06","adposition & adverb & particle & sape","#fe53e3"
"adjective-adposition-adverb-particle-sape_MonPl-06","MonPl-06","adjective & adposition & adverb & particle & sape","#e587fb"
"demonstrative-particle-sape_MonPl-06","MonPl-06","demonstrative & particle & sape","#9d625a"
"adjective-demonstrative-particle-sape_MonPl-06","MonPl-06","adjective & demonstrative & particle & sape","#e26281"
"adposition-demonstrative-particle-sape_MonPl-06","MonPl-06","adposition & demonstrative & particle & sape","#2e6e26"
"adjective-adposition-demonstrative-particle-sape_MonPl-06","MonPl-06","adjective & adposition & demonstrative & particle & sape","#849145"
"adverb-demonstrative-particle-sape_MonPl-06","MonPl-06","adverb & demonstrative & particle & sape","#7c552e"
"adjective-adverb-demonstrative-particle-sape_MonPl-06","MonPl-06","adjective & adverb & demonstrative & particle & sape","#c5a080"
"adposition-adverb-demonstrative-particle-sape_MonPl-06","MonPl-06","adposition & adverb & demonstrative & particle & sape","#4dcaa7"
"adjective-adposition-adverb-demonstrative-particle-sape_MonPl-06","MonPl-06","adjective & adposition & adverb & demonstrative & particle & sape","#c0dccd"
"noun-particle-sape_MonPl-06","MonPl-06","noun & particle & sape","#e73d69"
"adjective-noun-particle-sape_MonPl-06","MonPl-06","adjective & noun & particle & sape","#7aeef8"
"adposition-noun-particle-sape_MonPl-06","MonPl-06","adposition & noun & particle & sape","#dd6300"
"adjective-adposition-noun-particle-sape_MonPl-06","MonPl-06","adjective & adposition & noun & particle & sape","#b1f738"
"adverb-noun-particle-sape_MonPl-06","MonPl-06","adverb & noun & particle & sape","#8e8cd4"
"adjective-adverb-noun-particle-sape_MonPl-06","MonPl-06","adjective & adverb & noun & particle & sape","#167616"
"adposition-adverb-noun-particle-sape_MonPl-06","MonPl-06","adposition & adverb & noun & particle & sape","#b0779b"
"adjective-adposition-adverb-noun-particle-sape_MonPl-06","MonPl-06","adjective & adposition & adverb & noun & particle & sape","#e95363"
"demonstrative-noun-particle-sape_MonPl-06","MonPl-06","demonstrative & noun & particle & sape","#956db8"
"adjective-demonstrative-noun-particle-sape_MonPl-06","MonPl-06","adjective & demonstrative & noun & particle & sape","#d5ec55"
"adposition-demonstrative-noun-particle-sape_MonPl-06","MonPl-06","adposition & demonstrative & noun & particle & sape","#5aa99a"
"adjective-adposition-demonstrative-noun-particle-sape_MonPl-06","MonPl-06","adjective & adposition & demonstrative & noun & particle & sape","#b95349"
"adverb-demonstrative-noun-particle-sape_MonPl-06","MonPl-06","adverb & demonstrative & noun & particle & sape","#fcde72"
"adjective-adverb-demonstrative-noun-particle-sape_MonPl-06","MonPl-06","adjective & adverb & demonstrative & noun & particle & sape","#85d8fb"
"adposition-adverb-demonstrative-noun-particle-sape_MonPl-06","MonPl-06","adposition & adverb & demonstrative & noun & particle & sape","#d5cbfd"
"adjective-adposition-adverb-demonstrative-noun-particle-sape_MonPl-06","MonPl-06","adjective & adposition & adverb & demonstrative & noun & particle & sape","#908fa3"
"numeral-particle-sape_MonPl-06","MonPl-06","numeral & particle & sape","#1c6868"
"adjective-numeral-particle-sape_MonPl-06","MonPl-06","adjective & numeral & particle & sape","#e0d5c8"
"adposition-numeral-particle-sape_MonPl-06","MonPl-06","adposition & numeral & particle & sape","#1ca9c9"
"adjective-adposition-numeral-particle-sape_MonPl-06","MonPl-06","adjective & adposition & numeral & particle & sape","#ff7cb1"
"adverb-numeral-particle-sape_MonPl-06","MonPl-06","adverb & numeral & particle & sape","#d2998b"
"adjective-adverb-numeral-particle-sape_MonPl-06","MonPl-06","adjective & adverb & numeral & particle & sape","#8bceb7"
"adposition-adverb-numeral-particle-sape_MonPl-06","MonPl-06","adposition & adverb & numeral & particle & sape","#fdafec"
"adjective-adposition-adverb-numeral-particle-sape_MonPl-06","MonPl-06","adjective & adposition & adverb & numeral & particle & sape","#7ff6ed"
"demonstrative-numeral-particle-sape_MonPl-06","MonPl-06","demonstrative & numeral & particle & sape","#b4b2b1"
"adjective-demonstrative-numeral-particle-sape_MonPl-06","MonPl-06","adjective & demonstrative & numeral & particle & sape","#c069c4"
"adposition-demonstrative-numeral-particle-sape_MonPl-06","MonPl-06","adposition & demonstrative & numeral & particle & sape","#4dfc86"
"adjective-adposition-demonstrative-numeral-particle-sape_MonPl-06","MonPl-06","adjective & adposition & demonstrative & numeral & particle & sape","#acf0bb"
"adverb-demonstrative-numeral-particle-sape_MonPl-06","MonPl-06","adverb & demonstrative & numeral & particle & sape","#ad0d6d"
"adjective-adverb-demonstrative-numeral-particle-sape_MonPl-06","MonPl-06","adjective & adverb & demonstrative & numeral & particle & sape","#d642ad"
"adposition-adverb-demonstrative-numeral-particle-sape_MonPl-06","MonPl-06","adposition & adverb & demonstrative & numeral & particle & sape","#6a4097"
"adjective-adposition-adverb-demonstrative-numeral-particle-sape_MonPl-06","MonPl-06","adjective & adposition & adverb & demonstrative & numeral & particle & sape","#b56a7c"
"noun-numeral-particle-sape_MonPl-06","MonPl-06","noun & numeral & particle & sape","#ba9aca"
"adjective-noun-numeral-particle-sape_MonPl-06","MonPl-06","adjective & noun & numeral & particle & sape","#c48aa6"
"adposition-noun-numeral-particle-sape_MonPl-06","MonPl-06","adposition & noun & numeral & particle & sape","#73719b"
"adjective-adposition-noun-numeral-particle-sape_MonPl-06","MonPl-06","adjective & adposition & noun & numeral & particle & sape","#fda35a"
"adverb-noun-numeral-particle-sape_MonPl-06","MonPl-06","adverb & noun & numeral & particle & sape","#a3f34d"
"adjective-adverb-noun-numeral-particle-sape_MonPl-06","MonPl-06","adjective & adverb & noun & numeral & particle & sape","#e7d293"
"adposition-adverb-noun-numeral-particle-sape_MonPl-06","MonPl-06","adposition & adverb & noun & numeral & particle & sape","#0da1a2"
"adjective-adposition-adverb-noun-numeral-particle-sape_MonPl-06","MonPl-06","adjective & adposition & adverb & noun & numeral & particle & sape","#ff5fb6"
"demonstrative-noun-numeral-particle-sape_MonPl-06","MonPl-06","demonstrative & noun & numeral & particle & sape","#df2658"
"adjective-demonstrative-noun-numeral-particle-sape_MonPl-06","MonPl-06","adjective & demonstrative & noun & numeral & particle & sape","#ffdf3d"
"adposition-demonstrative-noun-numeral-particle-sape_MonPl-06","MonPl-06","adposition & demonstrative & noun & numeral & particle & sape","#d4b38b"
"adjective-adposition-demonstrative-noun-numeral-particle-sape_MonPl-06","MonPl-06","adjective & adposition & demonstrative & noun & numeral & particle & sape","#cf224b"
"adverb-demonstrative-noun-numeral-particle-sape_MonPl-06","MonPl-06","adverb & demonstrative & noun & numeral & particle & sape","#af9156"
"adjective-adverb-demonstrative-noun-numeral-particle-sape_MonPl-06","MonPl-06","adjective & adverb & demonstrative & noun & numeral & particle & sape","#0de0ca"
"adposition-adverb-demonstrative-noun-numeral-particle-sape_MonPl-06","MonPl-06","adposition & adverb & demonstrative & noun & numeral & particle & sape","#7916c2"
"adjective-adposition-adverb-demonstrative-noun-numeral-particle-sape_MonPl-06","MonPl-06","adjective & adposition & adverb & demonstrative & noun & numeral & particle & sape","#c8edbc"
"oblique-particle-sape_MonPl-06","MonPl-06","oblique & particle & sape","#c68076"
"adjective-oblique-particle-sape_MonPl-06","MonPl-06","adjective & oblique & particle & sape","#fecef0"
"adposition-oblique-particle-sape_MonPl-06","MonPl-06","adposition & oblique & particle & sape","#40ddf6"
"adjective-adposition-oblique-particle-sape_MonPl-06","MonPl-06","adjective & adposition & oblique & particle & sape","#00e87c"
"adverb-oblique-particle-sape_MonPl-06","MonPl-06","adverb & oblique & particle & sape","#69e379"
"adjective-adverb-oblique-particle-sape_MonPl-06","MonPl-06","adjective & adverb & oblique & particle & sape","#ef60ad"
"adposition-adverb-oblique-particle-sape_MonPl-06","MonPl-06","adposition & adverb & oblique & particle & sape","#a06cff"
"adjective-adposition-adverb-oblique-particle-sape_MonPl-06","MonPl-06","adjective & adposition & adverb & oblique & particle & sape","#a9f4a0"
"demonstrative-oblique-particle-sape_MonPl-06","MonPl-06","demonstrative & oblique & particle & sape","#1cedb9"
"adjective-demonstrative-oblique-particle-sape_MonPl-06","MonPl-06","adjective & demonstrative & oblique & particle & sape","#65942e"
"adposition-demonstrative-oblique-particle-sape_MonPl-06","MonPl-06","adposition & demonstrative & oblique & particle & sape","#66bbe4"
"adjective-adposition-demonstrative-oblique-particle-sape_MonPl-06","MonPl-06","adjective & adposition & demonstrative & oblique & particle & sape","#cca2d2"
"adverb-demonstrative-oblique-particle-sape_MonPl-06","MonPl-06","adverb & demonstrative & oblique & particle & sape","#bd163b"
"adjective-adverb-demonstrative-oblique-particle-sape_MonPl-06","MonPl-06","adjective & adverb & demonstrative & oblique & particle & sape","#c4d4db"
"adposition-adverb-demonstrative-oblique-particle-sape_MonPl-06","MonPl-06","adposition & adverb & demonstrative & oblique & particle & sape","#5563e6"
"adjective-adposition-adverb-demonstrative-oblique-particle-sape_MonPl-06","MonPl-06","adjective & adposition & adverb & demonstrative & oblique & particle & sape","#85c09f"
"noun-oblique-particle-sape_MonPl-06","MonPl-06","noun & oblique & particle & sape","#7f35b5"
"adjective-noun-oblique-particle-sape_MonPl-06","MonPl-06","adjective & noun & oblique & particle & sape","#406afe"
"adposition-noun-oblique-particle-sape_MonPl-06","MonPl-06","adposition & noun & oblique & particle & sape","#ad22a2"
"adjective-adposition-noun-oblique-particle-sape_MonPl-06","MonPl-06","adjective & adposition & noun & oblique & particle & sape","#ff428f"
"adverb-noun-oblique-particle-sape_MonPl-06","MonPl-06","adverb & noun & oblique & particle & sape","#87f938"
"adjective-adverb-noun-oblique-particle-sape_MonPl-06","MonPl-06","adjective & adverb & noun & oblique & particle & sape","#a9a74d"
"adposition-adverb-noun-oblique-particle-sape_MonPl-06","MonPl-06","adposition & adverb & noun & oblique & particle & sape","#d686af"
"adjective-adposition-adverb-noun-oblique-particle-sape_MonPl-06","MonPl-06","adjective & adposition & adverb & noun & oblique & particle & sape","#95cd6e"
"demonstrative-noun-oblique-particle-sape_MonPl-06","MonPl-06","demonstrative & noun & oblique & particle & sape","#f145a7"
"adjective-demonstrative-noun-oblique-particle-sape_MonPl-06","MonPl-06","adjective & demonstrative & noun & oblique & particle & sape","#c45ddc"
"adposition-demonstrative-noun-oblique-particle-sape_MonPl-06","MonPl-06","adposition & demonstrative & noun & oblique & particle & sape","#ff42f9"
"adjective-adposition-demonstrative-noun-oblique-particle-sape_MonPl-06","MonPl-06","adjective & adposition & demonstrative & noun & oblique & particle & sape","#6662dc"
"adverb-demonstrative-noun-oblique-particle-sape_MonPl-06","MonPl-06","adverb & demonstrative & noun & oblique & particle & sape","#568a55"
"adjective-adverb-demonstrative-noun-oblique-particle-sape_MonPl-06","MonPl-06","adjective & adverb & demonstrative & noun & oblique & particle & sape","#00e8fe"
"adposition-adverb-demonstrative-noun-oblique-particle-sape_MonPl-06","MonPl-06","adposition & adverb & demonstrative & noun & oblique & particle & sape","#e96063"
"adjective-adposition-adverb-demonstrative-noun-oblique-particle-sape_MonPl-06","MonPl-06","adjective & adposition & adverb & demonstrative & noun & oblique & particle & sape","#00b7fe"
"numeral-oblique-particle-sape_MonPl-06","MonPl-06","numeral & oblique & particle & sape","#d53d1c"
"adjective-numeral-oblique-particle-sape_MonPl-06","MonPl-06","adjective & numeral & oblique & particle & sape","#1c6875"
"adposition-numeral-oblique-particle-sape_MonPl-06","MonPl-06","adposition & numeral & oblique & particle & sape","#3d93bb"
"adjective-adposition-numeral-oblique-particle-sape_MonPl-06","MonPl-06","adjective & adposition & numeral & oblique & particle & sape","#e8e751"
"adverb-numeral-oblique-particle-sape_MonPl-06","MonPl-06","adverb & numeral & oblique & particle & sape","#7dc8a9"
"adjective-adverb-numeral-oblique-particle-sape_MonPl-06","MonPl-06","adjective & adverb & numeral & oblique & particle & sape","#517079"
"adposition-adverb-numeral-oblique-particle-sape_MonPl-06","MonPl-06","adposition & adverb & numeral & oblique & particle & sape","#ef5d96"
"adjective-adposition-adverb-numeral-oblique-particle-sape_MonPl-06","MonPl-06","adjective & adposition & adverb & numeral & oblique & particle & sape","#7847d4"
"demonstrative-numeral-oblique-particle-sape_MonPl-06","MonPl-06","demonstrative & numeral & oblique & particle & sape","#00c4ba"
"adjective-demonstrative-numeral-oblique-particle-sape_MonPl-06","MonPl-06","adjective & demonstrative & numeral & oblique & particle & sape","#9e3560"
"adposition-demonstrative-numeral-oblique-particle-sape_MonPl-06","MonPl-06","adposition & demonstrative & numeral & oblique & particle & sape","#c622ba"
"adjective-adposition-demonstrative-numeral-oblique-particle-sape_MonPl-06","MonPl-06","adjective & adposition & demonstrative & numeral & oblique & particle & sape","#eaa28a"
"adverb-demonstrative-numeral-oblique-particle-sape_MonPl-06","MonPl-06","adverb & demonstrative & numeral & oblique & particle & sape","#42bbb8"
"adjective-adverb-demonstrative-numeral-oblique-particle-sape_MonPl-06","MonPl-06","adjective & adverb & demonstrative & numeral & oblique & particle & sape","#978ae8"
"adposition-adverb-demonstrative-numeral-oblique-particle-sape_MonPl-06","MonPl-06","adposition & adverb & demonstrative & numeral & oblique & particle & sape","#a7823b"
"adjective-adposition-adverb-demonstrative-numeral-oblique-particle-sape_MonPl-06","MonPl-06","adjective & adposition & adverb & demonstrative & numeral & oblique & particle & sape","#cc0dd2"
"noun-numeral-oblique-particle-sape_MonPl-06","MonPl-06","noun & numeral & oblique & particle & sape","#426a4b"
"adjective-noun-numeral-oblique-particle-sape_MonPl-06","MonPl-06","adjective & noun & numeral & oblique & particle & sape","#a54bc4"
"adposition-noun-numeral-oblique-particle-sape_MonPl-06","MonPl-06","adposition & noun & numeral & oblique & particle & sape","#cca072"
"adjective-adposition-noun-numeral-oblique-particle-sape_MonPl-06","MonPl-06","adjective & adposition & noun & numeral & oblique & particle & sape","#0d5db6"
"adverb-noun-numeral-oblique-particle-sape_MonPl-06","MonPl-06","adverb & noun & numeral & oblique & particle & sape","#e43538"
"adjective-adverb-noun-numeral-oblique-particle-sape_MonPl-06","MonPl-06","adjective & adverb & noun & numeral & oblique & particle & sape","#ff22fb"
"adposition-adverb-noun-numeral-oblique-particle-sape_MonPl-06","MonPl-06","adposition & adverb & noun & numeral & oblique & particle & sape","#a1bfb2"
"adjective-adposition-adverb-noun-numeral-oblique-particle-sape_MonPl-06","MonPl-06","adjective & adposition & adverb & noun & numeral & oblique & particle & sape","#d6c922"
"demonstrative-noun-numeral-oblique-particle-sape_MonPl-06","MonPl-06","demonstrative & noun & numeral & oblique & particle & sape","#ba5656"
"adjective-demonstrative-noun-numeral-oblique-particle-sape_MonPl-06","MonPl-06","adjective & demonstrative & noun & numeral & oblique & particle & sape","#dd93fc"
"adposition-demonstrative-noun-numeral-oblique-particle-sape_MonPl-06","MonPl-06","adposition & demonstrative & noun & numeral & oblique & particle & sape","#c84938"
"adjective-adposition-demonstrative-noun-numeral-oblique-particle-sape_MonPl-06","MonPl-06","adjective & adposition & demonstrative & noun & numeral & oblique & particle & sape","#e05693"
"adverb-demonstrative-noun-numeral-oblique-particle-sape_MonPl-06","MonPl-06","adverb & demonstrative & noun & numeral & oblique & particle & sape","#b9be70"
"adjective-adverb-demonstrative-noun-numeral-oblique-particle-sape_MonPl-06","MonPl-06","adjective & adverb & demonstrative & noun & numeral & oblique & particle & sape","#da4b0d"
"adposition-adverb-demonstrative-noun-numeral-oblique-particle-sape_MonPl-06","MonPl-06","adposition & adverb & demonstrative & noun & numeral & oblique & particle & sape","#cecd00"
"adjective-adposition-adverb-demonstrative-noun-numeral-oblique-particle-sape_MonPl-06","MonPl-06","adjective & adposition & adverb & demonstrative & noun & numeral & oblique & particle & sape","#7d7538"
"pronoun-sape_MonPl-06","MonPl-06","pronoun & sape","#774985"
"adjective-pronoun-sape_MonPl-06","MonPl-06","adjective & pronoun & sape","#e73bcb"
"adposition-pronoun-sape_MonPl-06","MonPl-06","adposition & pronoun & sape","#eb564b"
"adjective-adposition-pronoun-sape_MonPl-06","MonPl-06","adjective & adposition & pronoun & sape","#915f6a"
"adverb-pronoun-sape_MonPl-06","MonPl-06","adverb & pronoun & sape","#4baac4"
"adjective-adverb-pronoun-sape_MonPl-06","MonPl-06","adjective & adverb & pronoun & sape","#00dcde"
"adposition-adverb-pronoun-sape_MonPl-06","MonPl-06","adposition & adverb & pronoun & sape","#d4e8bb"
"adjective-adposition-adverb-pronoun-sape_MonPl-06","MonPl-06","adjective & adposition & adverb & pronoun & sape","#e48fa1"
"demonstrative-pronoun-sape_MonPl-06","MonPl-06","demonstrative & pronoun & sape","#8e55bb"
"adjective-demonstrative-pronoun-sape_MonPl-06","MonPl-06","adjective & demonstrative & pronoun & sape","#7d7c81"
"adposition-demonstrative-pronoun-sape_MonPl-06","MonPl-06","adposition & demonstrative & pronoun & sape","#f25fdd"
"adjective-adposition-demonstrative-pronoun-sape_MonPl-06","MonPl-06","adjective & adposition & demonstrative & pronoun & sape","#d7006d"
"adverb-demonstrative-pronoun-sape_MonPl-06","MonPl-06","adverb & demonstrative & pronoun & sape","#e29fb9"
"adjective-adverb-demonstrative-pronoun-sape_MonPl-06","MonPl-06","adjective & adverb & demonstrative & pronoun & sape","#e9651c"
"adposition-adverb-demonstrative-pronoun-sape_MonPl-06","MonPl-06","adposition & adverb & demonstrative & pronoun & sape","#875855"
"adjective-adposition-adverb-demonstrative-pronoun-sape_MonPl-06","MonPl-06","adjective & adposition & adverb & demonstrative & pronoun & sape","#5c5f88"
"noun-pronoun-sape_MonPl-06","MonPl-06","noun & pronoun & sape","#4baf8b"
"adjective-noun-pronoun-sape_MonPl-06","MonPl-06","adjective & noun & pronoun & sape","#dab100"
"adposition-noun-pronoun-sape_MonPl-06","MonPl-06","adposition & noun & pronoun & sape","#e6a2d7"
"adjective-adposition-noun-pronoun-sape_MonPl-06","MonPl-06","adjective & adposition & noun & pronoun & sape","#1ccade"
"adverb-noun-pronoun-sape_MonPl-06","MonPl-06","adverb & noun & pronoun & sape","#fa1cd4"
"adjective-adverb-noun-pronoun-sape_MonPl-06","MonPl-06","adjective & adverb & noun & pronoun & sape","#90f7a3"
"adposition-adverb-noun-pronoun-sape_MonPl-06","MonPl-06","adposition & adverb & noun & pronoun & sape","#55c689"
"adjective-adposition-adverb-noun-pronoun-sape_MonPl-06","MonPl-06","adjective & adposition & adverb & noun & pronoun & sape","#c3deee"
"demonstrative-noun-pronoun-sape_MonPl-06","MonPl-06","demonstrative & noun & pronoun & sape","#32ef8f"
"adjective-demonstrative-noun-pronoun-sape_MonPl-06","MonPl-06","adjective & demonstrative & noun & pronoun & sape","#0068a8"
"adposition-demonstrative-noun-pronoun-sape_MonPl-06","MonPl-06","adposition & demonstrative & noun & pronoun & sape","#fd42d8"
"adjective-adposition-demonstrative-noun-pronoun-sape_MonPl-06","MonPl-06","adjective & adposition & demonstrative & noun & pronoun & sape","#ffbbbc"
"adverb-demonstrative-noun-pronoun-sape_MonPl-06","MonPl-06","adverb & demonstrative & noun & pronoun & sape","#9b8fac"
"adjective-adverb-demonstrative-noun-pronoun-sape_MonPl-06","MonPl-06","adjective & adverb & demonstrative & noun & pronoun & sape","#957a3b"
"adposition-adverb-demonstrative-noun-pronoun-sape_MonPl-06","MonPl-06","adposition & adverb & demonstrative & noun & pronoun & sape","#f09c8e"
"adjective-adposition-adverb-demonstrative-noun-pronoun-sape_MonPl-06","MonPl-06","adjective & adposition & adverb & demonstrative & noun & pronoun & sape","#ab0d35"
"numeral-pronoun-sape_MonPl-06","MonPl-06","numeral & pronoun & sape","#b42eb3"
"adjective-numeral-pronoun-sape_MonPl-06","MonPl-06","adjective & numeral & pronoun & sape","#95d9b6"
"adposition-numeral-pronoun-sape_MonPl-06","MonPl-06","adposition & numeral & pronoun & sape","#f869ad"
"adjective-adposition-numeral-pronoun-sape_MonPl-06","MonPl-06","adjective & adposition & numeral & pronoun & sape","#c7ec63"
"adverb-numeral-pronoun-sape_MonPl-06","MonPl-06","adverb & numeral & pronoun & sape","#7d1cfb"
"adjective-adverb-numeral-pronoun-sape_MonPl-06","MonPl-06","adjective & adverb & numeral & pronoun & sape","#91ade8"
"adposition-adverb-numeral-pronoun-sape_MonPl-06","MonPl-06","adposition & adverb & numeral & pronoun & sape","#fb0051"
"adjective-adposition-adverb-numeral-pronoun-sape_MonPl-06","MonPl-06","adjective & adposition & adverb & numeral & pronoun & sape","#d5168f"
"demonstrative-numeral-pronoun-sape_MonPl-06","MonPl-06","demonstrative & numeral & pronoun & sape","#a34bdd"
"adjective-demonstrative-numeral-pronoun-sape_MonPl-06","MonPl-06","adjective & demonstrative & numeral & pronoun & sape","#feb171"
"adposition-demonstrative-numeral-pronoun-sape_MonPl-06","MonPl-06","adposition & demonstrative & numeral & pronoun & sape","#83ea6c"
"adjective-adposition-demonstrative-numeral-pronoun-sape_MonPl-06","MonPl-06","adjective & adposition & demonstrative & numeral & pronoun & sape","#dc4280"
"adverb-demonstrative-numeral-pronoun-sape_MonPl-06","MonPl-06","adverb & demonstrative & numeral & pronoun & sape","#df0098"
"adjective-adverb-demonstrative-numeral-pronoun-sape_MonPl-06","MonPl-06","adjective & adverb & demonstrative & numeral & pronoun & sape","#9ef5b3"
"adposition-adverb-demonstrative-numeral-pronoun-sape_MonPl-06","MonPl-06","adposition & adverb & demonstrative & numeral & pronoun & sape","#4f5866"
"adjective-adposition-adverb-demonstrative-numeral-pronoun-sape_MonPl-06","MonPl-06","adjective & adposition & adverb & demonstrative & numeral & pronoun & sape","#8f3d2e"
"noun-numeral-pronoun-sape_MonPl-06","MonPl-06","noun & numeral & pronoun & sape","#9e4f55"
"adjective-noun-numeral-pronoun-sape_MonPl-06","MonPl-06","adjective & noun & numeral & pronoun & sape","#79d84b"
"adposition-noun-numeral-pronoun-sape_MonPl-06","MonPl-06","adposition & noun & numeral & pronoun & sape","#b855af"
"adjective-adposition-noun-numeral-pronoun-sape_MonPl-06","MonPl-06","adjective & adposition & noun & numeral & pronoun & sape","#e6bb8e"
"adverb-noun-numeral-pronoun-sape_MonPl-06","MonPl-06","adverb & noun & numeral & pronoun & sape","#dd5a72"
"adjective-adverb-noun-numeral-pronoun-sape_MonPl-06","MonPl-06","adjective & adverb & noun & numeral & pronoun & sape","#ad2a35"
"adposition-adverb-noun-numeral-pronoun-sape_MonPl-06","MonPl-06","adposition & adverb & noun & numeral & pronoun & sape","#5cd2ec"
"adjective-adposition-adverb-noun-numeral-pronoun-sape_MonPl-06","MonPl-06","adjective & adposition & adverb & noun & numeral & pronoun & sape","#ff5cfa"
"demonstrative-noun-numeral-pronoun-sape_MonPl-06","MonPl-06","demonstrative & noun & numeral & pronoun & sape","#a3624b"
"adjective-demonstrative-noun-numeral-pronoun-sape_MonPl-06","MonPl-06","adjective & demonstrative & noun & numeral & pronoun & sape","#767f4f"
"adposition-demonstrative-noun-numeral-pronoun-sape_MonPl-06","MonPl-06","adposition & demonstrative & noun & numeral & pronoun & sape","#96e50d"
"adjective-adposition-demonstrative-noun-numeral-pronoun-sape_MonPl-06","MonPl-06","adjective & adposition & demonstrative & noun & numeral & pronoun & sape","#aaca89"
"adverb-demonstrative-noun-numeral-pronoun-sape_MonPl-06","MonPl-06","adverb & demonstrative & noun & numeral & pronoun & sape","#a57088"
"adjective-adverb-demonstrative-noun-numeral-pronoun-sape_MonPl-06","MonPl-06","adjective & adverb & demonstrative & noun & numeral & pronoun & sape","#ffcd95"
"adposition-adverb-demonstrative-noun-numeral-pronoun-sape_MonPl-06","MonPl-06","adposition & adverb & demonstrative & noun & numeral & pronoun & sape","#1686e4"
"adjective-adposition-adverb-demonstrative-noun-numeral-pronoun-sape_MonPl-06","MonPl-06","adjective & adposition & adverb & demonstrative & noun & numeral & pronoun & sape","#980090"
"oblique-pronoun-sape_MonPl-06","MonPl-06","oblique & pronoun & sape","#b98568"
"adjective-oblique-pronoun-sape_MonPl-06","MonPl-06","adjective & oblique & pronoun & sape","#f75699"
"adposition-oblique-pronoun-sape_MonPl-06","MonPl-06","adposition & oblique & pronoun & sape","#42fcd3"
"adjective-adposition-oblique-pronoun-sape_MonPl-06","MonPl-06","adjective & adposition & oblique & pronoun & sape","#efb1ec"
"adverb-oblique-pronoun-sape_MonPl-06","MonPl-06","adverb & oblique & pronoun & sape","#22d526"
"adjective-adverb-oblique-pronoun-sape_MonPl-06","MonPl-06","adjective & adverb & oblique & pronoun & sape","#5db4c6"
"adposition-adverb-oblique-pronoun-sape_MonPl-06","MonPl-06","adposition & adverb & oblique & pronoun & sape","#ff26c7"
"adjective-adposition-adverb-oblique-pronoun-sape_MonPl-06","MonPl-06","adjective & adposition & adverb & oblique & pronoun & sape","#77aed4"
"demonstrative-oblique-pronoun-sape_MonPl-06","MonPl-06","demonstrative & oblique & pronoun & sape","#ba3be9"
"adjective-demonstrative-oblique-pronoun-sape_MonPl-06","MonPl-06","adjective & demonstrative & oblique & pronoun & sape","#00a31c"
"adposition-demonstrative-oblique-pronoun-sape_MonPl-06","MonPl-06","adposition & demonstrative & oblique & pronoun & sape","#ca808b"
"adjective-adposition-demonstrative-oblique-pronoun-sape_MonPl-06","MonPl-06","adjective & adposition & demonstrative & oblique & pronoun & sape","#53b2f0"
"adverb-demonstrative-oblique-pronoun-sape_MonPl-06","MonPl-06","adverb & demonstrative & oblique & pronoun & sape","#d72afc"
"adjective-adverb-demonstrative-oblique-pronoun-sape_MonPl-06","MonPl-06","adjective & adverb & demonstrative & oblique & pronoun & sape","#e8af82"
"adposition-adverb-demonstrative-oblique-pronoun-sape_MonPl-06","MonPl-06","adposition & adverb & demonstrative & oblique & pronoun & sape","#c2229f"
"adjective-adposition-adverb-demonstrative-oblique-pronoun-sape_MonPl-06","MonPl-06","adjective & adposition & adverb & demonstrative & oblique & pronoun & sape","#385316"
"noun-oblique-pronoun-sape_MonPl-06","MonPl-06","noun & oblique & pronoun & sape","#e68c26"
"adjective-noun-oblique-pronoun-sape_MonPl-06","MonPl-06","adjective & noun & oblique & pronoun & sape","#903d75"
"adposition-noun-oblique-pronoun-sape_MonPl-06","MonPl-06","adposition & noun & oblique & pronoun & sape","#fa83e3"
"adjective-adposition-noun-oblique-pronoun-sape_MonPl-06","MonPl-06","adjective & adposition & noun & oblique & pronoun & sape","#65db62"
"adverb-noun-oblique-pronoun-sape_MonPl-06","MonPl-06","adverb & noun & oblique & pronoun & sape","#c587ae"
"adjective-adverb-noun-oblique-pronoun-sape_MonPl-06","MonPl-06","adjective & adverb & noun & oblique & pronoun & sape","#0056c3"
"adposition-adverb-noun-oblique-pronoun-sape_MonPl-06","MonPl-06","adposition & adverb & noun & oblique & pronoun & sape","#4b888e"
"adjective-adposition-adverb-noun-oblique-pronoun-sape_MonPl-06","MonPl-06","adjective & adposition & adverb & noun & oblique & pronoun & sape","#d5a0e3"
"demonstrative-noun-oblique-pronoun-sape_MonPl-06","MonPl-06","demonstrative & noun & oblique & pronoun & sape","#e473ff"
"adjective-demonstrative-noun-oblique-pronoun-sape_MonPl-06","MonPl-06","adjective & demonstrative & noun & oblique & pronoun & sape","#c673bd"
"adposition-demonstrative-noun-oblique-pronoun-sape_MonPl-06","MonPl-06","adposition & demonstrative & noun & oblique & pronoun & sape","#eecca3"
"adjective-adposition-demonstrative-noun-oblique-pronoun-sape_MonPl-06","MonPl-06","adjective & adposition & demonstrative & noun & oblique & pronoun & sape","#d947d5"
"adverb-demonstrative-noun-oblique-pronoun-sape_MonPl-06","MonPl-06","adverb & demonstrative & noun & oblique & pronoun & sape","#839fed"
"adjective-adverb-demonstrative-noun-oblique-pronoun-sape_MonPl-06","MonPl-06","adjective & adverb & demonstrative & noun & oblique & pronoun & sape","#d1355c"
"adposition-adverb-demonstrative-noun-oblique-pronoun-sape_MonPl-06","MonPl-06","adposition & adverb & demonstrative & noun & oblique & pronoun & sape","#6e4069"
"adjective-adposition-adverb-demonstrative-noun-oblique-pronoun-sape_MonPl-06","MonPl-06","adjective & adposition & adverb & demonstrative & noun & oblique & pronoun & sape","#fb006a"
"numeral-oblique-pronoun-sape_MonPl-06","MonPl-06","numeral & oblique & pronoun & sape","#f8c1fd"
"adjective-numeral-oblique-pronoun-sape_MonPl-06","MonPl-06","adjective & numeral & oblique & pronoun & sape","#5f6038"
"adposition-numeral-oblique-pronoun-sape_MonPl-06","MonPl-06","adposition & numeral & oblique & pronoun & sape","#53923d"
"adjective-adposition-numeral-oblique-pronoun-sape_MonPl-06","MonPl-06","adjective & adposition & numeral & oblique & pronoun & sape","#94b79f"
"adverb-numeral-oblique-pronoun-sape_MonPl-06","MonPl-06","adverb & numeral & oblique & pronoun & sape","#fc4d8d"
"adjective-adverb-numeral-oblique-pronoun-sape_MonPl-06","MonPl-06","adjective & adverb & numeral & oblique & pronoun & sape","#821ceb"
"adposition-adverb-numeral-oblique-pronoun-sape_MonPl-06","MonPl-06","adposition & adverb & numeral & oblique & pronoun & sape","#4be940"
"adjective-adposition-adverb-numeral-oblique-pronoun-sape_MonPl-06","MonPl-06","adjective & adposition & adverb & numeral & oblique & pronoun & sape","#8e6992"
"demonstrative-numeral-oblique-pronoun-sape_MonPl-06","MonPl-06","demonstrative & numeral & oblique & pronoun & sape","#9a3b35"
"adjective-demonstrative-numeral-oblique-pronoun-sape_MonPl-06","MonPl-06","adjective & demonstrative & numeral & oblique & pronoun & sape","#e300c8"
"adposition-demonstrative-numeral-oblique-pronoun-sape_MonPl-06","MonPl-06","adposition & demonstrative & numeral & oblique & pronoun & sape","#cfadfd"
"adjective-adposition-demonstrative-numeral-oblique-pronoun-sape_MonPl-06","MonPl-06","adjective & adposition & demonstrative & numeral & oblique & pronoun & sape","#c47eca"
"adverb-demonstrative-numeral-oblique-pronoun-sape_MonPl-06","MonPl-06","adverb & demonstrative & numeral & oblique & pronoun & sape","#42f4e2"
"adjective-adverb-demonstrative-numeral-oblique-pronoun-sape_MonPl-06","MonPl-06","adjective & adverb & demonstrative & numeral & oblique & pronoun & sape","#854766"
"adposition-adverb-demonstrative-numeral-oblique-pronoun-sape_MonPl-06","MonPl-06","adposition & adverb & demonstrative & numeral & oblique & pronoun & sape","#d7703b"
"adjective-adposition-adverb-demonstrative-numeral-oblique-pronoun-sape_MonPl-06","MonPl-06","adjective & adposition & adverb & demonstrative & numeral & oblique & pronoun & sape","#c8a035"
"noun-numeral-oblique-pronoun-sape_MonPl-06","MonPl-06","noun & numeral & oblique & pronoun & sape","#a7d7e8"
"adjective-noun-numeral-oblique-pronoun-sape_MonPl-06","MonPl-06","adjective & noun & numeral & oblique & pronoun & sape","#e5b8f1"
"adposition-noun-numeral-oblique-pronoun-sape_MonPl-06","MonPl-06","adposition & noun & numeral & oblique & pronoun & sape","#c0b4e2"
"adjective-adposition-noun-numeral-oblique-pronoun-sape_MonPl-06","MonPl-06","adjective & adposition & noun & numeral & oblique & pronoun & sape","#d0d875"
"adverb-noun-numeral-oblique-pronoun-sape_MonPl-06","MonPl-06","adverb & noun & numeral & oblique & pronoun & sape","#b2c97d"
"adjective-adverb-noun-numeral-oblique-pronoun-sape_MonPl-06","MonPl-06","adjective & adverb & noun & numeral & oblique & pronoun & sape","#c8d50d"
"adposition-adverb-noun-numeral-oblique-pronoun-sape_MonPl-06","MonPl-06","adposition & adverb & noun & numeral & oblique & pronoun & sape","#81bbb9"
"adjective-adposition-adverb-noun-numeral-oblique-pronoun-sape_MonPl-06","MonPl-06","adjective & adposition & adverb & noun & numeral & oblique & pronoun & sape","#688e60"
"demonstrative-noun-numeral-oblique-pronoun-sape_MonPl-06","MonPl-06","demonstrative & noun & numeral & oblique & pronoun & sape","#c08426"
"adjective-demonstrative-noun-numeral-oblique-pronoun-sape_MonPl-06","MonPl-06","adjective & demonstrative & noun & numeral & oblique & pronoun & sape","#dfad5c"
"adposition-demonstrative-noun-numeral-oblique-pronoun-sape_MonPl-06","MonPl-06","adposition & demonstrative & noun & numeral & oblique & pronoun & sape","#632aaf"
"adjective-adposition-demonstrative-noun-numeral-oblique-pronoun-sape_MonPl-06","MonPl-06","adjective & adposition & demonstrative & noun & numeral & oblique & pronoun & sape","#89222e"
"adverb-demonstrative-noun-numeral-oblique-pronoun-sape_MonPl-06","MonPl-06","adverb & demonstrative & noun & numeral & oblique & pronoun & sape","#d73286"
"adjective-adverb-demonstrative-noun-numeral-oblique-pronoun-sape_MonPl-06","MonPl-06","adjective & adverb & demonstrative & noun & numeral & oblique & pronoun & sape","#66ff0d"
"adposition-adverb-demonstrative-noun-numeral-oblique-pronoun-sape_MonPl-06","MonPl-06","adposition & adverb & demonstrative & noun & numeral & oblique & pronoun & sape","#b9a945"
"adjective-adposition-adverb-demonstrative-noun-numeral-oblique-pronoun-sape_MonPl-06","MonPl-06","adjective & adposition & adverb & demonstrative & noun & numeral & oblique & pronoun & sape","#16fa9f"
"particle-pronoun-sape_MonPl-06","MonPl-06","particle & pronoun & sape","#b284b5"
"adjective-particle-pronoun-sape_MonPl-06","MonPl-06","adjective & particle & pronoun & sape","#d64f94"
"adposition-particle-pronoun-sape_MonPl-06","MonPl-06","adposition & particle & pronoun & sape","#1cceb3"
"adjective-adposition-particle-pronoun-sape_MonPl-06","MonPl-06","adjective & adposition & particle & pronoun & sape","#b3eeda"
"adverb-particle-pronoun-sape_MonPl-06","MonPl-06","adverb & particle & pronoun & sape","#c71c8b"
"adjective-adverb-particle-pronoun-sape_MonPl-06","MonPl-06","adjective & adverb & particle & pronoun & sape","#ae40e4"
"adposition-adverb-particle-pronoun-sape_MonPl-06","MonPl-06","adposition & adverb & particle & pronoun & sape","#e7d10d"
"adjective-adposition-adverb-particle-pronoun-sape_MonPl-06","MonPl-06","adjective & adposition & adverb & particle & pronoun & sape","#0dc4f7"
"demonstrative-particle-pronoun-sape_MonPl-06","MonPl-06","demonstrative & particle & pronoun & sape","#bdc7a1"
"adjective-demonstrative-particle-pronoun-sape_MonPl-06","MonPl-06","adjective & demonstrative & particle & pronoun & sape","#b79c00"
"adposition-demonstrative-particle-pronoun-sape_MonPl-06","MonPl-06","adposition & demonstrative & particle & pronoun & sape","#265680"
"adjective-adposition-demonstrative-particle-pronoun-sape_MonPl-06","MonPl-06","adjective & adposition & demonstrative & particle & pronoun & sape","#f7269c"
"adverb-demonstrative-particle-pronoun-sape_MonPl-06","MonPl-06","adverb & demonstrative & particle & pronoun & sape","#dd5afc"
"adjective-adverb-demonstrative-particle-pronoun-sape_MonPl-06","MonPl-06","adjective & adverb & demonstrative & particle & pronoun & sape","#9173b5"
"adposition-adverb-demonstrative-particle-pronoun-sape_MonPl-06","MonPl-06","adposition & adverb & demonstrative & particle & pronoun & sape","#fb5cbd"
"adjective-adposition-adverb-demonstrative-particle-pronoun-sape_MonPl-06","MonPl-06","adjective & adposition & adverb & demonstrative & particle & pronoun & sape","#991cb0"
"noun-particle-pronoun-sape_MonPl-06","MonPl-06","noun & particle & pronoun & sape","#87637c"
"adjective-noun-particle-pronoun-sape_MonPl-06","MonPl-06","adjective & noun & particle & pronoun & sape","#5dc2ca"
"adposition-noun-particle-pronoun-sape_MonPl-06","MonPl-06","adposition & noun & particle & pronoun & sape","#8176d5"
"adjective-adposition-noun-particle-pronoun-sape_MonPl-06","MonPl-06","adjective & adposition & noun & particle & pronoun & sape","#cb4ff2"
"adverb-noun-particle-pronoun-sape_MonPl-06","MonPl-06","adverb & noun & particle & pronoun & sape","#ffd48f"
"adjective-adverb-noun-particle-pronoun-sape_MonPl-06","MonPl-06","adjective & adverb & noun & particle & pronoun & sape","#60dc9f"
"adposition-adverb-noun-particle-pronoun-sape_MonPl-06","MonPl-06","adposition & adverb & noun & particle & pronoun & sape","#ec9616"
"adjective-adposition-adverb-noun-particle-pronoun-sape_MonPl-06","MonPl-06","adjective & adposition & adverb & noun & particle & pronoun & sape","#a0f1cd"
"demonstrative-noun-particle-pronoun-sape_MonPl-06","MonPl-06","demonstrative & noun & particle & pronoun & sape","#cb68b9"
"adjective-demonstrative-noun-particle-pronoun-sape_MonPl-06","MonPl-06","adjective & demonstrative & noun & particle & pronoun & sape","#d047fe"
"adposition-demonstrative-noun-particle-pronoun-sape_MonPl-06","MonPl-06","adposition & demonstrative & noun & particle & pronoun & sape","#6c76d3"
"adjective-adposition-demonstrative-noun-particle-pronoun-sape_MonPl-06","MonPl-06","adjective & adposition & demonstrative & noun & particle & pronoun & sape","#7694d4"
"adverb-demonstrative-noun-particle-pronoun-sape_MonPl-06","MonPl-06","adverb & demonstrative & noun & particle & pronoun & sape","#c4b187"
"adjective-adverb-demonstrative-noun-particle-pronoun-sape_MonPl-06","MonPl-06","adjective & adverb & demonstrative & noun & particle & pronoun & sape","#00cda8"
"adposition-adverb-demonstrative-noun-particle-pronoun-sape_MonPl-06","MonPl-06","adposition & adverb & demonstrative & noun & particle & pronoun & sape","#7ccc65"
"adjective-adposition-adverb-demonstrative-noun-particle-pronoun-sape_MonPl-06","MonPl-06","adjective & adposition & adverb & demonstrative & noun & particle & pronoun & sape","#99a3fb"
"numeral-particle-pronoun-sape_MonPl-06","MonPl-06","numeral & particle & pronoun & sape","#fea3ec"
"adjective-numeral-particle-pronoun-sape_MonPl-06","MonPl-06","adjective & numeral & particle & pronoun & sape","#98d8ea"
"adposition-numeral-particle-pronoun-sape_MonPl-06","MonPl-06","adposition & numeral & particle & pronoun & sape","#92604d"
"adjective-adposition-numeral-particle-pronoun-sape_MonPl-06","MonPl-06","adjective & adposition & numeral & particle & pronoun & sape","#de0dfa"
"adverb-numeral-particle-pronoun-sape_MonPl-06","MonPl-06","adverb & numeral & particle & pronoun & sape","#35bfff"
"adjective-adverb-numeral-particle-pronoun-sape_MonPl-06","MonPl-06","adjective & adverb & numeral & particle & pronoun & sape","#ece61c"
"adposition-adverb-numeral-particle-pronoun-sape_MonPl-06","MonPl-06","adposition & adverb & numeral & particle & pronoun & sape","#c126fe"
"adjective-adposition-adverb-numeral-particle-pronoun-sape_MonPl-06","MonPl-06","adjective & adposition & adverb & numeral & particle & pronoun & sape","#accdfe"
"demonstrative-numeral-particle-pronoun-sape_MonPl-06","MonPl-06","demonstrative & numeral & particle & pronoun & sape","#535896"
"adjective-demonstrative-numeral-particle-pronoun-sape_MonPl-06","MonPl-06","adjective & demonstrative & numeral & particle & pronoun & sape","#455dad"
"adposition-demonstrative-numeral-particle-pronoun-sape_MonPl-06","MonPl-06","adposition & demonstrative & numeral & particle & pronoun & sape","#e77322"
"adjective-adposition-demonstrative-numeral-particle-pronoun-sape_MonPl-06","MonPl-06","adjective & adposition & demonstrative & numeral & particle & pronoun & sape","#fd94ec"
"adverb-demonstrative-numeral-particle-pronoun-sape_MonPl-06","MonPl-06","adverb & demonstrative & numeral & particle & pronoun & sape","#9f639f"
"adjective-adverb-demonstrative-numeral-particle-pronoun-sape_MonPl-06","MonPl-06","adjective & adverb & demonstrative & numeral & particle & pronoun & sape","#d98b84"
"adposition-adverb-demonstrative-numeral-particle-pronoun-sape_MonPl-06","MonPl-06","adposition & adverb & demonstrative & numeral & particle & pronoun & sape","#359ffd"
"adjective-adposition-adverb-demonstrative-numeral-particle-pronoun-sape_MonPl-06","MonPl-06","adjective & adposition & adverb & demonstrative & numeral & particle & pronoun & sape","#fbb2ca"
"noun-numeral-particle-pronoun-sape_MonPl-06","MonPl-06","noun & numeral & particle & pronoun & sape","#9de9ce"
"adjective-noun-numeral-particle-pronoun-sape_MonPl-06","MonPl-06","adjective & noun & numeral & particle & pronoun & sape","#d85cbb"
"adposition-noun-numeral-particle-pronoun-sape_MonPl-06","MonPl-06","adposition & noun & numeral & particle & pronoun & sape","#ad91ed"
"adjective-adposition-noun-numeral-particle-pronoun-sape_MonPl-06","MonPl-06","adjective & adposition & noun & numeral & particle & pronoun & sape","#6d9e80"
"adverb-noun-numeral-particle-pronoun-sape_MonPl-06","MonPl-06","adverb & noun & numeral & particle & pronoun & sape","#9f471c"
"adjective-adverb-noun-numeral-particle-pronoun-sape_MonPl-06","MonPl-06","adjective & adverb & noun & numeral & particle & pronoun & sape","#7ebb40"
"adposition-adverb-noun-numeral-particle-pronoun-sape_MonPl-06","MonPl-06","adposition & adverb & noun & numeral & particle & pronoun & sape","#dab97f"
"adjective-adposition-adverb-noun-numeral-particle-pronoun-sape_MonPl-06","MonPl-06","adjective & adposition & adverb & noun & numeral & particle & pronoun & sape","#6eff4f"
"demonstrative-noun-numeral-particle-pronoun-sape_MonPl-06","MonPl-06","demonstrative & noun & numeral & particle & pronoun & sape","#b6eae5"
"adjective-demonstrative-noun-numeral-particle-pronoun-sape_MonPl-06","MonPl-06","adjective & demonstrative & noun & numeral & particle & pronoun & sape","#4500e5"
"adposition-demonstrative-noun-numeral-particle-pronoun-sape_MonPl-06","MonPl-06","adposition & demonstrative & noun & numeral & particle & pronoun & sape","#5cbd0d"
"adjective-adposition-demonstrative-noun-numeral-particle-pronoun-sape_MonPl-06","MonPl-06","adjective & adposition & demonstrative & noun & numeral & particle & pronoun & sape","#d18dc8"
"adverb-demonstrative-noun-numeral-particle-pronoun-sape_MonPl-06","MonPl-06","adverb & demonstrative & noun & numeral & particle & pronoun & sape","#ce22e4"
"adjective-adverb-demonstrative-noun-numeral-particle-pronoun-sape_MonPl-06","MonPl-06","adjective & adverb & demonstrative & noun & numeral & particle & pronoun & sape","#cbd389"
"adposition-adverb-demonstrative-noun-numeral-particle-pronoun-sape_MonPl-06","MonPl-06","adposition & adverb & demonstrative & noun & numeral & particle & pronoun & sape","#fbaf00"
"adjective-adposition-adverb-demonstrative-noun-numeral-particle-pronoun-sape_MonPl-06","MonPl-06","adjective & adposition & adverb & demonstrative & noun & numeral & particle & pronoun & sape","#fb6d9a"
"oblique-particle-pronoun-sape_MonPl-06","MonPl-06","oblique & particle & pronoun & sape","#fcaa62"
"adjective-oblique-particle-pronoun-sape_MonPl-06","MonPl-06","adjective & oblique & particle & pronoun & sape","#abb798"
"adposition-oblique-particle-pronoun-sape_MonPl-06","MonPl-06","adposition & oblique & particle & pronoun & sape","#a39dfd"
"adjective-adposition-oblique-particle-pronoun-sape_MonPl-06","MonPl-06","adjective & adposition & oblique & particle & pronoun & sape","#efbfc7"
"adverb-oblique-particle-pronoun-sape_MonPl-06","MonPl-06","adverb & oblique & particle & pronoun & sape","#d4949d"
"adjective-adverb-oblique-particle-pronoun-sape_MonPl-06","MonPl-06","adjective & adverb & oblique & particle & pronoun & sape","#1cb680"
"adposition-adverb-oblique-particle-pronoun-sape_MonPl-06","MonPl-06","adposition & adverb & oblique & particle & pronoun & sape","#e888aa"
"adjective-adposition-adverb-oblique-particle-pronoun-sape_MonPl-06","MonPl-06","adjective & adposition & adverb & oblique & particle & pronoun & sape","#935afa"
"demonstrative-oblique-particle-pronoun-sape_MonPl-06","MonPl-06","demonstrative & oblique & particle & pronoun & sape","#bec360"
"adjective-demonstrative-oblique-particle-pronoun-sape_MonPl-06","MonPl-06","adjective & demonstrative & oblique & particle & pronoun & sape","#e445e6"
"adposition-demonstrative-oblique-particle-pronoun-sape_MonPl-06","MonPl-06","adposition & demonstrative & oblique & particle & pronoun & sape","#68602e"
"adjective-adposition-demonstrative-oblique-particle-pronoun-sape_MonPl-06","MonPl-06","adjective & adposition & demonstrative & oblique & particle & pronoun & sape","#e7b4d8"
"adverb-demonstrative-oblique-particle-pronoun-sape_MonPl-06","MonPl-06","adverb & demonstrative & oblique & particle & pronoun & sape","#cb81f0"
"adjective-adverb-demonstrative-oblique-particle-pronoun-sape_MonPl-06","MonPl-06","adjective & adverb & demonstrative & oblique & particle & pronoun & sape","#9b47e1"
"adposition-adverb-demonstrative-oblique-particle-pronoun-sape_MonPl-06","MonPl-06","adposition & adverb & demonstrative & oblique & particle & pronoun & sape","#b82ebe"
"adjective-adposition-adverb-demonstrative-oblique-particle-pronoun-sape_MonPl-06","MonPl-06","adjective & adposition & adverb & demonstrative & oblique & particle & pronoun & sape","#4949b0"
"noun-oblique-particle-pronoun-sape_MonPl-06","MonPl-06","noun & oblique & particle & pronoun & sape","#becb4b"
"adjective-noun-oblique-particle-pronoun-sape_MonPl-06","MonPl-06","adjective & noun & oblique & particle & pronoun & sape","#ab6cb2"
"adposition-noun-oblique-particle-pronoun-sape_MonPl-06","MonPl-06","adposition & noun & oblique & particle & pronoun & sape","#c85649"
"adjective-adposition-noun-oblique-particle-pronoun-sape_MonPl-06","MonPl-06","adjective & adposition & noun & oblique & particle & pronoun & sape","#22fc58"
"adverb-noun-oblique-particle-pronoun-sape_MonPl-06","MonPl-06","adverb & noun & oblique & particle & pronoun & sape","#a2aad0"
"adjective-adverb-noun-oblique-particle-pronoun-sape_MonPl-06","MonPl-06","adjective & adverb & noun & oblique & particle & pronoun & sape","#c0aae4"
"adposition-adverb-noun-oblique-particle-pronoun-sape_MonPl-06","MonPl-06","adposition & adverb & noun & oblique & particle & pronoun & sape","#ffde94"
"adjective-adposition-adverb-noun-oblique-particle-pronoun-sape_MonPl-06","MonPl-06","adjective & adposition & adverb & noun & oblique & particle & pronoun & sape","#d39494"
"demonstrative-noun-oblique-particle-pronoun-sape_MonPl-06","MonPl-06","demonstrative & noun & oblique & particle & pronoun & sape","#de53ae"
"adjective-demonstrative-noun-oblique-particle-pronoun-sape_MonPl-06","MonPl-06","adjective & demonstrative & noun & oblique & particle & pronoun & sape","#e2e5bd"
"adposition-demonstrative-noun-oblique-particle-pronoun-sape_MonPl-06","MonPl-06","adposition & demonstrative & noun & oblique & particle & pronoun & sape","#a2aec4"
"adjective-adposition-demonstrative-noun-oblique-particle-pronoun-sape_MonPl-06","MonPl-06","adjective & adposition & demonstrative & noun & oblique & particle & pronoun & sape","#1693fa"
"adverb-demonstrative-noun-oblique-particle-pronoun-sape_MonPl-06","MonPl-06","adverb & demonstrative & noun & oblique & particle & pronoun & sape","#c44f71"
"adjective-adverb-demonstrative-noun-oblique-particle-pronoun-sape_MonPl-06","MonPl-06","adjective & adverb & demonstrative & noun & oblique & particle & pronoun & sape","#734240"
"adposition-adverb-demonstrative-noun-oblique-particle-pronoun-sape_MonPl-06","MonPl-06","adposition & adverb & demonstrative & noun & oblique & particle & pronoun & sape","#dfe793"
"adjective-adposition-adverb-demonstrative-noun-oblique-particle-pronoun-sape_MonPl-06","MonPl-06","adjective & adposition & adverb & demonstrative & noun & oblique & particle & pronoun & sape","#97f50d"
"numeral-oblique-particle-pronoun-sape_MonPl-06","MonPl-06","numeral & oblique & particle & pronoun & sape","#788672"
"adjective-numeral-oblique-particle-pronoun-sape_MonPl-06","MonPl-06","adjective & numeral & oblique & particle & pronoun & sape","#a958a6"
"adposition-numeral-oblique-particle-pronoun-sape_MonPl-06","MonPl-06","adposition & numeral & oblique & particle & pronoun & sape","#835cd7"
"adjective-adposition-numeral-oblique-particle-pronoun-sape_MonPl-06","MonPl-06","adjective & adposition & numeral & oblique & particle & pronoun & sape","#d692a6"
"adverb-numeral-oblique-particle-pronoun-sape_MonPl-06","MonPl-06","adverb & numeral & oblique & particle & pronoun & sape","#9758b9"
"adjective-adverb-numeral-oblique-particle-pronoun-sape_MonPl-06","MonPl-06","adjective & adverb & numeral & oblique & particle & pronoun & sape","#b656c0"
"adposition-adverb-numeral-oblique-particle-pronoun-sape_MonPl-06","MonPl-06","adposition & adverb & numeral & oblique & particle & pronoun & sape","#8b8fe3"
"adjective-adposition-adverb-numeral-oblique-particle-pronoun-sape_MonPl-06","MonPl-06","adjective & adposition & adverb & numeral & oblique & particle & pronoun & sape","#6800e0"
"demonstrative-numeral-oblique-particle-pronoun-sape_MonPl-06","MonPl-06","demonstrative & numeral & oblique & particle & pronoun & sape","#b67388"
"adjective-demonstrative-numeral-oblique-particle-pronoun-sape_MonPl-06","MonPl-06","adjective & demonstrative & numeral & oblique & particle & pronoun & sape","#c0adfe"
"adposition-demonstrative-numeral-oblique-particle-pronoun-sape_MonPl-06","MonPl-06","adposition & demonstrative & numeral & oblique & particle & pronoun & sape","#ba7355"
"adjective-adposition-demonstrative-numeral-oblique-particle-pronoun-sape_MonPl-06","MonPl-06","adjective & adposition & demonstrative & numeral & oblique & particle & pronoun & sape","#71e9ff"
"adverb-demonstrative-numeral-oblique-particle-pronoun-sape_MonPl-06","MonPl-06","adverb & demonstrative & numeral & oblique & particle & pronoun & sape","#80ca53"
"adjective-adverb-demonstrative-numeral-oblique-particle-pronoun-sape_MonPl-06","MonPl-06","adjective & adverb & demonstrative & numeral & oblique & particle & pronoun & sape","#6a56fd"
"adposition-adverb-demonstrative-numeral-oblique-particle-pronoun-sape_MonPl-06","MonPl-06","adposition & adverb & demonstrative & numeral & oblique & particle & pronoun & sape","#d8167a"
"adjective-adposition-adverb-demonstrative-numeral-oblique-particle-pronoun-sape_MonPl-06","MonPl-06","adjective & adposition & adverb & demonstrative & numeral & oblique & particle & pronoun & sape","#78e281"
"noun-numeral-oblique-particle-pronoun-sape_MonPl-06","MonPl-06","noun & numeral & oblique & particle & pronoun & sape","#f9db9d"
"adjective-noun-numeral-oblique-particle-pronoun-sape_MonPl-06","MonPl-06","adjective & noun & numeral & oblique & particle & pronoun & sape","#ca5fae"
"adposition-noun-numeral-oblique-particle-pronoun-sape_MonPl-06","MonPl-06","adposition & noun & numeral & oblique & particle & pronoun & sape","#dee0fb"
"adjective-adposition-noun-numeral-oblique-particle-pronoun-sape_MonPl-06","MonPl-06","adjective & adposition & noun & numeral & oblique & particle & pronoun & sape","#65cfc9"
"adverb-noun-numeral-oblique-particle-pronoun-sape_MonPl-06","MonPl-06","adverb & noun & numeral & oblique & particle & pronoun & sape","#1cb63b"
"adjective-adverb-noun-numeral-oblique-particle-pronoun-sape_MonPl-06","MonPl-06","adjective & adverb & noun & numeral & oblique & particle & pronoun & sape","#94f686"
"adposition-adverb-noun-numeral-oblique-particle-pronoun-sape_MonPl-06","MonPl-06","adposition & adverb & noun & numeral & oblique & particle & pronoun & sape","#ed6895"
"adjective-adposition-adverb-noun-numeral-oblique-particle-pronoun-sape_MonPl-06","MonPl-06","adjective & adposition & adverb & noun & numeral & oblique & particle & pronoun & sape","#ac00d4"
"demonstrative-noun-numeral-oblique-particle-pronoun-sape_MonPl-06","MonPl-06","demonstrative & noun & numeral & oblique & particle & pronoun & sape","#536ec0"
"adjective-demonstrative-noun-numeral-oblique-particle-pronoun-sape_MonPl-06","MonPl-06","adjective & demonstrative & noun & numeral & oblique & particle & pronoun & sape","#5c8b87"
"adposition-demonstrative-noun-numeral-oblique-particle-pronoun-sape_MonPl-06","MonPl-06","adposition & demonstrative & noun & numeral & oblique & particle & pronoun & sape","#be1c6a"
"adjective-adposition-demonstrative-noun-numeral-oblique-particle-pronoun-sape_MonPl-06","MonPl-06","adjective & adposition & demonstrative & noun & numeral & oblique & particle & pronoun & sape","#e08679"
"adverb-demonstrative-noun-numeral-oblique-particle-pronoun-sape_MonPl-06","MonPl-06","adverb & demonstrative & noun & numeral & oblique & particle & pronoun & sape","#b1d1d6"
"adjective-adverb-demonstrative-noun-numeral-oblique-particle-pronoun-sape_MonPl-06","MonPl-06","adjective & adverb & demonstrative & noun & numeral & oblique & particle & pronoun & sape","#9fc8df"
"adposition-adverb-demonstrative-noun-numeral-oblique-particle-pronoun-sape_MonPl-06","MonPl-06","adposition & adverb & demonstrative & noun & numeral & oblique & particle & pronoun & sape","#adcba9"
"adjective-adposition-adverb-demonstrative-noun-numeral-oblique-particle-pronoun-sape_MonPl-06","MonPl-06","adjective & adposition & adverb & demonstrative & noun & numeral & oblique & particle & pronoun & sape","#35dcff"
"subordinate-clause_MonPl-06","MonPl-06","subordinate clause","#9e8671"
"adjective-subordinate-clause_MonPl-06","MonPl-06","adjective & subordinate clause","#4d4ba5"
"adposition-subordinate-clause_MonPl-06","MonPl-06","adposition & subordinate clause","#a9722a"
"adjective-adposition-subordinate-clause_MonPl-06","MonPl-06","adjective & adposition & subordinate clause","#d900e7"
"adverb-subordinate-clause_MonPl-06","MonPl-06","adverb & subordinate clause","#c2c594"
"adjective-adverb-subordinate-clause_MonPl-06","MonPl-06","adjective & adverb & subordinate clause","#c08640"
"adposition-adverb-subordinate-clause_MonPl-06","MonPl-06","adposition & adverb & subordinate clause","#0dd1fc"
"adjective-adposition-adverb-subordinate-clause_MonPl-06","MonPl-06","adjective & adposition & adverb & subordinate clause","#8e1616"
"demonstrative-subordinate-clause_MonPl-06","MonPl-06","demonstrative & subordinate clause","#eb4f95"
"adjective-demonstrative-subordinate-clause_MonPl-06","MonPl-06","adjective & demonstrative & subordinate clause","#9a227a"
"adposition-demonstrative-subordinate-clause_MonPl-06","MonPl-06","adposition & demonstrative & subordinate clause","#fdae3d"
"adjective-adposition-demonstrative-subordinate-clause_MonPl-06","MonPl-06","adjective & adposition & demonstrative & subordinate clause","#ae7f00"
"adverb-demonstrative-subordinate-clause_MonPl-06","MonPl-06","adverb & demonstrative & subordinate clause","#b1aaf2"
"adjective-adverb-demonstrative-subordinate-clause_MonPl-06","MonPl-06","adjective & adverb & demonstrative & subordinate clause","#55c875"
"adposition-adverb-demonstrative-subordinate-clause_MonPl-06","MonPl-06","adposition & adverb & demonstrative & subordinate clause","#26ce94"
"adjective-adposition-adverb-demonstrative-subordinate-clause_MonPl-06","MonPl-06","adjective & adposition & adverb & demonstrative & subordinate clause","#f672d3"
"noun-subordinate-clause_MonPl-06","MonPl-06","noun & subordinate clause","#42e353"
"adjective-noun-subordinate-clause_MonPl-06","MonPl-06","adjective & noun & subordinate clause","#b3ceca"
"adposition-noun-subordinate-clause_MonPl-06","MonPl-06","adposition & noun & subordinate clause","#70904d"
"adjective-adposition-noun-subordinate-clause_MonPl-06","MonPl-06","adjective & adposition & noun & subordinate clause","#168e76"
"adverb-noun-subordinate-clause_MonPl-06","MonPl-06","adverb & noun & subordinate clause","#6e2e82"
"adjective-adverb-noun-subordinate-clause_MonPl-06","MonPl-06","adjective & adverb & noun & subordinate clause","#dcc000"
"adposition-adverb-noun-subordinate-clause_MonPl-06","MonPl-06","adposition & adverb & noun & subordinate clause","#f026a0"
"adjective-adposition-adverb-noun-subordinate-clause_MonPl-06","MonPl-06","adjective & adposition & adverb & noun & subordinate clause","#fcb1e2"
"demonstrative-noun-subordinate-clause_MonPl-06","MonPl-06","demonstrative & noun & subordinate clause","#9088c7"
"adjective-demonstrative-noun-subordinate-clause_MonPl-06","MonPl-06","adjective & demonstrative & noun & subordinate clause","#98b1fb"
"adposition-demonstrative-noun-subordinate-clause_MonPl-06","MonPl-06","adposition & demonstrative & noun & subordinate clause","#4072c6"
"adjective-adposition-demonstrative-noun-subordinate-clause_MonPl-06","MonPl-06","adjective & adposition & demonstrative & noun & subordinate clause","#955381"
"adverb-demonstrative-noun-subordinate-clause_MonPl-06","MonPl-06","adverb & demonstrative & noun & subordinate clause","#825cff"
"adjective-adverb-demonstrative-noun-subordinate-clause_MonPl-06","MonPl-06","adjective & adverb & demonstrative & noun & subordinate clause","#9e45b3"
"adposition-adverb-demonstrative-noun-subordinate-clause_MonPl-06","MonPl-06","adposition & adverb & demonstrative & noun & subordinate clause","#4b8da7"
"adjective-adposition-adverb-demonstrative-noun-subordinate-clause_MonPl-06","MonPl-06","adjective & adposition & adverb & demonstrative & noun & subordinate clause","#534932"
"numeral-subordinate-clause_MonPl-06","MonPl-06","numeral & subordinate clause","#ee9fcb"
"adjective-numeral-subordinate-clause_MonPl-06","MonPl-06","adjective & numeral & subordinate clause","#728eb7"
"adposition-numeral-subordinate-clause_MonPl-06","MonPl-06","adposition & numeral & subordinate clause","#b13db8"
"adjective-adposition-numeral-subordinate-clause_MonPl-06","MonPl-06","adjective & adposition & numeral & subordinate clause","#5f692a"
"adverb-numeral-subordinate-clause_MonPl-06","MonPl-06","adverb & numeral & subordinate clause","#eacd4b"
"adjective-adverb-numeral-subordinate-clause_MonPl-06","MonPl-06","adjective & adverb & numeral & subordinate clause","#b78cf2"
"adposition-adverb-numeral-subordinate-clause_MonPl-06","MonPl-06","adposition & adverb & numeral & subordinate clause","#62705a"
"adjective-adposition-adverb-numeral-subordinate-clause_MonPl-06","MonPl-06","adjective & adposition & adverb & numeral & subordinate clause","#4d4956"
"demonstrative-numeral-subordinate-clause_MonPl-06","MonPl-06","demonstrative & numeral & subordinate clause","#fac5d7"
"adjective-demonstrative-numeral-subordinate-clause_MonPl-06","MonPl-06","adjective & demonstrative & numeral & subordinate clause","#a9eba8"
"adposition-demonstrative-numeral-subordinate-clause_MonPl-06","MonPl-06","adposition & demonstrative & numeral & subordinate clause","#b279e2"
"adjective-adposition-demonstrative-numeral-subordinate-clause_MonPl-06","MonPl-06","adjective & adposition & demonstrative & numeral & subordinate clause","#d1799d"
"adverb-demonstrative-numeral-subordinate-clause_MonPl-06","MonPl-06","adverb & demonstrative & numeral & subordinate clause","#b20d98"
"adjective-adverb-demonstrative-numeral-subordinate-clause_MonPl-06","MonPl-06","adjective & adverb & demonstrative & numeral & subordinate clause","#0d766a"
"adposition-adverb-demonstrative-numeral-subordinate-clause_MonPl-06","MonPl-06","adposition & adverb & demonstrative & numeral & subordinate clause","#c0aad0"
"adjective-adposition-adverb-demonstrative-numeral-subordinate-clause_MonPl-06","MonPl-06","adjective & adposition & adverb & demonstrative & numeral & subordinate clause","#c44500"
"noun-numeral-subordinate-clause_MonPl-06","MonPl-06","noun & numeral & subordinate clause","#164fdb"
"adjective-noun-numeral-subordinate-clause_MonPl-06","MonPl-06","adjective & noun & numeral & subordinate clause","#9162e8"
"adposition-noun-numeral-subordinate-clause_MonPl-06","MonPl-06","adposition & noun & numeral & subordinate clause","#96b475"
"adjective-adposition-noun-numeral-subordinate-clause_MonPl-06","MonPl-06","adjective & adposition & noun & numeral & subordinate clause","#6a9be8"
"adverb-noun-numeral-subordinate-clause_MonPl-06","MonPl-06","adverb & noun & numeral & subordinate clause","#d17f95"
"adjective-adverb-noun-numeral-subordinate-clause_MonPl-06","MonPl-06","adjective & adverb & noun & numeral & subordinate clause","#fdadbc"
"adposition-adverb-noun-numeral-subordinate-clause_MonPl-06","MonPl-06","adposition & adverb & noun & numeral & subordinate clause","#5d5a60"
"adjective-adposition-adverb-noun-numeral-subordinate-clause_MonPl-06","MonPl-06","adjective & adposition & adverb & noun & numeral & subordinate clause","#fb684d"
"demonstrative-noun-numeral-subordinate-clause_MonPl-06","MonPl-06","demonstrative & noun & numeral & subordinate clause","#77cee8"
"adjective-demonstrative-noun-numeral-subordinate-clause_MonPl-06","MonPl-06","adjective & demonstrative & noun & numeral & subordinate clause","#b70d82"
"adposition-demonstrative-noun-numeral-subordinate-clause_MonPl-06","MonPl-06","adposition & demonstrative & noun & numeral & subordinate clause","#84d5c8"
"adjective-adposition-demonstrative-noun-numeral-subordinate-clause_MonPl-06","MonPl-06","adjective & adposition & demonstrative & noun & numeral & subordinate clause","#6081da"
"adverb-demonstrative-noun-numeral-subordinate-clause_MonPl-06","MonPl-06","adverb & demonstrative & noun & numeral & subordinate clause","#d0cae9"
"adjective-adverb-demonstrative-noun-numeral-subordinate-clause_MonPl-06","MonPl-06","adjective & adverb & demonstrative & noun & numeral & subordinate clause","#707684"
"adposition-adverb-demonstrative-noun-numeral-subordinate-clause_MonPl-06","MonPl-06","adposition & adverb & demonstrative & noun & numeral & subordinate clause","#f0a077"
"adjective-adposition-adverb-demonstrative-noun-numeral-subordinate-clause_MonPl-06","MonPl-06","adjective & adposition & adverb & demonstrative & noun & numeral & subordinate clause","#e2eb16"
"oblique-subordinate-clause_MonPl-06","MonPl-06","oblique & subordinate clause","#7fbd79"
"adjective-oblique-subordinate-clause_MonPl-06","MonPl-06","adjective & oblique & subordinate clause","#f43dc4"
"adposition-oblique-subordinate-clause_MonPl-06","MonPl-06","adposition & oblique & subordinate clause","#68c983"
"adjective-adposition-oblique-subordinate-clause_MonPl-06","MonPl-06","adjective & adposition & oblique & subordinate clause","#456d35"
"adverb-oblique-subordinate-clause_MonPl-06","MonPl-06","adverb & oblique & subordinate clause","#62eb2a"
"adjective-adverb-oblique-subordinate-clause_MonPl-06","MonPl-06","adjective & adverb & oblique & subordinate clause","#2addab"
"adposition-adverb-oblique-subordinate-clause_MonPl-06","MonPl-06","adposition & adverb & oblique & subordinate clause","#c8687c"
"adjective-adposition-adverb-oblique-subordinate-clause_MonPl-06","MonPl-06","adjective & adposition & adverb & oblique & subordinate clause","#8a7a6c"
"demonstrative-oblique-subordinate-clause_MonPl-06","MonPl-06","demonstrative & oblique & subordinate clause","#8e8942"
"adjective-demonstrative-oblique-subordinate-clause_MonPl-06","MonPl-06","adjective & demonstrative & oblique & subordinate clause","#d47270"
"adposition-demonstrative-oblique-subordinate-clause_MonPl-06","MonPl-06","adposition & demonstrative & oblique & subordinate clause","#e981ee"
"adjective-adposition-demonstrative-oblique-subordinate-clause_MonPl-06","MonPl-06","adjective & adposition & demonstrative & oblique & subordinate clause","#bd0090"
"adverb-demonstrative-oblique-subordinate-clause_MonPl-06","MonPl-06","adverb & demonstrative & oblique & subordinate clause","#9a2e84"
"adjective-adverb-demonstrative-oblique-subordinate-clause_MonPl-06","MonPl-06","adjective & adverb & demonstrative & oblique & subordinate clause","#0d9f5d"
"adposition-adverb-demonstrative-oblique-subordinate-clause_MonPl-06","MonPl-06","adposition & adverb & demonstrative & oblique & subordinate clause","#40c216"
"adjective-adposition-adverb-demonstrative-oblique-subordinate-clause_MonPl-06","MonPl-06","adjective & adposition & adverb & demonstrative & oblique & subordinate clause","#937200"
"noun-oblique-subordinate-clause_MonPl-06","MonPl-06","noun & oblique & subordinate clause","#684b8d"
"adjective-noun-oblique-subordinate-clause_MonPl-06","MonPl-06","adjective & noun & oblique & subordinate clause","#26813d"
"adposition-noun-oblique-subordinate-clause_MonPl-06","MonPl-06","adposition & noun & oblique & subordinate clause","#476960"
"adjective-adposition-noun-oblique-subordinate-clause_MonPl-06","MonPl-06","adjective & adposition & noun & oblique & subordinate clause","#c5cae0"
"adverb-noun-oblique-subordinate-clause_MonPl-06","MonPl-06","adverb & noun & oblique & subordinate clause","#7a6e45"
"adjective-adverb-noun-oblique-subordinate-clause_MonPl-06","MonPl-06","adjective & adverb & noun & oblique & subordinate clause","#51b1ad"
"adposition-adverb-noun-oblique-subordinate-clause_MonPl-06","MonPl-06","adposition & adverb & noun & oblique & subordinate clause","#9c88d2"
"adjective-adposition-adverb-noun-oblique-subordinate-clause_MonPl-06","MonPl-06","adjective & adposition & adverb & noun & oblique & subordinate clause","#c260fe"
"demonstrative-noun-oblique-subordinate-clause_MonPl-06","MonPl-06","demonstrative & noun & oblique & subordinate clause","#e255ea"
"adjective-demonstrative-noun-oblique-subordinate-clause_MonPl-06","MonPl-06","adjective & demonstrative & noun & oblique & subordinate clause","#9f80d7"
"adposition-demonstrative-noun-oblique-subordinate-clause_MonPl-06","MonPl-06","adposition & demonstrative & noun & oblique & subordinate clause","#d4d7a1"
"adjective-adposition-demonstrative-noun-oblique-subordinate-clause_MonPl-06","MonPl-06","adjective & adposition & demonstrative & noun & oblique & subordinate clause","#843551"
"adverb-demonstrative-noun-oblique-subordinate-clause_MonPl-06","MonPl-06","adverb & demonstrative & noun & oblique & subordinate clause","#fb84da"
"adjective-adverb-demonstrative-noun-oblique-subordinate-clause_MonPl-06","MonPl-06","adjective & adverb & demonstrative & noun & oblique & subordinate clause","#d2b558"
"adposition-adverb-demonstrative-noun-oblique-subordinate-clause_MonPl-06","MonPl-06","adposition & adverb & demonstrative & noun & oblique & subordinate clause","#bee742"
"adjective-adposition-adverb-demonstrative-noun-oblique-subordinate-clause_MonPl-06","MonPl-06","adjective & adposition & adverb & demonstrative & noun & oblique & subordinate clause","#fa6e00"
"numeral-oblique-subordinate-clause_MonPl-06","MonPl-06","numeral & oblique & subordinate clause","#6c3d47"
"adjective-numeral-oblique-subordinate-clause_MonPl-06","MonPl-06","adjective & numeral & oblique & subordinate clause","#779f66"
"adposition-numeral-oblique-subordinate-clause_MonPl-06","MonPl-06","adposition & numeral & oblique & subordinate clause","#e494d5"
"adjective-adposition-numeral-oblique-subordinate-clause_MonPl-06","MonPl-06","adjective & adposition & numeral & oblique & subordinate clause","#b2c0b8"
"adverb-numeral-oblique-subordinate-clause_MonPl-06","MonPl-06","adverb & numeral & oblique & subordinate clause","#86692a"
"adjective-adverb-numeral-oblique-subordinate-clause_MonPl-06","MonPl-06","adjective & adverb & numeral & oblique & subordinate clause","#c54296"
"adposition-adverb-numeral-oblique-subordinate-clause_MonPl-06","MonPl-06","adposition & adverb & numeral & oblique & subordinate clause","#c684df"
"adjective-adposition-adverb-numeral-oblique-subordinate-clause_MonPl-06","MonPl-06","adjective & adposition & adverb & numeral & oblique & subordinate clause","#2ee2a0"
"demonstrative-numeral-oblique-subordinate-clause_MonPl-06","MonPl-06","demonstrative & numeral & oblique & subordinate clause","#58bdb1"
"adjective-demonstrative-numeral-oblique-subordinate-clause_MonPl-06","MonPl-06","adjective & demonstrative & numeral & oblique & subordinate clause","#a3898b"
"adposition-demonstrative-numeral-oblique-subordinate-clause_MonPl-06","MonPl-06","adposition & demonstrative & numeral & oblique & subordinate clause","#60e8b2"
"adjective-adposition-demonstrative-numeral-oblique-subordinate-clause_MonPl-06","MonPl-06","adjective & adposition & demonstrative & numeral & oblique & subordinate clause","#e4975a"
"adverb-demonstrative-numeral-oblique-subordinate-clause_MonPl-06","MonPl-06","adverb & demonstrative & numeral & oblique & subordinate clause","#585578"
"adjective-adverb-demonstrative-numeral-oblique-subordinate-clause_MonPl-06","MonPl-06","adjective & adverb & demonstrative & numeral & oblique & subordinate clause","#cdc6c7"
"adposition-adverb-demonstrative-numeral-oblique-subordinate-clause_MonPl-06","MonPl-06","adposition & adverb & demonstrative & numeral & oblique & subordinate clause","#5fdfdb"
"adjective-adposition-adverb-demonstrative-numeral-oblique-subordinate-clause_MonPl-06","MonPl-06","adjective & adposition & adverb & demonstrative & numeral & oblique & subordinate clause","#e8e1c7"
"noun-numeral-oblique-subordinate-clause_MonPl-06","MonPl-06","noun & numeral & oblique & subordinate clause","#383db1"
"adjective-noun-numeral-oblique-subordinate-clause_MonPl-06","MonPl-06","adjective & noun & numeral & oblique & subordinate clause","#a9b681"
"adposition-noun-numeral-oblique-subordinate-clause_MonPl-06","MonPl-06","adposition & noun & numeral & oblique & subordinate clause","#ec35ff"
"adjective-adposition-noun-numeral-oblique-subordinate-clause_MonPl-06","MonPl-06","adjective & adposition & noun & numeral & oblique & subordinate clause","#73acc2"
"adverb-noun-numeral-oblique-subordinate-clause_MonPl-06","MonPl-06","adverb & noun & numeral & oblique & subordinate clause","#47ee6d"
"adjective-adverb-noun-numeral-oblique-subordinate-clause_MonPl-06","MonPl-06","adjective & adverb & noun & numeral & oblique & subordinate clause","#7ae9bd"
"adposition-adverb-noun-numeral-oblique-subordinate-clause_MonPl-06","MonPl-06","adposition & adverb & noun & numeral & oblique & subordinate clause","#caafe0"
"adjective-adposition-adverb-noun-numeral-oblique-subordinate-clause_MonPl-06","MonPl-06","adjective & adposition & adverb & noun & numeral & oblique & subordinate clause","#5d7216"
"demonstrative-noun-numeral-oblique-subordinate-clause_MonPl-06","MonPl-06","demonstrative & noun & numeral & oblique & subordinate clause","#ed7e00"
"adjective-demonstrative-noun-numeral-oblique-subordinate-clause_MonPl-06","MonPl-06","adjective & demonstrative & noun & numeral & oblique & subordinate clause","#92a340"
"adposition-demonstrative-noun-numeral-oblique-subordinate-clause_MonPl-06","MonPl-06","adposition & demonstrative & noun & numeral & oblique & subordinate clause","#2e6c3b"
"adjective-adposition-demonstrative-noun-numeral-oblique-subordinate-clause_MonPl-06","MonPl-06","adjective & adposition & demonstrative & noun & numeral & oblique & subordinate clause","#2258ff"
"adverb-demonstrative-noun-numeral-oblique-subordinate-clause_MonPl-06","MonPl-06","adverb & demonstrative & noun & numeral & oblique & subordinate clause","#b6a89d"
"adjective-adverb-demonstrative-noun-numeral-oblique-subordinate-clause_MonPl-06","MonPl-06","adjective & adverb & demonstrative & noun & numeral & oblique & subordinate clause","#cd00a8"
"adposition-adverb-demonstrative-noun-numeral-oblique-subordinate-clause_MonPl-06","MonPl-06","adposition & adverb & demonstrative & noun & numeral & oblique & subordinate clause","#661ca3"
"adjective-adposition-adverb-demonstrative-noun-numeral-oblique-subordinate-clause_MonPl-06","MonPl-06","adjective & adposition & adverb & demonstrative & noun & numeral & oblique & subordinate clause","#fb00eb"
"particle-subordinate-clause_MonPl-06","MonPl-06","particle & subordinate clause","#ff8b99"
"adjective-particle-subordinate-clause_MonPl-06","MonPl-06","adjective & particle & subordinate clause","#e4aa00"
"adposition-particle-subordinate-clause_MonPl-06","MonPl-06","adposition & particle & subordinate clause","#006c1c"
"adjective-adposition-particle-subordinate-clause_MonPl-06","MonPl-06","adjective & adposition & particle & subordinate clause","#b290cc"
"adverb-particle-subordinate-clause_MonPl-06","MonPl-06","adverb & particle & subordinate clause","#d05d73"
"adjective-adverb-particle-subordinate-clause_MonPl-06","MonPl-06","adjective & adverb & particle & subordinate clause","#9f6993"
"adposition-adverb-particle-subordinate-clause_MonPl-06","MonPl-06","adposition & adverb & particle & subordinate clause","#ffa2f6"
"adjective-adposition-adverb-particle-subordinate-clause_MonPl-06","MonPl-06","adjective & adposition & adverb & particle & subordinate clause","#f6e20d"
"demonstrative-particle-subordinate-clause_MonPl-06","MonPl-06","demonstrative & particle & subordinate clause","#e37d87"
"adjective-demonstrative-particle-subordinate-clause_MonPl-06","MonPl-06","adjective & demonstrative & particle & subordinate clause","#feaed5"
"adposition-demonstrative-particle-subordinate-clause_MonPl-06","MonPl-06","adposition & demonstrative & particle & subordinate clause","#ffaf94"
"adjective-adposition-demonstrative-particle-subordinate-clause_MonPl-06","MonPl-06","adjective & adposition & demonstrative & particle & subordinate clause","#d5be8d"
"adverb-demonstrative-particle-subordinate-clause_MonPl-06","MonPl-06","adverb & demonstrative & particle & subordinate clause","#918253"
"adjective-adverb-demonstrative-particle-subordinate-clause_MonPl-06","MonPl-06","adjective & adverb & demonstrative & particle & subordinate clause","#714558"
"adposition-adverb-demonstrative-particle-subordinate-clause_MonPl-06","MonPl-06","adposition & adverb & demonstrative & particle & subordinate clause","#d63de6"
"adjective-adposition-adverb-demonstrative-particle-subordinate-clause_MonPl-06","MonPl-06","adjective & adposition & adverb & demonstrative & particle & subordinate clause","#8efa71"
"noun-particle-subordinate-clause_MonPl-06","MonPl-06","noun & particle & subordinate clause","#6365d5"
"adjective-noun-particle-subordinate-clause_MonPl-06","MonPl-06","adjective & noun & particle & subordinate clause","#ba0047"
"adposition-noun-particle-subordinate-clause_MonPl-06","MonPl-06","adposition & noun & particle & subordinate clause","#69a18c"
"adjective-adposition-noun-particle-subordinate-clause_MonPl-06","MonPl-06","adjective & adposition & noun & particle & subordinate clause","#df49c0"
"adverb-noun-particle-subordinate-clause_MonPl-06","MonPl-06","adverb & noun & particle & subordinate clause","#c8bbf6"
"adjective-adverb-noun-particle-subordinate-clause_MonPl-06","MonPl-06","adjective & adverb & noun & particle & subordinate clause","#c47c0d"
"adposition-adverb-noun-particle-subordinate-clause_MonPl-06","MonPl-06","adposition & adverb & noun & particle & subordinate clause","#32c542"
"adjective-adposition-adverb-noun-particle-subordinate-clause_MonPl-06","MonPl-06","adjective & adposition & adverb & noun & particle & subordinate clause","#73beb2"
"demonstrative-noun-particle-subordinate-clause_MonPl-06","MonPl-06","demonstrative & noun & particle & subordinate clause","#c26a38"
"adjective-demonstrative-noun-particle-subordinate-clause_MonPl-06","MonPl-06","adjective & demonstrative & noun & particle & subordinate clause","#850da7"
"adposition-demonstrative-noun-particle-subordinate-clause_MonPl-06","MonPl-06","adposition & demonstrative & noun & particle & subordinate clause","#359b76"
"adjective-adposition-demonstrative-noun-particle-subordinate-clause_MonPl-06","MonPl-06","adjective & adposition & demonstrative & noun & particle & subordinate clause","#b7d669"
"adverb-demonstrative-noun-particle-subordinate-clause_MonPl-06","MonPl-06","adverb & demonstrative & noun & particle & subordinate clause","#e3c862"
"adjective-adverb-demonstrative-noun-particle-subordinate-clause_MonPl-06","MonPl-06","adjective & adverb & demonstrative & noun & particle & subordinate clause","#d0beaa"
"adposition-adverb-demonstrative-noun-particle-subordinate-clause_MonPl-06","MonPl-06","adposition & adverb & demonstrative & noun & particle & subordinate clause","#5142e5"
"adjective-adposition-adverb-demonstrative-noun-particle-subordinate-clause_MonPl-06","MonPl-06","adjective & adposition & adverb & demonstrative & noun & particle & subordinate clause","#b4006c"
"numeral-particle-subordinate-clause_MonPl-06","MonPl-06","numeral & particle & subordinate clause","#addf3d"
"adjective-numeral-particle-subordinate-clause_MonPl-06","MonPl-06","adjective & numeral & particle & subordinate clause","#e09c68"
"adposition-numeral-particle-subordinate-clause_MonPl-06","MonPl-06","adposition & numeral & particle & subordinate clause","#b3d88e"
"adjective-adposition-numeral-particle-subordinate-clause_MonPl-06","MonPl-06","adjective & adposition & numeral & particle & subordinate clause","#914d9e"
"adverb-numeral-particle-subordinate-clause_MonPl-06","MonPl-06","adverb & numeral & particle & subordinate clause","#5a7294"
"adjective-adverb-numeral-particle-subordinate-clause_MonPl-06","MonPl-06","adjective & adverb & numeral & particle & subordinate clause","#a86ee0"
"adposition-adverb-numeral-particle-subordinate-clause_MonPl-06","MonPl-06","adposition & adverb & numeral & particle & subordinate clause","#a7a5aa"
"adjective-adposition-adverb-numeral-particle-subordinate-clause_MonPl-06","MonPl-06","adjective & adposition & adverb & numeral & particle & subordinate clause","#fb90d8"
"demonstrative-numeral-particle-subordinate-clause_MonPl-06","MonPl-06","demonstrative & numeral & particle & subordinate clause","#ea2a83"
"adjective-demonstrative-numeral-particle-subordinate-clause_MonPl-06","MonPl-06","adjective & demonstrative & numeral & particle & subordinate clause","#d3735f"
"adposition-demonstrative-numeral-particle-subordinate-clause_MonPl-06","MonPl-06","adposition & demonstrative & numeral & particle & subordinate clause","#cc7ed7"
"adjective-adposition-demonstrative-numeral-particle-subordinate-clause_MonPl-06","MonPl-06","adjective & adposition & demonstrative & numeral & particle & subordinate clause","#fe3b2e"
"adverb-demonstrative-numeral-particle-subordinate-clause_MonPl-06","MonPl-06","adverb & demonstrative & numeral & particle & subordinate clause","#6a6245"
"adjective-adverb-demonstrative-numeral-particle-subordinate-clause_MonPl-06","MonPl-06","adjective & adverb & demonstrative & numeral & particle & subordinate clause","#aacc75"
"adposition-adverb-demonstrative-numeral-particle-subordinate-clause_MonPl-06","MonPl-06","adposition & adverb & demonstrative & numeral & particle & subordinate clause","#94ebb8"
"adjective-adposition-adverb-demonstrative-numeral-particle-subordinate-clause_MonPl-06","MonPl-06","adjective & adposition & adverb & demonstrative & numeral & particle & subordinate clause","#cc00b4"
"noun-numeral-particle-subordinate-clause_MonPl-06","MonPl-06","noun & numeral & particle & subordinate clause","#8835a7"
"adjective-noun-numeral-particle-subordinate-clause_MonPl-06","MonPl-06","adjective & noun & numeral & particle & subordinate clause","#58f6ed"
"adposition-noun-numeral-particle-subordinate-clause_MonPl-06","MonPl-06","adposition & noun & numeral & particle & subordinate clause","#499db2"
"adjective-adposition-noun-numeral-particle-subordinate-clause_MonPl-06","MonPl-06","adjective & adposition & noun & numeral & particle & subordinate clause","#58b67c"
"adverb-noun-numeral-particle-subordinate-clause_MonPl-06","MonPl-06","adverb & noun & numeral & particle & subordinate clause","#b649f7"
"adjective-adverb-noun-numeral-particle-subordinate-clause_MonPl-06","MonPl-06","adjective & adverb & noun & numeral & particle & subordinate clause","#f04566"
"adposition-adverb-noun-numeral-particle-subordinate-clause_MonPl-06","MonPl-06","adposition & adverb & noun & numeral & particle & subordinate clause","#819b16"
"adjective-adposition-adverb-noun-numeral-particle-subordinate-clause_MonPl-06","MonPl-06","adjective & adposition & adverb & noun & numeral & particle & subordinate clause","#97754b"
"demonstrative-noun-numeral-particle-subordinate-clause_MonPl-06","MonPl-06","demonstrative & noun & numeral & particle & subordinate clause","#ea586e"
"adjective-demonstrative-noun-numeral-particle-subordinate-clause_MonPl-06","MonPl-06","adjective & demonstrative & noun & numeral & particle & subordinate clause","#00869b"
"adposition-demonstrative-noun-numeral-particle-subordinate-clause_MonPl-06","MonPl-06","adposition & demonstrative & noun & numeral & particle & subordinate clause","#42fd71"
"adjective-adposition-demonstrative-noun-numeral-particle-subordinate-clause_MonPl-06","MonPl-06","adjective & adposition & demonstrative & noun & numeral & particle & subordinate clause","#5d424b"
"adverb-demonstrative-noun-numeral-particle-subordinate-clause_MonPl-06","MonPl-06","adverb & demonstrative & noun & numeral & particle & subordinate clause","#ed8083"
"adjective-adverb-demonstrative-noun-numeral-particle-subordinate-clause_MonPl-06","MonPl-06","adjective & adverb & demonstrative & noun & numeral & particle & subordinate clause","#bdb6da"
"adposition-adverb-demonstrative-noun-numeral-particle-subordinate-clause_MonPl-06","MonPl-06","adposition & adverb & demonstrative & noun & numeral & particle & subordinate clause","#456651"
"adjective-adposition-adverb-demonstrative-noun-numeral-particle-subordinate-clause_MonPl-06","MonPl-06","adjective & adposition & adverb & demonstrative & noun & numeral & particle & subordinate clause","#fd220d"
"oblique-particle-subordinate-clause_MonPl-06","MonPl-06","oblique & particle & subordinate clause","#737347"
"adjective-oblique-particle-subordinate-clause_MonPl-06","MonPl-06","adjective & oblique & particle & subordinate clause","#806ce2"
"adposition-oblique-particle-subordinate-clause_MonPl-06","MonPl-06","adposition & oblique & particle & subordinate clause","#6a88f5"
"adjective-adposition-oblique-particle-subordinate-clause_MonPl-06","MonPl-06","adjective & adposition & oblique & particle & subordinate clause","#552ea3"
"adverb-oblique-particle-subordinate-clause_MonPl-06","MonPl-06","adverb & oblique & particle & subordinate clause","#95bdf4"
"adjective-adverb-oblique-particle-subordinate-clause_MonPl-06","MonPl-06","adjective & adverb & oblique & particle & subordinate clause","#62fea0"
"adposition-adverb-oblique-particle-subordinate-clause_MonPl-06","MonPl-06","adposition & adverb & oblique & particle & subordinate clause","#ffc69c"
"adjective-adposition-adverb-oblique-particle-subordinate-clause_MonPl-06","MonPl-06","adjective & adposition & adverb & oblique & particle & subordinate clause","#5fb75c"
"demonstrative-oblique-particle-subordinate-clause_MonPl-06","MonPl-06","demonstrative & oblique & particle & subordinate clause","#fd9e8e"
"adjective-demonstrative-oblique-particle-subordinate-clause_MonPl-06","MonPl-06","adjective & demonstrative & oblique & particle & subordinate clause","#e05dac"
"adposition-demonstrative-oblique-particle-subordinate-clause_MonPl-06","MonPl-06","adposition & demonstrative & oblique & particle & subordinate clause","#425fa3"
"adjective-adposition-demonstrative-oblique-particle-subordinate-clause_MonPl-06","MonPl-06","adjective & adposition & demonstrative & oblique & particle & subordinate clause","#357a8d"
"adverb-demonstrative-oblique-particle-subordinate-clause_MonPl-06","MonPl-06","adverb & demonstrative & oblique & particle & subordinate clause","#c3a273"
"adjective-adverb-demonstrative-oblique-particle-subordinate-clause_MonPl-06","MonPl-06","adjective & adverb & demonstrative & oblique & particle & subordinate clause","#a7bece"
"adposition-adverb-demonstrative-oblique-particle-subordinate-clause_MonPl-06","MonPl-06","adposition & adverb & demonstrative & oblique & particle & subordinate clause","#885683"
"adjective-adposition-adverb-demonstrative-oblique-particle-subordinate-clause_MonPl-06","MonPl-06","adjective & adposition & adverb & demonstrative & oblique & particle & subordinate clause","#498c7d"
"noun-oblique-particle-subordinate-clause_MonPl-06","MonPl-06","noun & oblique & particle & subordinate clause","#fad5ee"
"adjective-noun-oblique-particle-subordinate-clause_MonPl-06","MonPl-06","adjective & noun & oblique & particle & subordinate clause","#d1714b"
"adposition-noun-oblique-particle-subordinate-clause_MonPl-06","MonPl-06","adposition & noun & oblique & particle & subordinate clause","#3da735"
"adjective-adposition-noun-oblique-particle-subordinate-clause_MonPl-06","MonPl-06","adjective & adposition & noun & oblique & particle & subordinate clause","#c8afbe"
"adverb-noun-oblique-particle-subordinate-clause_MonPl-06","MonPl-06","adverb & noun & oblique & particle & subordinate clause","#6dcb73"
"adjective-adverb-noun-oblique-particle-subordinate-clause_MonPl-06","MonPl-06","adjective & adverb & noun & oblique & particle & subordinate clause","#b7160d"
"adposition-adverb-noun-oblique-particle-subordinate-clause_MonPl-06","MonPl-06","adposition & adverb & noun & oblique & particle & subordinate clause","#8a9185"
"adjective-adposition-adverb-noun-oblique-particle-subordinate-clause_MonPl-06","MonPl-06","adjective & adposition & adverb & noun & oblique & particle & subordinate clause","#cb8cfe"
"demonstrative-noun-oblique-particle-subordinate-clause_MonPl-06","MonPl-06","demonstrative & noun & oblique & particle & subordinate clause","#beb4bb"
"adjective-demonstrative-noun-oblique-particle-subordinate-clause_MonPl-06","MonPl-06","adjective & demonstrative & noun & oblique & particle & subordinate clause","#8249a9"
"adposition-demonstrative-noun-oblique-particle-subordinate-clause_MonPl-06","MonPl-06","adposition & demonstrative & noun & oblique & particle & subordinate clause","#56e569"
"adjective-adposition-demonstrative-noun-oblique-particle-subordinate-clause_MonPl-06","MonPl-06","adjective & adposition & demonstrative & noun & oblique & particle & subordinate clause","#bbbda9"
"adverb-demonstrative-noun-oblique-particle-subordinate-clause_MonPl-06","MonPl-06","adverb & demonstrative & noun & oblique & particle & subordinate clause","#fa80a9"
"adjective-adverb-demonstrative-noun-oblique-particle-subordinate-clause_MonPl-06","MonPl-06","adjective & adverb & demonstrative & noun & oblique & particle & subordinate clause","#918784"
"adposition-adverb-demonstrative-noun-oblique-particle-subordinate-clause_MonPl-06","MonPl-06","adposition & adverb & demonstrative & noun & oblique & particle & subordinate clause","#c43dbe"
"adjective-adposition-adverb-demonstrative-noun-oblique-particle-subordinate-clause_MonPl-06","MonPl-06","adjective & adposition & adverb & demonstrative & noun & oblique & particle & subordinate clause","#fd786e"
"numeral-oblique-particle-subordinate-clause_MonPl-06","MonPl-06","numeral & oblique & particle & subordinate clause","#caaa22"
"adjective-numeral-oblique-particle-subordinate-clause_MonPl-06","MonPl-06","adjective & numeral & oblique & particle & subordinate clause","#7db2bb"
"adposition-numeral-oblique-particle-subordinate-clause_MonPl-06","MonPl-06","adposition & numeral & oblique & particle & subordinate clause","#ac4d80"
"adjective-adposition-numeral-oblique-particle-subordinate-clause_MonPl-06","MonPl-06","adjective & adposition & numeral & oblique & particle & subordinate clause","#f77f0d"
"adverb-numeral-oblique-particle-subordinate-clause_MonPl-06","MonPl-06","adverb & numeral & oblique & particle & subordinate clause","#6cb0ed"
"adjective-adverb-numeral-oblique-particle-subordinate-clause_MonPl-06","MonPl-06","adjective & adverb & numeral & oblique & particle & subordinate clause","#62b68d"
"adposition-adverb-numeral-oblique-particle-subordinate-clause_MonPl-06","MonPl-06","adposition & adverb & numeral & oblique & particle & subordinate clause","#c97e99"
"adjective-adposition-adverb-numeral-oblique-particle-subordinate-clause_MonPl-06","MonPl-06","adjective & adposition & adverb & numeral & oblique & particle & subordinate clause","#5a72a8"
"demonstrative-numeral-oblique-particle-subordinate-clause_MonPl-06","MonPl-06","demonstrative & numeral & oblique & particle & subordinate clause","#9055d5"
"adjective-demonstrative-numeral-oblique-particle-subordinate-clause_MonPl-06","MonPl-06","adjective & demonstrative & numeral & oblique & particle & subordinate clause","#e9d45f"
"adposition-demonstrative-numeral-oblique-particle-subordinate-clause_MonPl-06","MonPl-06","adposition & demonstrative & numeral & oblique & particle & subordinate clause","#ea84e5"
"adjective-adposition-demonstrative-numeral-oblique-particle-subordinate-clause_MonPl-06","MonPl-06","adjective & adposition & demonstrative & numeral & oblique & particle & subordinate clause","#c0efa7"
"adverb-demonstrative-numeral-oblique-particle-subordinate-clause_MonPl-06","MonPl-06","adverb & demonstrative & numeral & oblique & particle & subordinate clause","#4038a1"
"adjective-adverb-demonstrative-numeral-oblique-particle-subordinate-clause_MonPl-06","MonPl-06","adjective & adverb & demonstrative & numeral & oblique & particle & subordinate clause","#6c79a5"
"adposition-adverb-demonstrative-numeral-oblique-particle-subordinate-clause_MonPl-06","MonPl-06","adposition & adverb & demonstrative & numeral & oblique & particle & subordinate clause","#45b88b"
"adjective-adposition-adverb-demonstrative-numeral-oblique-particle-subordinate-clause_MonPl-06","MonPl-06","adjective & adposition & adverb & demonstrative & numeral & oblique & particle & subordinate clause","#269fcd"
"noun-numeral-oblique-particle-subordinate-clause_MonPl-06","MonPl-06","noun & numeral & oblique & particle & subordinate clause","#3573a7"
"adjective-noun-numeral-oblique-particle-subordinate-clause_MonPl-06","MonPl-06","adjective & noun & numeral & oblique & particle & subordinate clause","#c40d32"
"adposition-noun-numeral-oblique-particle-subordinate-clause_MonPl-06","MonPl-06","adposition & noun & numeral & oblique & particle & subordinate clause","#94356a"
"adjective-adposition-noun-numeral-oblique-particle-subordinate-clause_MonPl-06","MonPl-06","adjective & adposition & noun & numeral & oblique & particle & subordinate clause","#ffe262"
"adverb-noun-numeral-oblique-particle-subordinate-clause_MonPl-06","MonPl-06","adverb & noun & numeral & oblique & particle & subordinate clause","#ff7ce9"
"adjective-adverb-noun-numeral-oblique-particle-subordinate-clause_MonPl-06","MonPl-06","adjective & adverb & noun & numeral & oblique & particle & subordinate clause","#a6ef89"
"adposition-adverb-noun-numeral-oblique-particle-subordinate-clause_MonPl-06","MonPl-06","adposition & adverb & noun & numeral & oblique & particle & subordinate clause","#7e9f88"
"adjective-adposition-adverb-noun-numeral-oblique-particle-subordinate-clause_MonPl-06","MonPl-06","adjective & adposition & adverb & noun & numeral & oblique & particle & subordinate clause","#d46916"
"demonstrative-noun-numeral-oblique-particle-subordinate-clause_MonPl-06","MonPl-06","demonstrative & noun & numeral & oblique & particle & subordinate clause","#91769f"
"adjective-demonstrative-noun-numeral-oblique-particle-subordinate-clause_MonPl-06","MonPl-06","adjective & demonstrative & noun & numeral & oblique & particle & subordinate clause","#96cb00"
"adposition-demonstrative-noun-numeral-oblique-particle-subordinate-clause_MonPl-06","MonPl-06","adposition & demonstrative & noun & numeral & oblique & particle & subordinate clause","#d1cc5d"
"adjective-adposition-demonstrative-noun-numeral-oblique-particle-subordinate-clause_MonPl-06","MonPl-06","adjective & adposition & demonstrative & noun & numeral & oblique & particle & subordinate clause","#2a90af"
"adverb-demonstrative-noun-numeral-oblique-particle-subordinate-clause_MonPl-06","MonPl-06","adverb & demonstrative & noun & numeral & oblique & particle & subordinate clause","#a0bdff"
"adjective-adverb-demonstrative-noun-numeral-oblique-particle-subordinate-clause_MonPl-06","MonPl-06","adjective & adverb & demonstrative & noun & numeral & oblique & particle & subordinate clause","#632e83"
"adposition-adverb-demonstrative-noun-numeral-oblique-particle-subordinate-clause_MonPl-06","MonPl-06","adposition & adverb & demonstrative & noun & numeral & oblique & particle & subordinate clause","#8577cb"
"adjective-adposition-adverb-demonstrative-noun-numeral-oblique-particle-subordinate-clause_MonPl-06","MonPl-06","adjective & adposition & adverb & demonstrative & noun & numeral & oblique & particle & subordinate clause","#fc9222"
"pronoun-subordinate-clause_MonPl-06","MonPl-06","pronoun & subordinate clause","#2eab72"
"adjective-pronoun-subordinate-clause_MonPl-06","MonPl-06","adjective & pronoun & subordinate clause","#9cc95a"
"adposition-pronoun-subordinate-clause_MonPl-06","MonPl-06","adposition & pronoun & subordinate clause","#9f32ac"
"adjective-adposition-pronoun-subordinate-clause_MonPl-06","MonPl-06","adjective & adposition & pronoun & subordinate clause","#b0e6f0"
"adverb-pronoun-subordinate-clause_MonPl-06","MonPl-06","adverb & pronoun & subordinate clause","#edb77d"
"adjective-adverb-pronoun-subordinate-clause_MonPl-06","MonPl-06","adjective & adverb & pronoun & subordinate clause","#42cbbb"
"adposition-adverb-pronoun-subordinate-clause_MonPl-06","MonPl-06","adposition & adverb & pronoun & subordinate clause","#b897e8"
"adjective-adposition-adverb-pronoun-subordinate-clause_MonPl-06","MonPl-06","adjective & adposition & adverb & pronoun & subordinate clause","#ebd4d3"
"demonstrative-pronoun-subordinate-clause_MonPl-06","MonPl-06","demonstrative & pronoun & subordinate clause","#ca35e9"
"adjective-demonstrative-pronoun-subordinate-clause_MonPl-06","MonPl-06","adjective & demonstrative & pronoun & subordinate clause","#d73570"
"adposition-demonstrative-pronoun-subordinate-clause_MonPl-06","MonPl-06","adposition & demonstrative & pronoun & subordinate clause","#42557e"
"adjective-adposition-demonstrative-pronoun-subordinate-clause_MonPl-06","MonPl-06","adjective & adposition & demonstrative & pronoun & subordinate clause","#65c5a6"
"adverb-demonstrative-pronoun-subordinate-clause_MonPl-06","MonPl-06","adverb & demonstrative & pronoun & subordinate clause","#c5e2bb"
"adjective-adverb-demonstrative-pronoun-subordinate-clause_MonPl-06","MonPl-06","adjective & adverb & demonstrative & pronoun & subordinate clause","#cd454b"
"adposition-adverb-demonstrative-pronoun-subordinate-clause_MonPl-06","MonPl-06","adposition & adverb & demonstrative & pronoun & subordinate clause","#b65cec"
"adjective-adposition-adverb-demonstrative-pronoun-subordinate-clause_MonPl-06","MonPl-06","adjective & adposition & adverb & demonstrative & pronoun & subordinate clause","#00fd7e"
"noun-pronoun-subordinate-clause_MonPl-06","MonPl-06","noun & pronoun & subordinate clause","#fb5585"
"adjective-noun-pronoun-subordinate-clause_MonPl-06","MonPl-06","adjective & noun & pronoun & subordinate clause","#8077fd"
"adposition-noun-pronoun-subordinate-clause_MonPl-06","MonPl-06","adposition & noun & pronoun & subordinate clause","#8a3bd0"
"adjective-adposition-noun-pronoun-subordinate-clause_MonPl-06","MonPl-06","adjective & adposition & noun & pronoun & subordinate clause","#b62eee"
"adverb-noun-pronoun-subordinate-clause_MonPl-06","MonPl-06","adverb & noun & pronoun & subordinate clause","#d99a7c"
"adjective-adverb-noun-pronoun-subordinate-clause_MonPl-06","MonPl-06","adjective & adverb & noun & pronoun & subordinate clause","#8f7c9b"
"adposition-adverb-noun-pronoun-subordinate-clause_MonPl-06","MonPl-06","adposition & adverb & noun & pronoun & subordinate clause","#7f9165"
"adjective-adposition-adverb-noun-pronoun-subordinate-clause_MonPl-06","MonPl-06","adjective & adposition & adverb & noun & pronoun & subordinate clause","#fec87c"
"demonstrative-noun-pronoun-subordinate-clause_MonPl-06","MonPl-06","demonstrative & noun & pronoun & subordinate clause","#9d7fe0"
"adjective-demonstrative-noun-pronoun-subordinate-clause_MonPl-06","MonPl-06","adjective & demonstrative & noun & pronoun & subordinate clause","#768f93"
"adposition-demonstrative-noun-pronoun-subordinate-clause_MonPl-06","MonPl-06","adposition & demonstrative & noun & pronoun & subordinate clause","#712a94"
"adjective-adposition-demonstrative-noun-pronoun-subordinate-clause_MonPl-06","MonPl-06","adjective & adposition & demonstrative & noun & pronoun & subordinate clause","#fa9ec8"
"adverb-demonstrative-noun-pronoun-subordinate-clause_MonPl-06","MonPl-06","adverb & demonstrative & noun & pronoun & subordinate clause","#f6e37d"
"adjective-adverb-demonstrative-noun-pronoun-subordinate-clause_MonPl-06","MonPl-06","adjective & adverb & demonstrative & noun & pronoun & subordinate clause","#ae958a"
"adposition-adverb-demonstrative-noun-pronoun-subordinate-clause_MonPl-06","MonPl-06","adposition & adverb & demonstrative & noun & pronoun & subordinate clause","#aec3ff"
"adjective-adposition-adverb-demonstrative-noun-pronoun-subordinate-clause_MonPl-06","MonPl-06","adjective & adposition & adverb & demonstrative & noun & pronoun & subordinate clause","#0076fd"
"numeral-pronoun-subordinate-clause_MonPl-06","MonPl-06","numeral & pronoun & subordinate clause","#ee56e7"
"adjective-numeral-pronoun-subordinate-clause_MonPl-06","MonPl-06","adjective & numeral & pronoun & subordinate clause","#c8ee7c"
"adposition-numeral-pronoun-subordinate-clause_MonPl-06","MonPl-06","adposition & numeral & pronoun & subordinate clause","#e0eb51"
"adjective-adposition-numeral-pronoun-subordinate-clause_MonPl-06","MonPl-06","adjective & adposition & numeral & pronoun & subordinate clause","#62bd47"
"adverb-numeral-pronoun-subordinate-clause_MonPl-06","MonPl-06","adverb & numeral & pronoun & subordinate clause","#7366b6"
"adjective-adverb-numeral-pronoun-subordinate-clause_MonPl-06","MonPl-06","adjective & adverb & numeral & pronoun & subordinate clause","#a74045"
"adposition-adverb-numeral-pronoun-subordinate-clause_MonPl-06","MonPl-06","adposition & adverb & numeral & pronoun & subordinate clause","#aa26bb"
"adjective-adposition-adverb-numeral-pronoun-subordinate-clause_MonPl-06","MonPl-06","adjective & adposition & adverb & numeral & pronoun & subordinate clause","#acb4fa"
"demonstrative-numeral-pronoun-subordinate-clause_MonPl-06","MonPl-06","demonstrative & numeral & pronoun & subordinate clause","#85226d"
"adjective-demonstrative-numeral-pronoun-subordinate-clause_MonPl-06","MonPl-06","adjective & demonstrative & numeral & pronoun & subordinate clause","#f6ce53"
"adposition-demonstrative-numeral-pronoun-subordinate-clause_MonPl-06","MonPl-06","adposition & demonstrative & numeral & pronoun & subordinate clause","#4993c4"
"adjective-adposition-demonstrative-numeral-pronoun-subordinate-clause_MonPl-06","MonPl-06","adjective & adposition & demonstrative & numeral & pronoun & subordinate clause","#4f5f4f"
"adverb-demonstrative-numeral-pronoun-subordinate-clause_MonPl-06","MonPl-06","adverb & demonstrative & numeral & pronoun & subordinate clause","#cec8ae"
"adjective-adverb-demonstrative-numeral-pronoun-subordinate-clause_MonPl-06","MonPl-06","adjective & adverb & demonstrative & numeral & pronoun & subordinate clause","#d5c55f"
"adposition-adverb-demonstrative-numeral-pronoun-subordinate-clause_MonPl-06","MonPl-06","adposition & adverb & demonstrative & numeral & pronoun & subordinate clause","#fa0086"
"adjective-adposition-adverb-demonstrative-numeral-pronoun-subordinate-clause_MonPl-06","MonPl-06","adjective & adposition & adverb & demonstrative & numeral & pronoun & subordinate clause","#d0b7fc"
"noun-numeral-pronoun-subordinate-clause_MonPl-06","MonPl-06","noun & numeral & pronoun & subordinate clause","#e0429b"
"adjective-noun-numeral-pronoun-subordinate-clause_MonPl-06","MonPl-06","adjective & noun & numeral & pronoun & subordinate clause","#8e3b49"
"adposition-noun-numeral-pronoun-subordinate-clause_MonPl-06","MonPl-06","adposition & noun & numeral & pronoun & subordinate clause","#8f98d7"
"adjective-adposition-noun-numeral-pronoun-subordinate-clause_MonPl-06","MonPl-06","adjective & adposition & noun & numeral & pronoun & subordinate clause","#c7c5a0"
"adverb-noun-numeral-pronoun-subordinate-clause_MonPl-06","MonPl-06","adverb & noun & numeral & pronoun & subordinate clause","#9445f4"
"adjective-adverb-noun-numeral-pronoun-subordinate-clause_MonPl-06","MonPl-06","adjective & adverb & noun & numeral & pronoun & subordinate clause","#e4bbfd"
"adposition-adverb-noun-numeral-pronoun-subordinate-clause_MonPl-06","MonPl-06","adposition & adverb & noun & numeral & pronoun & subordinate clause","#cd8842"
"adjective-adposition-adverb-noun-numeral-pronoun-subordinate-clause_MonPl-06","MonPl-06","adjective & adposition & adverb & noun & numeral & pronoun & subordinate clause","#638bff"
"demonstrative-noun-numeral-pronoun-subordinate-clause_MonPl-06","MonPl-06","demonstrative & noun & numeral & pronoun & subordinate clause","#cd684f"
"adjective-demonstrative-noun-numeral-pronoun-subordinate-clause_MonPl-06","MonPl-06","adjective & demonstrative & noun & numeral & pronoun & subordinate clause","#00d75a"
"adposition-demonstrative-noun-numeral-pronoun-subordinate-clause_MonPl-06","MonPl-06","adposition & demonstrative & noun & numeral & pronoun & subordinate clause","#76c3fe"
"adjective-adposition-demonstrative-noun-numeral-pronoun-subordinate-clause_MonPl-06","MonPl-06","adjective & adposition & demonstrative & noun & numeral & pronoun & subordinate clause","#b1b7c0"
"adverb-demonstrative-noun-numeral-pronoun-subordinate-clause_MonPl-06","MonPl-06","adverb & demonstrative & noun & numeral & pronoun & subordinate clause","#c54d1c"
"adjective-adverb-demonstrative-noun-numeral-pronoun-subordinate-clause_MonPl-06","MonPl-06","adjective & adverb & demonstrative & noun & numeral & pronoun & subordinate clause","#935642"
"adposition-adverb-demonstrative-noun-numeral-pronoun-subordinate-clause_MonPl-06","MonPl-06","adposition & adverb & demonstrative & noun & numeral & pronoun & subordinate clause","#ce4270"
"adjective-adposition-adverb-demonstrative-noun-numeral-pronoun-subordinate-clause_MonPl-06","MonPl-06","adjective & adposition & adverb & demonstrative & noun & numeral & pronoun & subordinate clause","#ad8586"
"oblique-pronoun-subordinate-clause_MonPl-06","MonPl-06","oblique & pronoun & subordinate clause","#707d2e"
"adjective-oblique-pronoun-subordinate-clause_MonPl-06","MonPl-06","adjective & oblique & pronoun & subordinate clause","#c5e5a6"
"adposition-oblique-pronoun-subordinate-clause_MonPl-06","MonPl-06","adposition & oblique & pronoun & subordinate clause","#8949a3"
"adjective-adposition-oblique-pronoun-subordinate-clause_MonPl-06","MonPl-06","adjective & adposition & oblique & pronoun & subordinate clause","#9ad09f"
"adverb-oblique-pronoun-subordinate-clause_MonPl-06","MonPl-06","adverb & oblique & pronoun & subordinate clause","#963d5f"
"adjective-adverb-oblique-pronoun-subordinate-clause_MonPl-06","MonPl-06","adjective & adverb & oblique & pronoun & subordinate clause","#fdbe56"
"adposition-adverb-oblique-pronoun-subordinate-clause_MonPl-06","MonPl-06","adposition & adverb & oblique & pronoun & subordinate clause","#1665b0"
"adjective-adposition-adverb-oblique-pronoun-subordinate-clause_MonPl-06","MonPl-06","adjective & adposition & adverb & oblique & pronoun & subordinate clause","#1c7aaf"
"demonstrative-oblique-pronoun-subordinate-clause_MonPl-06","MonPl-06","demonstrative & oblique & pronoun & subordinate clause","#de26ca"
"adjective-demonstrative-oblique-pronoun-subordinate-clause_MonPl-06","MonPl-06","adjective & demonstrative & oblique & pronoun & subordinate clause","#fcd6dc"
"adposition-demonstrative-oblique-pronoun-subordinate-clause_MonPl-06","MonPl-06","adposition & demonstrative & oblique & pronoun & subordinate clause","#e5d9b6"
"adjective-adposition-demonstrative-oblique-pronoun-subordinate-clause_MonPl-06","MonPl-06","adjective & adposition & demonstrative & oblique & pronoun & subordinate clause","#78df95"
"adverb-demonstrative-oblique-pronoun-subordinate-clause_MonPl-06","MonPl-06","adverb & demonstrative & oblique & pronoun & subordinate clause","#e660d6"
"adjective-adverb-demonstrative-oblique-pronoun-subordinate-clause_MonPl-06","MonPl-06","adjective & adverb & demonstrative & oblique & pronoun & subordinate clause","#fb758f"
"adposition-adverb-demonstrative-oblique-pronoun-subordinate-clause_MonPl-06","MonPl-06","adposition & adverb & demonstrative & oblique & pronoun & subordinate clause","#a4be58"
"adjective-adposition-adverb-demonstrative-oblique-pronoun-subordinate-clause_MonPl-06","MonPl-06","adjective & adposition & adverb & demonstrative & oblique & pronoun & subordinate clause","#b6a286"
"noun-oblique-pronoun-subordinate-clause_MonPl-06","MonPl-06","noun & oblique & pronoun & subordinate clause","#fe56a7"
"adjective-noun-oblique-pronoun-subordinate-clause_MonPl-06","MonPl-06","adjective & noun & oblique & pronoun & subordinate clause","#1c5c58"
"adposition-noun-oblique-pronoun-subordinate-clause_MonPl-06","MonPl-06","adposition & noun & oblique & pronoun & subordinate clause","#b855c9"
"adjective-adposition-noun-oblique-pronoun-subordinate-clause_MonPl-06","MonPl-06","adjective & adposition & noun & oblique & pronoun & subordinate clause","#d97ac2"
"adverb-noun-oblique-pronoun-subordinate-clause_MonPl-06","MonPl-06","adverb & noun & oblique & pronoun & subordinate clause","#58d0ff"
"adjective-adverb-noun-oblique-pronoun-subordinate-clause_MonPl-06","MonPl-06","adjective & adverb & noun & oblique & pronoun & subordinate clause","#adaac0"
"adposition-adverb-noun-oblique-pronoun-subordinate-clause_MonPl-06","MonPl-06","adposition & adverb & noun & oblique & pronoun & subordinate clause","#7e65b2"
"adjective-adposition-adverb-noun-oblique-pronoun-subordinate-clause_MonPl-06","MonPl-06","adjective & adposition & adverb & noun & oblique & pronoun & subordinate clause","#86890d"
"demonstrative-noun-oblique-pronoun-subordinate-clause_MonPl-06","MonPl-06","demonstrative & noun & oblique & pronoun & subordinate clause","#fb387f"
"adjective-demonstrative-noun-oblique-pronoun-subordinate-clause_MonPl-06","MonPl-06","adjective & demonstrative & noun & oblique & pronoun & subordinate clause","#7149ee"
"adposition-demonstrative-noun-oblique-pronoun-subordinate-clause_MonPl-06","MonPl-06","adposition & demonstrative & noun & oblique & pronoun & subordinate clause","#7cac69"
"adjective-adposition-demonstrative-noun-oblique-pronoun-subordinate-clause_MonPl-06","MonPl-06","adjective & adposition & demonstrative & noun & oblique & pronoun & subordinate clause","#0d5194"
"adverb-demonstrative-noun-oblique-pronoun-subordinate-clause_MonPl-06","MonPl-06","adverb & demonstrative & noun & oblique & pronoun & subordinate clause","#94db79"
"adjective-adverb-demonstrative-noun-oblique-pronoun-subordinate-clause_MonPl-06","MonPl-06","adjective & adverb & demonstrative & noun & oblique & pronoun & subordinate clause","#af1c49"
"adposition-adverb-demonstrative-noun-oblique-pronoun-subordinate-clause_MonPl-06","MonPl-06","adposition & adverb & demonstrative & noun & oblique & pronoun & subordinate clause","#acf57f"
"adjective-adposition-adverb-demonstrative-noun-oblique-pronoun-subordinate-clause_MonPl-06","MonPl-06","adjective & adposition & adverb & demonstrative & noun & oblique & pronoun & subordinate clause","#ce66f0"
"numeral-oblique-pronoun-subordinate-clause_MonPl-06","MonPl-06","numeral & oblique & pronoun & subordinate clause","#8cb6cb"
"adjective-numeral-oblique-pronoun-subordinate-clause_MonPl-06","MonPl-06","adjective & numeral & oblique & pronoun & subordinate clause","#de169f"
"adposition-numeral-oblique-pronoun-subordinate-clause_MonPl-06","MonPl-06","adposition & numeral & oblique & pronoun & subordinate clause","#da6971"
"adjective-adposition-numeral-oblique-pronoun-subordinate-clause_MonPl-06","MonPl-06","adjective & adposition & numeral & oblique & pronoun & subordinate clause","#a6326e"
"adverb-numeral-oblique-pronoun-subordinate-clause_MonPl-06","MonPl-06","adverb & numeral & oblique & pronoun & subordinate clause","#608f4b"
"adjective-adverb-numeral-oblique-pronoun-subordinate-clause_MonPl-06","MonPl-06","adjective & adverb & numeral & oblique & pronoun & subordinate clause","#d555de"
"adposition-adverb-numeral-oblique-pronoun-subordinate-clause_MonPl-06","MonPl-06","adposition & adverb & numeral & oblique & pronoun & subordinate clause","#22fe93"
"adjective-adposition-adverb-numeral-oblique-pronoun-subordinate-clause_MonPl-06","MonPl-06","adjective & adposition & adverb & numeral & oblique & pronoun & subordinate clause","#659f26"
"demonstrative-numeral-oblique-pronoun-subordinate-clause_MonPl-06","MonPl-06","demonstrative & numeral & oblique & pronoun & subordinate clause","#92009f"
"adjective-demonstrative-numeral-oblique-pronoun-subordinate-clause_MonPl-06","MonPl-06","adjective & demonstrative & numeral & oblique & pronoun & subordinate clause","#b1a979"
"adposition-demonstrative-numeral-oblique-pronoun-subordinate-clause_MonPl-06","MonPl-06","adposition & demonstrative & numeral & oblique & pronoun & subordinate clause","#888651"
"adjective-adposition-demonstrative-numeral-oblique-pronoun-subordinate-clause_MonPl-06","MonPl-06","adjective & adposition & demonstrative & numeral & oblique & pronoun & subordinate clause","#78af79"
"adverb-demonstrative-numeral-oblique-pronoun-subordinate-clause_MonPl-06","MonPl-06","adverb & demonstrative & numeral & oblique & pronoun & subordinate clause","#aec8e5"
"adjective-adverb-demonstrative-numeral-oblique-pronoun-subordinate-clause_MonPl-06","MonPl-06","adjective & adverb & demonstrative & numeral & oblique & pronoun & subordinate clause","#c087d7"
"adposition-adverb-demonstrative-numeral-oblique-pronoun-subordinate-clause_MonPl-06","MonPl-06","adposition & adverb & demonstrative & numeral & oblique & pronoun & subordinate clause","#fed4c0"
"adjective-adposition-adverb-demonstrative-numeral-oblique-pronoun-subordinate-clause_MonPl-06","MonPl-06","adjective & adposition & adverb & demonstrative & numeral & oblique & pronoun & subordinate clause","#d7d7fe"
"noun-numeral-oblique-pronoun-subordinate-clause_MonPl-06","MonPl-06","noun & numeral & oblique & pronoun & subordinate clause","#985a35"
"adjective-noun-numeral-oblique-pronoun-subordinate-clause_MonPl-06","MonPl-06","adjective & noun & numeral & oblique & pronoun & subordinate clause","#4b7097"
"adposition-noun-numeral-oblique-pronoun-subordinate-clause_MonPl-06","MonPl-06","adposition & noun & numeral & oblique & pronoun & subordinate clause","#72d8dc"
"adjective-adposition-noun-numeral-oblique-pronoun-subordinate-clause_MonPl-06","MonPl-06","adjective & adposition & noun & numeral & oblique & pronoun & subordinate clause","#fe8e7d"
"adverb-noun-numeral-oblique-pronoun-subordinate-clause_MonPl-06","MonPl-06","adverb & noun & numeral & oblique & pronoun & subordinate clause","#5fac77"
"adjective-adverb-noun-numeral-oblique-pronoun-subordinate-clause_MonPl-06","MonPl-06","adjective & adverb & noun & numeral & oblique & pronoun & subordinate clause","#f7adff"
"adposition-adverb-noun-numeral-oblique-pronoun-subordinate-clause_MonPl-06","MonPl-06","adposition & adverb & noun & numeral & oblique & pronoun & subordinate clause","#fd69d5"
"adjective-adposition-adverb-noun-numeral-oblique-pronoun-subordinate-clause_MonPl-06","MonPl-06","adjective & adposition & adverb & noun & numeral & oblique & pronoun & subordinate clause","#a25cdf"
"demonstrative-noun-numeral-oblique-pronoun-subordinate-clause_MonPl-06","MonPl-06","demonstrative & noun & numeral & oblique & pronoun & subordinate clause","#b7aac8"
"adjective-demonstrative-noun-numeral-oblique-pronoun-subordinate-clause_MonPl-06","MonPl-06","adjective & demonstrative & noun & numeral & oblique & pronoun & subordinate clause","#cebdb5"
"adposition-demonstrative-noun-numeral-oblique-pronoun-subordinate-clause_MonPl-06","MonPl-06","adposition & demonstrative & noun & numeral & oblique & pronoun & subordinate clause","#c7dc94"
"adjective-adposition-demonstrative-noun-numeral-oblique-pronoun-subordinate-clause_MonPl-06","MonPl-06","adjective & adposition & demonstrative & noun & numeral & oblique & pronoun & subordinate clause","#aa7840"
"adverb-demonstrative-noun-numeral-oblique-pronoun-subordinate-clause_MonPl-06","MonPl-06","adverb & demonstrative & noun & numeral & oblique & pronoun & subordinate clause","#b05df4"
"adjective-adverb-demonstrative-noun-numeral-oblique-pronoun-subordinate-clause_MonPl-06","MonPl-06","adjective & adverb & demonstrative & noun & numeral & oblique & pronoun & subordinate clause","#df220d"
"adposition-adverb-demonstrative-noun-numeral-oblique-pronoun-subordinate-clause_MonPl-06","MonPl-06","adposition & adverb & demonstrative & noun & numeral & oblique & pronoun & subordinate clause","#f983b4"
"adjective-adposition-adverb-demonstrative-noun-numeral-oblique-pronoun-subordinate-clause_MonPl-06","MonPl-06","adjective & adposition & adverb & demonstrative & noun & numeral & oblique & pronoun & subordinate clause","#760db0"
"particle-pronoun-subordinate-clause_MonPl-06","MonPl-06","particle & pronoun & subordinate clause","#7ea74b"
"adjective-particle-pronoun-subordinate-clause_MonPl-06","MonPl-06","adjective & particle & pronoun & subordinate clause","#42e1f0"
"adposition-particle-pronoun-subordinate-clause_MonPl-06","MonPl-06","adposition & particle & pronoun & subordinate clause","#9796ce"
"adjective-adposition-particle-pronoun-subordinate-clause_MonPl-06","MonPl-06","adjective & adposition & particle & pronoun & subordinate clause","#bbb00d"
"adverb-particle-pronoun-subordinate-clause_MonPl-06","MonPl-06","adverb & particle & pronoun & subordinate clause","#7c3540"
"adjective-adverb-particle-pronoun-subordinate-clause_MonPl-06","MonPl-06","adjective & adverb & particle & pronoun & subordinate clause","#32ea99"
"adposition-adverb-particle-pronoun-subordinate-clause_MonPl-06","MonPl-06","adposition & adverb & particle & pronoun & subordinate clause","#4d82a7"
"adjective-adposition-adverb-particle-pronoun-subordinate-clause_MonPl-06","MonPl-06","adjective & adposition & adverb & particle & pronoun & subordinate clause","#d96c4d"
"demonstrative-particle-pronoun-subordinate-clause_MonPl-06","MonPl-06","demonstrative & particle & pronoun & subordinate clause","#dd56c5"
"adjective-demonstrative-particle-pronoun-subordinate-clause_MonPl-06","MonPl-06","adjective & demonstrative & particle & pronoun & subordinate clause","#4f42c5"
"adposition-demonstrative-particle-pronoun-subordinate-clause_MonPl-06","MonPl-06","adposition & demonstrative & particle & pronoun & subordinate clause","#bb637a"
"adjective-adposition-demonstrative-particle-pronoun-subordinate-clause_MonPl-06","MonPl-06","adjective & adposition & demonstrative & particle & pronoun & subordinate clause","#af6efe"
"adverb-demonstrative-particle-pronoun-subordinate-clause_MonPl-06","MonPl-06","adverb & demonstrative & particle & pronoun & subordinate clause","#26c069"
"adjective-adverb-demonstrative-particle-pronoun-subordinate-clause_MonPl-06","MonPl-06","adjective & adverb & demonstrative & particle & pronoun & subordinate clause","#fe81d1"
"adposition-adverb-demonstrative-particle-pronoun-subordinate-clause_MonPl-06","MonPl-06","adposition & adverb & demonstrative & particle & pronoun & subordinate clause","#9fbe22"
"adjective-adposition-adverb-demonstrative-particle-pronoun-subordinate-clause_MonPl-06","MonPl-06","adjective & adposition & adverb & demonstrative & particle & pronoun & subordinate clause","#e30035"
"noun-particle-pronoun-subordinate-clause_MonPl-06","MonPl-06","noun & particle & pronoun & subordinate clause","#f59b76"
"adjective-noun-particle-pronoun-subordinate-clause_MonPl-06","MonPl-06","adjective & noun & particle & pronoun & subordinate clause","#8e5cd0"
"adposition-noun-particle-pronoun-subordinate-clause_MonPl-06","MonPl-06","adposition & noun & particle & pronoun & subordinate clause","#890d63"
"adjective-adposition-noun-particle-pronoun-subordinate-clause_MonPl-06","MonPl-06","adjective & adposition & noun & particle & pronoun & subordinate clause","#721c9d"
"adverb-noun-particle-pronoun-subordinate-clause_MonPl-06","MonPl-06","adverb & noun & particle & pronoun & subordinate clause","#e3e69f"
"adjective-adverb-noun-particle-pronoun-subordinate-clause_MonPl-06","MonPl-06","adjective & adverb & noun & particle & pronoun & subordinate clause","#dc47ca"
"adposition-adverb-noun-particle-pronoun-subordinate-clause_MonPl-06","MonPl-06","adposition & adverb & noun & particle & pronoun & subordinate clause","#16c7e5"
"adjective-adposition-adverb-noun-particle-pronoun-subordinate-clause_MonPl-06","MonPl-06","adjective & adposition & adverb & noun & particle & pronoun & subordinate clause","#8179e2"
"demonstrative-noun-particle-pronoun-subordinate-clause_MonPl-06","MonPl-06","demonstrative & noun & particle & pronoun & subordinate clause","#627f53"
"adjective-demonstrative-noun-particle-pronoun-subordinate-clause_MonPl-06","MonPl-06","adjective & demonstrative & noun & particle & pronoun & subordinate clause","#0de6be"
"adposition-demonstrative-noun-particle-pronoun-subordinate-clause_MonPl-06","MonPl-06","adposition & demonstrative & noun & particle & pronoun & subordinate clause","#f58db9"
"adjective-adposition-demonstrative-noun-particle-pronoun-subordinate-clause_MonPl-06","MonPl-06","adjective & adposition & demonstrative & noun & particle & pronoun & subordinate clause","#0dd6cd"
"adverb-demonstrative-noun-particle-pronoun-subordinate-clause_MonPl-06","MonPl-06","adverb & demonstrative & noun & particle & pronoun & subordinate clause","#a30077"
"adjective-adverb-demonstrative-noun-particle-pronoun-subordinate-clause_MonPl-06","MonPl-06","adjective & adverb & demonstrative & noun & particle & pronoun & subordinate clause","#584d49"
"adposition-adverb-demonstrative-noun-particle-pronoun-subordinate-clause_MonPl-06","MonPl-06","adposition & adverb & demonstrative & noun & particle & pronoun & subordinate clause","#b48fa7"
"adjective-adposition-adverb-demonstrative-noun-particle-pronoun-subordinate-clause_MonPl-06","MonPl-06","adjective & adposition & adverb & demonstrative & noun & particle & pronoun & subordinate clause","#3b26cb"
"numeral-particle-pronoun-subordinate-clause_MonPl-06","MonPl-06","numeral & particle & pronoun & subordinate clause","#bed0e0"
"adjective-numeral-particle-pronoun-subordinate-clause_MonPl-06","MonPl-06","adjective & numeral & particle & pronoun & subordinate clause","#985d00"
"adposition-numeral-particle-pronoun-subordinate-clause_MonPl-06","MonPl-06","adposition & numeral & particle & pronoun & subordinate clause","#e953af"
"adjective-adposition-numeral-particle-pronoun-subordinate-clause_MonPl-06","MonPl-06","adjective & adposition & numeral & particle & pronoun & subordinate clause","#a7f76c"
"adverb-numeral-particle-pronoun-subordinate-clause_MonPl-06","MonPl-06","adverb & numeral & particle & pronoun & subordinate clause","#847e8f"
"adjective-adverb-numeral-particle-pronoun-subordinate-clause_MonPl-06","MonPl-06","adjective & adverb & numeral & particle & pronoun & subordinate clause","#c022ad"
"adposition-adverb-numeral-particle-pronoun-subordinate-clause_MonPl-06","MonPl-06","adposition & adverb & numeral & particle & pronoun & subordinate clause","#5aafb4"
"adjective-adposition-adverb-numeral-particle-pronoun-subordinate-clause_MonPl-06","MonPl-06","adjective & adposition & adverb & numeral & particle & pronoun & subordinate clause","#69f988"
"demonstrative-numeral-particle-pronoun-subordinate-clause_MonPl-06","MonPl-06","demonstrative & numeral & particle & pronoun & subordinate clause","#c27316"
"adjective-demonstrative-numeral-particle-pronoun-subordinate-clause_MonPl-06","MonPl-06","adjective & demonstrative & numeral & particle & pronoun & subordinate clause","#79f655"
"adposition-demonstrative-numeral-particle-pronoun-subordinate-clause_MonPl-06","MonPl-06","adposition & demonstrative & numeral & particle & pronoun & subordinate clause","#6abb77"
"adjective-adposition-demonstrative-numeral-particle-pronoun-subordinate-clause_MonPl-06","MonPl-06","adjective & adposition & demonstrative & numeral & particle & pronoun & subordinate clause","#d8a997"
"adverb-demonstrative-numeral-particle-pronoun-subordinate-clause_MonPl-06","MonPl-06","adverb & demonstrative & numeral & particle & pronoun & subordinate clause","#8965a3"
"adjective-adverb-demonstrative-numeral-particle-pronoun-subordinate-clause_MonPl-06","MonPl-06","adjective & adverb & demonstrative & numeral & particle & pronoun & subordinate clause","#fe6ee1"
"adposition-adverb-demonstrative-numeral-particle-pronoun-subordinate-clause_MonPl-06","MonPl-06","adposition & adverb & demonstrative & numeral & particle & pronoun & subordinate clause","#942a45"
"adjective-adposition-adverb-demonstrative-numeral-particle-pronoun-subordinate-clause_MonPl-06","MonPl-06","adjective & adposition & adverb & demonstrative & numeral & particle & pronoun & subordinate clause","#00fcca"
"noun-numeral-particle-pronoun-subordinate-clause_MonPl-06","MonPl-06","noun & numeral & particle & pronoun & subordinate clause","#c90d7e"
"adjective-noun-numeral-particle-pronoun-subordinate-clause_MonPl-06","MonPl-06","adjective & noun & numeral & particle & pronoun & subordinate clause","#9c925a"
"adposition-noun-numeral-particle-pronoun-subordinate-clause_MonPl-06","MonPl-06","adposition & noun & numeral & particle & pronoun & subordinate clause","#51797a"
"adjective-adposition-noun-numeral-particle-pronoun-subordinate-clause_MonPl-06","MonPl-06","adjective & adposition & noun & numeral & particle & pronoun & subordinate clause","#264098"
"adverb-noun-numeral-particle-pronoun-subordinate-clause_MonPl-06","MonPl-06","adverb & noun & numeral & particle & pronoun & subordinate clause","#8ab1ac"
"adjective-adverb-noun-numeral-particle-pronoun-subordinate-clause_MonPl-06","MonPl-06","adjective & adverb & noun & numeral & particle & pronoun & subordinate clause","#fb7558"
"adposition-adverb-noun-numeral-particle-pronoun-subordinate-clause_MonPl-06","MonPl-06","adposition & adverb & noun & numeral & particle & pronoun & subordinate clause","#a2dd4b"
"adjective-adposition-adverb-noun-numeral-particle-pronoun-subordinate-clause_MonPl-06","MonPl-06","adjective & adposition & adverb & noun & numeral & particle & pronoun & subordinate clause","#febd22"
"demonstrative-noun-numeral-particle-pronoun-subordinate-clause_MonPl-06","MonPl-06","demonstrative & noun & numeral & particle & pronoun & subordinate clause","#dda022"
"adjective-demonstrative-noun-numeral-particle-pronoun-subordinate-clause_MonPl-06","MonPl-06","adjective & demonstrative & noun & numeral & particle & pronoun & subordinate clause","#cd8a76"
"adposition-demonstrative-noun-numeral-particle-pronoun-subordinate-clause_MonPl-06","MonPl-06","adposition & demonstrative & noun & numeral & particle & pronoun & subordinate clause","#b3222a"
"adjective-adposition-demonstrative-noun-numeral-particle-pronoun-subordinate-clause_MonPl-06","MonPl-06","adjective & adposition & demonstrative & noun & numeral & particle & pronoun & subordinate clause","#73f8a7"
"adverb-demonstrative-noun-numeral-particle-pronoun-subordinate-clause_MonPl-06","MonPl-06","adverb & demonstrative & noun & numeral & particle & pronoun & subordinate clause","#f99145"
"adjective-adverb-demonstrative-noun-numeral-particle-pronoun-subordinate-clause_MonPl-06","MonPl-06","adjective & adverb & demonstrative & noun & numeral & particle & pronoun & subordinate clause","#ffc3e0"
"adposition-adverb-demonstrative-noun-numeral-particle-pronoun-subordinate-clause_MonPl-06","MonPl-06","adposition & adverb & demonstrative & noun & numeral & particle & pronoun & subordinate clause","#808aea"
"adjective-adposition-adverb-demonstrative-noun-numeral-particle-pronoun-subordinate-clause_MonPl-06","MonPl-06","adjective & adposition & adverb & demonstrative & noun & numeral & particle & pronoun & subordinate clause","#16931c"
"oblique-particle-pronoun-subordinate-clause_MonPl-06","MonPl-06","oblique & particle & pronoun & subordinate clause","#b83868"
"adjective-oblique-particle-pronoun-subordinate-clause_MonPl-06","MonPl-06","adjective & oblique & particle & pronoun & subordinate clause","#ff839b"
"adposition-oblique-particle-pronoun-subordinate-clause_MonPl-06","MonPl-06","adposition & oblique & particle & pronoun & subordinate clause","#f92a65"
"adjective-adposition-oblique-particle-pronoun-subordinate-clause_MonPl-06","MonPl-06","adjective & adposition & oblique & particle & pronoun & subordinate clause","#0daaff"
"adverb-oblique-particle-pronoun-subordinate-clause_MonPl-06","MonPl-06","adverb & oblique & particle & pronoun & subordinate clause","#b32200"
"adjective-adverb-oblique-particle-pronoun-subordinate-clause_MonPl-06","MonPl-06","adjective & adverb & oblique & particle & pronoun & subordinate clause","#e87786"
"adposition-adverb-oblique-particle-pronoun-subordinate-clause_MonPl-06","MonPl-06","adposition & adverb & oblique & particle & pronoun & subordinate clause","#f326e4"
"adjective-adposition-adverb-oblique-particle-pronoun-subordinate-clause_MonPl-06","MonPl-06","adjective & adposition & adverb & oblique & particle & pronoun & subordinate clause","#1c5dd9"
"demonstrative-oblique-particle-pronoun-subordinate-clause_MonPl-06","MonPl-06","demonstrative & oblique & particle & pronoun & subordinate clause","#d535bc"
"adjective-demonstrative-oblique-particle-pronoun-subordinate-clause_MonPl-06","MonPl-06","adjective & demonstrative & oblique & particle & pronoun & subordinate clause","#b4a3ff"
"adposition-demonstrative-oblique-particle-pronoun-subordinate-clause_MonPl-06","MonPl-06","adposition & demonstrative & oblique & particle & pronoun & subordinate clause","#e0b4c4"
"adjective-adposition-demonstrative-oblique-particle-pronoun-subordinate-clause_MonPl-06","MonPl-06","adjective & adposition & demonstrative & oblique & particle & pronoun & subordinate clause","#fd6cc8"
"adverb-demonstrative-oblique-particle-pronoun-subordinate-clause_MonPl-06","MonPl-06","adverb & demonstrative & oblique & particle & pronoun & subordinate clause","#fba2fd"
"adjective-adverb-demonstrative-oblique-particle-pronoun-subordinate-clause_MonPl-06","MonPl-06","adjective & adverb & demonstrative & oblique & particle & pronoun & subordinate clause","#6353a4"
"adposition-adverb-demonstrative-oblique-particle-pronoun-subordinate-clause_MonPl-06","MonPl-06","adposition & adverb & demonstrative & oblique & particle & pronoun & subordinate clause","#538cd1"
"adjective-adposition-adverb-demonstrative-oblique-particle-pronoun-subordinate-clause_MonPl-06","MonPl-06","adjective & adposition & adverb & demonstrative & oblique & particle & pronoun & subordinate clause","#c0ee1c"
"noun-oblique-particle-pronoun-subordinate-clause_MonPl-06","MonPl-06","noun & oblique & particle & pronoun & subordinate clause","#cea9e8"
"adjective-noun-oblique-particle-pronoun-subordinate-clause_MonPl-06","MonPl-06","adjective & noun & oblique & particle & pronoun & subordinate clause","#355590"
"adposition-noun-oblique-particle-pronoun-subordinate-clause_MonPl-06","MonPl-06","adposition & noun & oblique & particle & pronoun & subordinate clause","#762e4b"
"adjective-adposition-noun-oblique-particle-pronoun-subordinate-clause_MonPl-06","MonPl-06","adjective & adposition & noun & oblique & particle & pronoun & subordinate clause","#b29b6c"
"adverb-noun-oblique-particle-pronoun-subordinate-clause_MonPl-06","MonPl-06","adverb & noun & oblique & particle & pronoun & subordinate clause","#a8b5a0"
"adjective-adverb-noun-oblique-particle-pronoun-subordinate-clause_MonPl-06","MonPl-06","adjective & adverb & noun & oblique & particle & pronoun & subordinate clause","#86fc00"
"adposition-adverb-noun-oblique-particle-pronoun-subordinate-clause_MonPl-06","MonPl-06","adposition & adverb & noun & oblique & particle & pronoun & subordinate clause","#becffe"
"adjective-adposition-adverb-noun-oblique-particle-pronoun-subordinate-clause_MonPl-06","MonPl-06","adjective & adposition & adverb & noun & oblique & particle & pronoun & subordinate clause","#c13ba4"
"demonstrative-noun-oblique-particle-pronoun-subordinate-clause_MonPl-06","MonPl-06","demonstrative & noun & oblique & particle & pronoun & subordinate clause","#9a569f"
"adjective-demonstrative-noun-oblique-particle-pronoun-subordinate-clause_MonPl-06","MonPl-06","adjective & demonstrative & noun & oblique & particle & pronoun & subordinate clause","#754b38"
"adposition-demonstrative-noun-oblique-particle-pronoun-subordinate-clause_MonPl-06","MonPl-06","adposition & demonstrative & noun & oblique & particle & pronoun & subordinate clause","#ba3d86"
"adjective-adposition-demonstrative-noun-oblique-particle-pronoun-subordinate-clause_MonPl-06","MonPl-06","adjective & adposition & demonstrative & noun & oblique & particle & pronoun & subordinate clause","#a0974d"
"adverb-demonstrative-noun-oblique-particle-pronoun-subordinate-clause_MonPl-06","MonPl-06","adverb & demonstrative & noun & oblique & particle & pronoun & subordinate clause","#bd42af"
"adjective-adverb-demonstrative-noun-oblique-particle-pronoun-subordinate-clause_MonPl-06","MonPl-06","adjective & adverb & demonstrative & noun & oblique & particle & pronoun & subordinate clause","#cf5899"
"adposition-adverb-demonstrative-noun-oblique-particle-pronoun-subordinate-clause_MonPl-06","MonPl-06","adposition & adverb & demonstrative & noun & oblique & particle & pronoun & subordinate clause","#007251"
"adjective-adposition-adverb-demonstrative-noun-oblique-particle-pronoun-subordinate-clause_MonPl-06","MonPl-06","adjective & adposition & adverb & demonstrative & noun & oblique & particle & pronoun & subordinate clause","#ffcdff"
"numeral-oblique-particle-pronoun-subordinate-clause_MonPl-06","MonPl-06","numeral & oblique & particle & pronoun & subordinate clause","#8a82b0"
"adjective-numeral-oblique-particle-pronoun-subordinate-clause_MonPl-06","MonPl-06","adjective & numeral & oblique & particle & pronoun & subordinate clause","#d5e4e2"
"adposition-numeral-oblique-particle-pronoun-subordinate-clause_MonPl-06","MonPl-06","adposition & numeral & oblique & particle & pronoun & subordinate clause","#404d22"
"adjective-adposition-numeral-oblique-particle-pronoun-subordinate-clause_MonPl-06","MonPl-06","adjective & adposition & numeral & oblique & particle & pronoun & subordinate clause","#32ffb6"
"adverb-numeral-oblique-particle-pronoun-subordinate-clause_MonPl-06","MonPl-06","adverb & numeral & oblique & particle & pronoun & subordinate clause","#f0008f"
"adjective-adverb-numeral-oblique-particle-pronoun-subordinate-clause_MonPl-06","MonPl-06","adjective & adverb & numeral & oblique & particle & pronoun & subordinate clause","#df168b"
"adposition-adverb-numeral-oblique-particle-pronoun-subordinate-clause_MonPl-06","MonPl-06","adposition & adverb & numeral & oblique & particle & pronoun & subordinate clause","#94691c"
"adjective-adposition-adverb-numeral-oblique-particle-pronoun-subordinate-clause_MonPl-06","MonPl-06","adjective & adposition & adverb & numeral & oblique & particle & pronoun & subordinate clause","#6e42a6"
"demonstrative-numeral-oblique-particle-pronoun-subordinate-clause_MonPl-06","MonPl-06","demonstrative & numeral & oblique & particle & pronoun & subordinate clause","#45a97c"
"adjective-demonstrative-numeral-oblique-particle-pronoun-subordinate-clause_MonPl-06","MonPl-06","adjective & demonstrative & numeral & oblique & particle & pronoun & subordinate clause","#ad3245"
"adposition-demonstrative-numeral-oblique-particle-pronoun-subordinate-clause_MonPl-06","MonPl-06","adposition & demonstrative & numeral & oblique & particle & pronoun & subordinate clause","#fd8aa3"
"adjective-adposition-demonstrative-numeral-oblique-particle-pronoun-subordinate-clause_MonPl-06","MonPl-06","adjective & adposition & demonstrative & numeral & oblique & particle & pronoun & subordinate clause","#c46826"
"adverb-demonstrative-numeral-oblique-particle-pronoun-subordinate-clause_MonPl-06","MonPl-06","adverb & demonstrative & numeral & oblique & particle & pronoun & subordinate clause","#a25d70"
"adjective-adverb-demonstrative-numeral-oblique-particle-pronoun-subordinate-clause_MonPl-06","MonPl-06","adjective & adverb & demonstrative & numeral & oblique & particle & pronoun & subordinate clause","#afc049"
"adposition-adverb-demonstrative-numeral-oblique-particle-pronoun-subordinate-clause_MonPl-06","MonPl-06","adposition & adverb & demonstrative & numeral & oblique & particle & pronoun & subordinate clause","#8ce3fc"
"adjective-adposition-adverb-demonstrative-numeral-oblique-particle-pronoun-subordinate-clause_MonPl-06","MonPl-06","adjective & adposition & adverb & demonstrative & numeral & oblique & particle & pronoun & subordinate clause","#f8497d"
"noun-numeral-oblique-particle-pronoun-subordinate-clause_MonPl-06","MonPl-06","noun & numeral & oblique & particle & pronoun & subordinate clause","#79de89"
"adjective-noun-numeral-oblique-particle-pronoun-subordinate-clause_MonPl-06","MonPl-06","adjective & noun & numeral & oblique & particle & pronoun & subordinate clause","#7ed89b"
"adposition-noun-numeral-oblique-particle-pronoun-subordinate-clause_MonPl-06","MonPl-06","adposition & noun & numeral & oblique & particle & pronoun & subordinate clause","#9c7e71"
"adjective-adposition-noun-numeral-oblique-particle-pronoun-subordinate-clause_MonPl-06","MonPl-06","adjective & adposition & noun & numeral & oblique & particle & pronoun & subordinate clause","#ae95b4"
"adverb-noun-numeral-oblique-particle-pronoun-subordinate-clause_MonPl-06","MonPl-06","adverb & noun & numeral & oblique & particle & pronoun & subordinate clause","#515f32"
"adjective-adverb-noun-numeral-oblique-particle-pronoun-subordinate-clause_MonPl-06","MonPl-06","adjective & adverb & noun & numeral & oblique & particle & pronoun & subordinate clause","#f9883d"
"adposition-adverb-noun-numeral-oblique-particle-pronoun-subordinate-clause_MonPl-06","MonPl-06","adposition & adverb & noun & numeral & oblique & particle & pronoun & subordinate clause","#4770ad"
"adjective-adposition-adverb-noun-numeral-oblique-particle-pronoun-subordinate-clause_MonPl-06","MonPl-06","adjective & adposition & adverb & noun & numeral & oblique & particle & pronoun & subordinate clause","#ba7163"
"demonstrative-noun-numeral-oblique-particle-pronoun-subordinate-clause_MonPl-06","MonPl-06","demonstrative & noun & numeral & oblique & particle & pronoun & subordinate clause","#1c9f86"
"adjective-demonstrative-noun-numeral-oblique-particle-pronoun-subordinate-clause_MonPl-06","MonPl-06","adjective & demonstrative & noun & numeral & oblique & particle & pronoun & subordinate clause","#fa9a3d"
"adposition-demonstrative-noun-numeral-oblique-particle-pronoun-subordinate-clause_MonPl-06","MonPl-06","adposition & demonstrative & noun & numeral & oblique & particle & pronoun & subordinate clause","#667fbf"
"adjective-adposition-demonstrative-noun-numeral-oblique-particle-pronoun-subordinate-clause_MonPl-06","MonPl-06","adjective & adposition & demonstrative & noun & numeral & oblique & particle & pronoun & subordinate clause","#a649a7"
"adverb-demonstrative-noun-numeral-oblique-particle-pronoun-subordinate-clause_MonPl-06","MonPl-06","adverb & demonstrative & noun & numeral & oblique & particle & pronoun & subordinate clause","#e66c7e"
"adjective-adverb-demonstrative-noun-numeral-oblique-particle-pronoun-subordinate-clause_MonPl-06","MonPl-06","adjective & adverb & demonstrative & noun & numeral & oblique & particle & pronoun & subordinate clause","#6a8247"
"adposition-adverb-demonstrative-noun-numeral-oblique-particle-pronoun-subordinate-clause_MonPl-06","MonPl-06","adposition & adverb & demonstrative & noun & numeral & oblique & particle & pronoun & subordinate clause","#a051ae"
"adjective-adposition-adverb-demonstrative-noun-numeral-oblique-particle-pronoun-subordinate-clause_MonPl-06","MonPl-06","adjective & adposition & adverb & demonstrative & noun & numeral & oblique & particle & pronoun & subordinate clause","#e6a2fe"
"sape-subordinate-clause_MonPl-06","MonPl-06","sape & subordinate clause","#49d668"
"adjective-sape-subordinate-clause_MonPl-06","MonPl-06","adjective & sape & subordinate clause","#1649a7"
"adposition-sape-subordinate-clause_MonPl-06","MonPl-06","adposition & sape & subordinate clause","#e1357e"
"adjective-adposition-sape-subordinate-clause_MonPl-06","MonPl-06","adjective & adposition & sape & subordinate clause","#f69ddd"
"adverb-sape-subordinate-clause_MonPl-06","MonPl-06","adverb & sape & subordinate clause","#9fb3e7"
"adjective-adverb-sape-subordinate-clause_MonPl-06","MonPl-06","adjective & adverb & sape & subordinate clause","#0d5f95"
"adposition-adverb-sape-subordinate-clause_MonPl-06","MonPl-06","adposition & adverb & sape & subordinate clause","#db606a"
"adjective-adposition-adverb-sape-subordinate-clause_MonPl-06","MonPl-06","adjective & adposition & adverb & sape & subordinate clause","#e7c6aa"
"demonstrative-sape-subordinate-clause_MonPl-06","MonPl-06","demonstrative & sape & subordinate clause","#fbb43b"
"adjective-demonstrative-sape-subordinate-clause_MonPl-06","MonPl-06","adjective & demonstrative & sape & subordinate clause","#a75d5a"
"adposition-demonstrative-sape-subordinate-clause_MonPl-06","MonPl-06","adposition & demonstrative & sape & subordinate clause","#b5555d"
"adjective-adposition-demonstrative-sape-subordinate-clause_MonPl-06","MonPl-06","adjective & adposition & demonstrative & sape & subordinate clause","#f6d6f6"
"adverb-demonstrative-sape-subordinate-clause_MonPl-06","MonPl-06","adverb & demonstrative & sape & subordinate clause","#ef40e6"
"adjective-adverb-demonstrative-sape-subordinate-clause_MonPl-06","MonPl-06","adjective & adverb & demonstrative & sape & subordinate clause","#71cfe0"
"adposition-adverb-demonstrative-sape-subordinate-clause_MonPl-06","MonPl-06","adposition & adverb & demonstrative & sape & subordinate clause","#da79ab"
"adjective-adposition-adverb-demonstrative-sape-subordinate-clause_MonPl-06","MonPl-06","adjective & adposition & adverb & demonstrative & sape & subordinate clause","#ffb88a"
"noun-sape-subordinate-clause_MonPl-06","MonPl-06","noun & sape & subordinate clause","#917cec"
"adjective-noun-sape-subordinate-clause_MonPl-06","MonPl-06","adjective & noun & sape & subordinate clause","#7f6e98"
"adposition-noun-sape-subordinate-clause_MonPl-06","MonPl-06","adposition & noun & sape & subordinate clause","#dd32d4"
"adjective-adposition-noun-sape-subordinate-clause_MonPl-06","MonPl-06","adjective & adposition & noun & sape & subordinate clause","#e892e8"
"adverb-noun-sape-subordinate-clause_MonPl-06","MonPl-06","adverb & noun & sape & subordinate clause","#71d45d"
"adjective-adverb-noun-sape-subordinate-clause_MonPl-06","MonPl-06","adjective & adverb & noun & sape & subordinate clause","#a07895"
"adposition-adverb-noun-sape-subordinate-clause_MonPl-06","MonPl-06","adposition & adverb & noun & sape & subordinate clause","#fe8bc4"
"adjective-adposition-adverb-noun-sape-subordinate-clause_MonPl-06","MonPl-06","adjective & adposition & adverb & noun & sape & subordinate clause","#aecd16"
"demonstrative-noun-sape-subordinate-clause_MonPl-06","MonPl-06","demonstrative & noun & sape & subordinate clause","#a4514d"
"adjective-demonstrative-noun-sape-subordinate-clause_MonPl-06","MonPl-06","adjective & demonstrative & noun & sape & subordinate clause","#5a4916"
"adposition-demonstrative-noun-sape-subordinate-clause_MonPl-06","MonPl-06","adposition & demonstrative & noun & sape & subordinate clause","#829e45"
"adjective-adposition-demonstrative-noun-sape-subordinate-clause_MonPl-06","MonPl-06","adjective & adposition & demonstrative & noun & sape & subordinate clause","#d455c5"
"adverb-demonstrative-noun-sape-subordinate-clause_MonPl-06","MonPl-06","adverb & demonstrative & noun & sape & subordinate clause","#7682ff"
"adjective-adverb-demonstrative-noun-sape-subordinate-clause_MonPl-06","MonPl-06","adjective & adverb & demonstrative & noun & sape & subordinate clause","#94f64f"
"adposition-adverb-demonstrative-noun-sape-subordinate-clause_MonPl-06","MonPl-06","adposition & adverb & demonstrative & noun & sape & subordinate clause","#79c08b"
"adjective-adposition-adverb-demonstrative-noun-sape-subordinate-clause_MonPl-06","MonPl-06","adjective & adposition & adverb & demonstrative & noun & sape & subordinate clause","#733b4b"
"numeral-sape-subordinate-clause_MonPl-06","MonPl-06","numeral & sape & subordinate clause","#b186fe"
"adjective-numeral-sape-subordinate-clause_MonPl-06","MonPl-06","adjective & numeral & sape & subordinate clause","#7cf693"
"adposition-numeral-sape-subordinate-clause_MonPl-06","MonPl-06","adposition & numeral & sape & subordinate clause","#c59dd6"
"adjective-adposition-numeral-sape-subordinate-clause_MonPl-06","MonPl-06","adjective & adposition & numeral & sape & subordinate clause","#d9aaf9"
"adverb-numeral-sape-subordinate-clause_MonPl-06","MonPl-06","adverb & numeral & sape & subordinate clause","#458e51"
"adjective-adverb-numeral-sape-subordinate-clause_MonPl-06","MonPl-06","adjective & adverb & numeral & sape & subordinate clause","#e06997"
"adposition-adverb-numeral-sape-subordinate-clause_MonPl-06","MonPl-06","adposition & adverb & numeral & sape & subordinate clause","#933d90"
"adjective-adposition-adverb-numeral-sape-subordinate-clause_MonPl-06","MonPl-06","adjective & adposition & adverb & numeral & sape & subordinate clause","#bc7799"
"demonstrative-numeral-sape-subordinate-clause_MonPl-06","MonPl-06","demonstrative & numeral & sape & subordinate clause","#d27f8c"
"adjective-demonstrative-numeral-sape-subordinate-clause_MonPl-06","MonPl-06","adjective & demonstrative & numeral & sape & subordinate clause","#8f9ae2"
"adposition-demonstrative-numeral-sape-subordinate-clause_MonPl-06","MonPl-06","adposition & demonstrative & numeral & sape & subordinate clause","#26556d"
"adjective-adposition-demonstrative-numeral-sape-subordinate-clause_MonPl-06","MonPl-06","adjective & adposition & demonstrative & numeral & sape & subordinate clause","#b03269"
"adverb-demonstrative-numeral-sape-subordinate-clause_MonPl-06","MonPl-06","adverb & demonstrative & numeral & sape & subordinate clause","#97a37d"
"adjective-adverb-demonstrative-numeral-sape-subordinate-clause_MonPl-06","MonPl-06","adjective & adverb & demonstrative & numeral & sape & subordinate clause","#4bdf7d"
"adposition-adverb-demonstrative-numeral-sape-subordinate-clause_MonPl-06","MonPl-06","adposition & adverb & demonstrative & numeral & sape & subordinate clause","#c571ae"
"adjective-adposition-adverb-demonstrative-numeral-sape-subordinate-clause_MonPl-06","MonPl-06","adjective & adposition & adverb & demonstrative & numeral & sape & subordinate clause","#d0ea96"
"noun-numeral-sape-subordinate-clause_MonPl-06","MonPl-06","noun & numeral & sape & subordinate clause","#7ae73b"
"adjective-noun-numeral-sape-subordinate-clause_MonPl-06","MonPl-06","adjective & noun & numeral & sape & subordinate clause","#cdad99"
"adposition-noun-numeral-sape-subordinate-clause_MonPl-06","MonPl-06","adposition & noun & numeral & sape & subordinate clause","#a0ded1"
"adjective-adposition-noun-numeral-sape-subordinate-clause_MonPl-06","MonPl-06","adjective & adposition & noun & numeral & sape & subordinate clause","#fb6285"
"adverb-noun-numeral-sape-subordinate-clause_MonPl-06","MonPl-06","adverb & noun & numeral & sape & subordinate clause","#40b99a"
"adjective-adverb-noun-numeral-sape-subordinate-clause_MonPl-06","MonPl-06","adjective & adverb & noun & numeral & sape & subordinate clause","#c70d00"
"adposition-adverb-noun-numeral-sape-subordinate-clause_MonPl-06","MonPl-06","adposition & adverb & noun & numeral & sape & subordinate clause","#ab5fdb"
"adjective-adposition-adverb-noun-numeral-sape-subordinate-clause_MonPl-06","MonPl-06","adjective & adposition & adverb & noun & numeral & sape & subordinate clause","#91607a"
"demonstrative-noun-numeral-sape-subordinate-clause_MonPl-06","MonPl-06","demonstrative & noun & numeral & sape & subordinate clause","#ef86fb"
"adjective-demonstrative-noun-numeral-sape-subordinate-clause_MonPl-06","MonPl-06","adjective & demonstrative & noun & numeral & sape & subordinate clause","#7e1698"
"adposition-demonstrative-noun-numeral-sape-subordinate-clause_MonPl-06","MonPl-06","adposition & demonstrative & noun & numeral & sape & subordinate clause","#7a5558"
"adjective-adposition-demonstrative-noun-numeral-sape-subordinate-clause_MonPl-06","MonPl-06","adjective & adposition & demonstrative & noun & numeral & sape & subordinate clause","#b7c016"
"adverb-demonstrative-noun-numeral-sape-subordinate-clause_MonPl-06","MonPl-06","adverb & demonstrative & noun & numeral & sape & subordinate clause","#5f624f"
"adjective-adverb-demonstrative-noun-numeral-sape-subordinate-clause_MonPl-06","MonPl-06","adjective & adverb & demonstrative & noun & numeral & sape & subordinate clause","#7e94ab"
"adposition-adverb-demonstrative-noun-numeral-sape-subordinate-clause_MonPl-06","MonPl-06","adposition & adverb & demonstrative & noun & numeral & sape & subordinate clause","#7db44f"
"adjective-adposition-adverb-demonstrative-noun-numeral-sape-subordinate-clause_MonPl-06","MonPl-06","adjective & adposition & adverb & demonstrative & noun & numeral & sape & subordinate clause","#47408b"
"oblique-sape-subordinate-clause_MonPl-06","MonPl-06","oblique & sape & subordinate clause","#b6e75d"
"adjective-oblique-sape-subordinate-clause_MonPl-06","MonPl-06","adjective & oblique & sape & subordinate clause","#b47649"
"adposition-oblique-sape-subordinate-clause_MonPl-06","MonPl-06","adposition & oblique & sape & subordinate clause","#88e951"
"adjective-adposition-oblique-sape-subordinate-clause_MonPl-06","MonPl-06","adjective & adposition & oblique & sape & subordinate clause","#e30dbe"
"adverb-oblique-sape-subordinate-clause_MonPl-06","MonPl-06","adverb & oblique & sape & subordinate clause","#2e9358"
"adjective-adverb-oblique-sape-subordinate-clause_MonPl-06","MonPl-06","adjective & adverb & oblique & sape & subordinate clause","#f90077"
"adposition-adverb-oblique-sape-subordinate-clause_MonPl-06","MonPl-06","adposition & adverb & oblique & sape & subordinate clause","#ab628a"
"adjective-adposition-adverb-oblique-sape-subordinate-clause_MonPl-06","MonPl-06","adjective & adposition & adverb & oblique & sape & subordinate clause","#9f8394"
"demonstrative-oblique-sape-subordinate-clause_MonPl-06","MonPl-06","demonstrative & oblique & sape & subordinate clause","#b66370"
"adjective-demonstrative-oblique-sape-subordinate-clause_MonPl-06","MonPl-06","adjective & demonstrative & oblique & sape & subordinate clause","#7216ce"
"adposition-demonstrative-oblique-sape-subordinate-clause_MonPl-06","MonPl-06","adposition & demonstrative & oblique & sape & subordinate clause","#b94771"
"adjective-adposition-demonstrative-oblique-sape-subordinate-clause_MonPl-06","MonPl-06","adjective & adposition & demonstrative & oblique & sape & subordinate clause","#454566"
"adverb-demonstrative-oblique-sape-subordinate-clause_MonPl-06","MonPl-06","adverb & demonstrative & oblique & sape & subordinate clause","#a79456"
"adjective-adverb-demonstrative-oblique-sape-subordinate-clause_MonPl-06","MonPl-06","adjective & adverb & demonstrative & oblique & sape & subordinate clause","#b94522"
"adposition-adverb-demonstrative-oblique-sape-subordinate-clause_MonPl-06","MonPl-06","adposition & adverb & demonstrative & oblique & sape & subordinate clause","#7fd91c"
"adjective-adposition-adverb-demonstrative-oblique-sape-subordinate-clause_MonPl-06","MonPl-06","adjective & adposition & adverb & demonstrative & oblique & sape & subordinate clause","#76686d"
"noun-oblique-sape-subordinate-clause_MonPl-06","MonPl-06","noun & oblique & sape & subordinate clause","#c68a9d"
"adjective-noun-oblique-sape-subordinate-clause_MonPl-06","MonPl-06","adjective & noun & oblique & sape & subordinate clause","#476316"
"adposition-noun-oblique-sape-subordinate-clause_MonPl-06","MonPl-06","adposition & noun & oblique & sape & subordinate clause","#c7c6bc"
"adjective-adposition-noun-oblique-sape-subordinate-clause_MonPl-06","MonPl-06","adjective & adposition & noun & oblique & sape & subordinate clause","#7e5a91"
"adverb-noun-oblique-sape-subordinate-clause_MonPl-06","MonPl-06","adverb & noun & oblique & sape & subordinate clause","#c532d5"
"adjective-adverb-noun-oblique-sape-subordinate-clause_MonPl-06","MonPl-06","adjective & adverb & noun & oblique & sape & subordinate clause","#40a300"
"adposition-adverb-noun-oblique-sape-subordinate-clause_MonPl-06","MonPl-06","adposition & adverb & noun & oblique & sape & subordinate clause","#388a2e"
"adjective-adposition-adverb-noun-oblique-sape-subordinate-clause_MonPl-06","MonPl-06","adjective & adposition & adverb & noun & oblique & sape & subordinate clause","#e24bfc"
"demonstrative-noun-oblique-sape-subordinate-clause_MonPl-06","MonPl-06","demonstrative & noun & oblique & sape & subordinate clause","#6353dc"
"adjective-demonstrative-noun-oblique-sape-subordinate-clause_MonPl-06","MonPl-06","adjective & demonstrative & noun & oblique & sape & subordinate clause","#717a0d"
"adposition-demonstrative-noun-oblique-sape-subordinate-clause_MonPl-06","MonPl-06","adposition & demonstrative & noun & oblique & sape & subordinate clause","#ae8177"
"adjective-adposition-demonstrative-noun-oblique-sape-subordinate-clause_MonPl-06","MonPl-06","adjective & adposition & demonstrative & noun & oblique & sape & subordinate clause","#fe3be0"
"adverb-demonstrative-noun-oblique-sape-subordinate-clause_MonPl-06","MonPl-06","adverb & demonstrative & noun & oblique & sape & subordinate clause","#89e37a"
"adjective-adverb-demonstrative-noun-oblique-sape-subordinate-clause_MonPl-06","MonPl-06","adjective & adverb & demonstrative & noun & oblique & sape & subordinate clause","#85656d"
"adposition-adverb-demonstrative-noun-oblique-sape-subordinate-clause_MonPl-06","MonPl-06","adposition & adverb & demonstrative & noun & oblique & sape & subordinate clause","#5cab3b"
"adjective-adposition-adverb-demonstrative-noun-oblique-sape-subordinate-clause_MonPl-06","MonPl-06","adjective & adposition & adverb & demonstrative & noun & oblique & sape & subordinate clause","#88f6bd"
"numeral-oblique-sape-subordinate-clause_MonPl-06","MonPl-06","numeral & oblique & sape & subordinate clause","#b9d8ef"
"adjective-numeral-oblique-sape-subordinate-clause_MonPl-06","MonPl-06","adjective & numeral & oblique & sape & subordinate clause","#f49bd0"
"adposition-numeral-oblique-sape-subordinate-clause_MonPl-06","MonPl-06","adposition & numeral & oblique & sape & subordinate clause","#d6938a"
"adjective-adposition-numeral-oblique-sape-subordinate-clause_MonPl-06","MonPl-06","adjective & adposition & numeral & oblique & sape & subordinate clause","#5d4226"
"adverb-numeral-oblique-sape-subordinate-clause_MonPl-06","MonPl-06","adverb & numeral & oblique & sape & subordinate clause","#654032"
"adjective-adverb-numeral-oblique-sape-subordinate-clause_MonPl-06","MonPl-06","adjective & adverb & numeral & oblique & sape & subordinate clause","#009460"
"adposition-adverb-numeral-oblique-sape-subordinate-clause_MonPl-06","MonPl-06","adposition & adverb & numeral & oblique & sape & subordinate clause","#9b0dda"
"adjective-adposition-adverb-numeral-oblique-sape-subordinate-clause_MonPl-06","MonPl-06","adjective & adposition & adverb & numeral & oblique & sape & subordinate clause","#f63863"
"demonstrative-numeral-oblique-sape-subordinate-clause_MonPl-06","MonPl-06","demonstrative & numeral & oblique & sape & subordinate clause","#cba34d"
"adjective-demonstrative-numeral-oblique-sape-subordinate-clause_MonPl-06","MonPl-06","adjective & demonstrative & numeral & oblique & sape & subordinate clause","#c19556"
"adposition-demonstrative-numeral-oblique-sape-subordinate-clause_MonPl-06","MonPl-06","adposition & demonstrative & numeral & oblique & sape & subordinate clause","#558ee5"
"adjective-adposition-demonstrative-numeral-oblique-sape-subordinate-clause_MonPl-06","MonPl-06","adjective & adposition & demonstrative & numeral & oblique & sape & subordinate clause","#6668bd"
"adverb-demonstrative-numeral-oblique-sape-subordinate-clause_MonPl-06","MonPl-06","adverb & demonstrative & numeral & oblique & sape & subordinate clause","#bda140"
"adjective-adverb-demonstrative-numeral-oblique-sape-subordinate-clause_MonPl-06","MonPl-06","adjective & adverb & demonstrative & numeral & oblique & sape & subordinate clause","#558ff4"
"adposition-adverb-demonstrative-numeral-oblique-sape-subordinate-clause_MonPl-06","MonPl-06","adposition & adverb & demonstrative & numeral & oblique & sape & subordinate clause","#b67e80"
"adjective-adposition-adverb-demonstrative-numeral-oblique-sape-subordinate-clause_MonPl-06","MonPl-06","adjective & adposition & adverb & demonstrative & numeral & oblique & sape & subordinate clause","#bcbc82"
"noun-numeral-oblique-sape-subordinate-clause_MonPl-06","MonPl-06","noun & numeral & oblique & sape & subordinate clause","#da38b1"
"adjective-noun-numeral-oblique-sape-subordinate-clause_MonPl-06","MonPl-06","adjective & noun & numeral & oblique & sape & subordinate clause","#ff4ded"
"adposition-noun-numeral-oblique-sape-subordinate-clause_MonPl-06","MonPl-06","adposition & noun & numeral & oblique & sape & subordinate clause","#9142ca"
"adjective-adposition-noun-numeral-oblique-sape-subordinate-clause_MonPl-06","MonPl-06","adjective & adposition & noun & numeral & oblique & sape & subordinate clause","#5f738d"
"adverb-noun-numeral-oblique-sape-subordinate-clause_MonPl-06","MonPl-06","adverb & noun & numeral & oblique & sape & subordinate clause","#f873c4"
"adjective-adverb-noun-numeral-oblique-sape-subordinate-clause_MonPl-06","MonPl-06","adjective & adverb & noun & numeral & oblique & sape & subordinate clause","#dcbce4"
"adposition-adverb-noun-numeral-oblique-sape-subordinate-clause_MonPl-06","MonPl-06","adposition & adverb & noun & numeral & oblique & sape & subordinate clause","#ea45c2"
"adjective-adposition-adverb-noun-numeral-oblique-sape-subordinate-clause_MonPl-06","MonPl-06","adjective & adposition & adverb & noun & numeral & oblique & sape & subordinate clause","#c2a363"
"demonstrative-noun-numeral-oblique-sape-subordinate-clause_MonPl-06","MonPl-06","demonstrative & noun & numeral & oblique & sape & subordinate clause","#be6d9b"
"adjective-demonstrative-noun-numeral-oblique-sape-subordinate-clause_MonPl-06","MonPl-06","adjective & demonstrative & noun & numeral & oblique & sape & subordinate clause","#4249d8"
"adposition-demonstrative-noun-numeral-oblique-sape-subordinate-clause_MonPl-06","MonPl-06","adposition & demonstrative & noun & numeral & oblique & sape & subordinate clause","#3dfcc1"
"adjective-adposition-demonstrative-noun-numeral-oblique-sape-subordinate-clause_MonPl-06","MonPl-06","adjective & adposition & demonstrative & noun & numeral & oblique & sape & subordinate clause","#ec7595"
"adverb-demonstrative-noun-numeral-oblique-sape-subordinate-clause_MonPl-06","MonPl-06","adverb & demonstrative & noun & numeral & oblique & sape & subordinate clause","#969477"
"adjective-adverb-demonstrative-noun-numeral-oblique-sape-subordinate-clause_MonPl-06","MonPl-06","adjective & adverb & demonstrative & noun & numeral & oblique & sape & subordinate clause","#1c80d4"
"adposition-adverb-demonstrative-noun-numeral-oblique-sape-subordinate-clause_MonPl-06","MonPl-06","adposition & adverb & demonstrative & noun & numeral & oblique & sape & subordinate clause","#c9e7cb"
"adjective-adposition-adverb-demonstrative-noun-numeral-oblique-sape-subordinate-clause_MonPl-06","MonPl-06","adjective & adposition & adverb & demonstrative & noun & numeral & oblique & sape & subordinate clause","#8f9fd2"
"particle-sape-subordinate-clause_MonPl-06","MonPl-06","particle & sape & subordinate clause","#fe5379"
"adjective-particle-sape-subordinate-clause_MonPl-06","MonPl-06","adjective & particle & sape & subordinate clause","#4753c4"
"adposition-particle-sape-subordinate-clause_MonPl-06","MonPl-06","adposition & particle & sape & subordinate clause","#e59847"
"adjective-adposition-particle-sape-subordinate-clause_MonPl-06","MonPl-06","adjective & adposition & particle & sape & subordinate clause","#c576f9"
"adverb-particle-sape-subordinate-clause_MonPl-06","MonPl-06","adverb & particle & sape & subordinate clause","#26b9d4"
"adjective-adverb-particle-sape-subordinate-clause_MonPl-06","MonPl-06","adjective & adverb & particle & sape & subordinate clause","#d598c4"
"adposition-adverb-particle-sape-subordinate-clause_MonPl-06","MonPl-06","adposition & adverb & particle & sape & subordinate clause","#b2da5a"
"adjective-adposition-adverb-particle-sape-subordinate-clause_MonPl-06","MonPl-06","adjective & adposition & adverb & particle & sape & subordinate clause","#ab87d2"
"demonstrative-particle-sape-subordinate-clause_MonPl-06","MonPl-06","demonstrative & particle & sape & subordinate clause","#c670ff"
"adjective-demonstrative-particle-sape-subordinate-clause_MonPl-06","MonPl-06","adjective & demonstrative & particle & sape & subordinate clause","#5dd3f7"
"adposition-demonstrative-particle-sape-subordinate-clause_MonPl-06","MonPl-06","adposition & demonstrative & particle & sape & subordinate clause","#51e3d4"
"adjective-adposition-demonstrative-particle-sape-subordinate-clause_MonPl-06","MonPl-06","adjective & adposition & demonstrative & particle & sape & subordinate clause","#a397e8"
"adverb-demonstrative-particle-sape-subordinate-clause_MonPl-06","MonPl-06","adverb & demonstrative & particle & sape & subordinate clause","#e36aa7"
"adjective-adverb-demonstrative-particle-sape-subordinate-clause_MonPl-06","MonPl-06","adjective & adverb & demonstrative & particle & sape & subordinate clause","#5f78fb"
"adposition-adverb-demonstrative-particle-sape-subordinate-clause_MonPl-06","MonPl-06","adposition & adverb & demonstrative & particle & sape & subordinate clause","#8b7573"
"adjective-adposition-adverb-demonstrative-particle-sape-subordinate-clause_MonPl-06","MonPl-06","adjective & adposition & adverb & demonstrative & particle & sape & subordinate clause","#8bd08f"
"noun-particle-sape-subordinate-clause_MonPl-06","MonPl-06","noun & particle & sape & subordinate clause","#ada769"
"adjective-noun-particle-sape-subordinate-clause_MonPl-06","MonPl-06","adjective & noun & particle & sape & subordinate clause","#71e3d2"
"adposition-noun-particle-sape-subordinate-clause_MonPl-06","MonPl-06","adposition & noun & particle & sape & subordinate clause","#53ade2"
"adjective-adposition-noun-particle-sape-subordinate-clause_MonPl-06","MonPl-06","adjective & adposition & noun & particle & sape & subordinate clause","#fba388"
"adverb-noun-particle-sape-subordinate-clause_MonPl-06","MonPl-06","adverb & noun & particle & sape & subordinate clause","#bd95bd"
"adjective-adverb-noun-particle-sape-subordinate-clause_MonPl-06","MonPl-06","adjective & adverb & noun & particle & sape & subordinate clause","#62e04f"
"adposition-adverb-noun-particle-sape-subordinate-clause_MonPl-06","MonPl-06","adposition & adverb & noun & particle & sape & subordinate clause","#858c95"
"adjective-adposition-adverb-noun-particle-sape-subordinate-clause_MonPl-06","MonPl-06","adjective & adposition & adverb & noun & particle & sape & subordinate clause","#ffa822"
"demonstrative-noun-particle-sape-subordinate-clause_MonPl-06","MonPl-06","demonstrative & noun & particle & sape & subordinate clause","#c8acc6"
"adjective-demonstrative-noun-particle-sape-subordinate-clause_MonPl-06","MonPl-06","adjective & demonstrative & noun & particle & sape & subordinate clause","#7e3d72"
"adposition-demonstrative-noun-particle-sape-subordinate-clause_MonPl-06","MonPl-06","adposition & demonstrative & noun & particle & sape & subordinate clause","#e4e97d"
"adjective-adposition-demonstrative-noun-particle-sape-subordinate-clause_MonPl-06","MonPl-06","adjective & adposition & demonstrative & noun & particle & sape & subordinate clause","#8f1cc9"
"adverb-demonstrative-noun-particle-sape-subordinate-clause_MonPl-06","MonPl-06","adverb & demonstrative & noun & particle & sape & subordinate clause","#ce9a3b"
"adjective-adverb-demonstrative-noun-particle-sape-subordinate-clause_MonPl-06","MonPl-06","adjective & adverb & demonstrative & noun & particle & sape & subordinate clause","#e676cd"
"adposition-adverb-demonstrative-noun-particle-sape-subordinate-clause_MonPl-06","MonPl-06","adposition & adverb & demonstrative & noun & particle & sape & subordinate clause","#bbc6ea"
"adjective-adposition-adverb-demonstrative-noun-particle-sape-subordinate-clause_MonPl-06","MonPl-06","adjective & adposition & adverb & demonstrative & noun & particle & sape & subordinate clause","#0d6c32"
"numeral-particle-sape-subordinate-clause_MonPl-06","MonPl-06","numeral & particle & sape & subordinate clause","#583b8b"
"adjective-numeral-particle-sape-subordinate-clause_MonPl-06","MonPl-06","adjective & numeral & particle & sape & subordinate clause","#d88556"
"adposition-numeral-particle-sape-subordinate-clause_MonPl-06","MonPl-06","adposition & numeral & particle & sape & subordinate clause","#989232"
"adjective-adposition-numeral-particle-sape-subordinate-clause_MonPl-06","MonPl-06","adjective & adposition & numeral & particle & sape & subordinate clause","#de726c"
"adverb-numeral-particle-sape-subordinate-clause_MonPl-06","MonPl-06","adverb & numeral & particle & sape & subordinate clause","#d33dd7"
"adjective-adverb-numeral-particle-sape-subordinate-clause_MonPl-06","MonPl-06","adjective & adverb & numeral & particle & sape & subordinate clause","#c500c0"
"adposition-adverb-numeral-particle-sape-subordinate-clause_MonPl-06","MonPl-06","adposition & adverb & numeral & particle & sape & subordinate clause","#fb42a3"
"adjective-adposition-adverb-numeral-particle-sape-subordinate-clause_MonPl-06","MonPl-06","adjective & adposition & adverb & numeral & particle & sape & subordinate clause","#f172ff"
"demonstrative-numeral-particle-sape-subordinate-clause_MonPl-06","MonPl-06","demonstrative & numeral & particle & sape & subordinate clause","#c5d5ca"
"adjective-demonstrative-numeral-particle-sape-subordinate-clause_MonPl-06","MonPl-06","adjective & demonstrative & numeral & particle & sape & subordinate clause","#f6c2b3"
"adposition-demonstrative-numeral-particle-sape-subordinate-clause_MonPl-06","MonPl-06","adposition & demonstrative & numeral & particle & sape & subordinate clause","#a77ea5"
"adjective-adposition-demonstrative-numeral-particle-sape-subordinate-clause_MonPl-06","MonPl-06","adjective & adposition & demonstrative & numeral & particle & sape & subordinate clause","#95c83b"
"adverb-demonstrative-numeral-particle-sape-subordinate-clause_MonPl-06","MonPl-06","adverb & demonstrative & numeral & particle & sape & subordinate clause","#6cf516"
"adjective-adverb-demonstrative-numeral-particle-sape-subordinate-clause_MonPl-06","MonPl-06","adjective & adverb & demonstrative & numeral & particle & sape & subordinate clause","#ffa576"
"adposition-adverb-demonstrative-numeral-particle-sape-subordinate-clause_MonPl-06","MonPl-06","adposition & adverb & demonstrative & numeral & particle & sape & subordinate clause","#a8a99f"
"adjective-adposition-adverb-demonstrative-numeral-particle-sape-subordinate-clause_MonPl-06","MonPl-06","adjective & adposition & adverb & demonstrative & numeral & particle & sape & subordinate clause","#fa16cc"
"noun-numeral-particle-sape-subordinate-clause_MonPl-06","MonPl-06","noun & numeral & particle & sape & subordinate clause","#9b775a"
"adjective-noun-numeral-particle-sape-subordinate-clause_MonPl-06","MonPl-06","adjective & noun & numeral & particle & sape & subordinate clause","#916096"
"adposition-noun-numeral-particle-sape-subordinate-clause_MonPl-06","MonPl-06","adposition & noun & numeral & particle & sape & subordinate clause","#f2bdbb"
"adjective-adposition-noun-numeral-particle-sape-subordinate-clause_MonPl-06","MonPl-06","adjective & adposition & noun & numeral & particle & sape & subordinate clause","#5c8ebb"
"adverb-noun-numeral-particle-sape-subordinate-clause_MonPl-06","MonPl-06","adverb & noun & numeral & particle & sape & subordinate clause","#798e26"
"adjective-adverb-noun-numeral-particle-sape-subordinate-clause_MonPl-06","MonPl-06","adjective & adverb & noun & numeral & particle & sape & subordinate clause","#f20055"
"adposition-adverb-noun-numeral-particle-sape-subordinate-clause_MonPl-06","MonPl-06","adposition & adverb & noun & numeral & particle & sape & subordinate clause","#979300"
"adjective-adposition-adverb-noun-numeral-particle-sape-subordinate-clause_MonPl-06","MonPl-06","adjective & adposition & adverb & noun & numeral & particle & sape & subordinate clause","#ca4f51"
"demonstrative-noun-numeral-particle-sape-subordinate-clause_MonPl-06","MonPl-06","demonstrative & noun & numeral & particle & sape & subordinate clause","#d2a0c4"
"adjective-demonstrative-noun-numeral-particle-sape-subordinate-clause_MonPl-06","MonPl-06","adjective & demonstrative & noun & numeral & particle & sape & subordinate clause","#f4e560"
"adposition-demonstrative-noun-numeral-particle-sape-subordinate-clause_MonPl-06","MonPl-06","adposition & demonstrative & noun & numeral & particle & sape & subordinate clause","#cb786e"
"adjective-adposition-demonstrative-noun-numeral-particle-sape-subordinate-clause_MonPl-06","MonPl-06","adjective & adposition & demonstrative & noun & numeral & particle & sape & subordinate clause","#d0afa8"
"adverb-demonstrative-noun-numeral-particle-sape-subordinate-clause_MonPl-06","MonPl-06","adverb & demonstrative & noun & numeral & particle & sape & subordinate clause","#fd6c38"
"adjective-adverb-demonstrative-noun-numeral-particle-sape-subordinate-clause_MonPl-06","MonPl-06","adjective & adverb & demonstrative & noun & numeral & particle & sape & subordinate clause","#fe65aa"
"adposition-adverb-demonstrative-noun-numeral-particle-sape-subordinate-clause_MonPl-06","MonPl-06","adposition & adverb & demonstrative & noun & numeral & particle & sape & subordinate clause","#aa9247"
"adjective-adposition-adverb-demonstrative-noun-numeral-particle-sape-subordinate-clause_MonPl-06","MonPl-06","adjective & adposition & adverb & demonstrative & noun & numeral & particle & sape & subordinate clause","#265649"
"oblique-particle-sape-subordinate-clause_MonPl-06","MonPl-06","oblique & particle & sape & subordinate clause","#85862e"
"adjective-oblique-particle-sape-subordinate-clause_MonPl-06","MonPl-06","adjective & oblique & particle & sape & subordinate clause","#be459b"
"adposition-oblique-particle-sape-subordinate-clause_MonPl-06","MonPl-06","adposition & oblique & particle & sape & subordinate clause","#b37666"
"adjective-adposition-oblique-particle-sape-subordinate-clause_MonPl-06","MonPl-06","adjective & adposition & oblique & particle & sape & subordinate clause","#95a10d"
"adverb-oblique-particle-sape-subordinate-clause_MonPl-06","MonPl-06","adverb & oblique & particle & sape & subordinate clause","#a3e9be"
"adjective-adverb-oblique-particle-sape-subordinate-clause_MonPl-06","MonPl-06","adjective & adverb & oblique & particle & sape & subordinate clause","#94498d"
"adposition-adverb-oblique-particle-sape-subordinate-clause_MonPl-06","MonPl-06","adposition & adverb & oblique & particle & sape & subordinate clause","#e50d5a"
"adjective-adposition-adverb-oblique-particle-sape-subordinate-clause_MonPl-06","MonPl-06","adjective & adposition & adverb & oblique & particle & sape & subordinate clause","#d84b6c"
"demonstrative-oblique-particle-sape-subordinate-clause_MonPl-06","MonPl-06","demonstrative & oblique & particle & sape & subordinate clause","#4d999e"
"adjective-demonstrative-oblique-particle-sape-subordinate-clause_MonPl-06","MonPl-06","adjective & demonstrative & oblique & particle & sape & subordinate clause","#96acab"
"adposition-demonstrative-oblique-particle-sape-subordinate-clause_MonPl-06","MonPl-06","adposition & demonstrative & oblique & particle & sape & subordinate clause","#ee6aaa"
"adjective-adposition-demonstrative-oblique-particle-sape-subordinate-clause_MonPl-06","MonPl-06","adjective & adposition & demonstrative & oblique & particle & sape & subordinate clause","#bd3dd0"
"adverb-demonstrative-oblique-particle-sape-subordinate-clause_MonPl-06","MonPl-06","adverb & demonstrative & oblique & particle & sape & subordinate clause","#7d65d3"
"adjective-adverb-demonstrative-oblique-particle-sape-subordinate-clause_MonPl-06","MonPl-06","adjective & adverb & demonstrative & oblique & particle & sape & subordinate clause","#ac0d87"
"adposition-adverb-demonstrative-oblique-particle-sape-subordinate-clause_MonPl-06","MonPl-06","adposition & adverb & demonstrative & oblique & particle & sape & subordinate clause","#e7de82"
"adjective-adposition-adverb-demonstrative-oblique-particle-sape-subordinate-clause_MonPl-06","MonPl-06","adjective & adposition & adverb & demonstrative & oblique & particle & sape & subordinate clause","#5fe1c5"
"noun-oblique-particle-sape-subordinate-clause_MonPl-06","MonPl-06","noun & oblique & particle & sape & subordinate clause","#9cc499"
"adjective-noun-oblique-particle-sape-subordinate-clause_MonPl-06","MonPl-06","adjective & noun & oblique & particle & sape & subordinate clause","#d994e7"
"adposition-noun-oblique-particle-sape-subordinate-clause_MonPl-06","MonPl-06","adposition & noun & oblique & particle & sape & subordinate clause","#e5724b"
"adjective-adposition-noun-oblique-particle-sape-subordinate-clause_MonPl-06","MonPl-06","adjective & adposition & noun & oblique & particle & sape & subordinate clause","#b27987"
"adverb-noun-oblique-particle-sape-subordinate-clause_MonPl-06","MonPl-06","adverb & noun & oblique & particle & sape & subordinate clause","#d0659f"
"adjective-adverb-noun-oblique-particle-sape-subordinate-clause_MonPl-06","MonPl-06","adjective & adverb & noun & oblique & particle & sape & subordinate clause","#b97fff"
"adposition-adverb-noun-oblique-particle-sape-subordinate-clause_MonPl-06","MonPl-06","adposition & adverb & noun & oblique & particle & sape & subordinate clause","#db5363"
"adjective-adposition-adverb-noun-oblique-particle-sape-subordinate-clause_MonPl-06","MonPl-06","adjective & adposition & adverb & noun & oblique & particle & sape & subordinate clause","#fc97fe"
"demonstrative-noun-oblique-particle-sape-subordinate-clause_MonPl-06","MonPl-06","demonstrative & noun & oblique & particle & sape & subordinate clause","#8c6ec9"
"adjective-demonstrative-noun-oblique-particle-sape-subordinate-clause_MonPl-06","MonPl-06","adjective & demonstrative & noun & oblique & particle & sape & subordinate clause","#f92e75"
"adposition-demonstrative-noun-oblique-particle-sape-subordinate-clause_MonPl-06","MonPl-06","adposition & demonstrative & noun & oblique & particle & sape & subordinate clause","#e8c1b4"
"adjective-adposition-demonstrative-noun-oblique-particle-sape-subordinate-clause_MonPl-06","MonPl-06","adjective & adposition & demonstrative & noun & oblique & particle & sape & subordinate clause","#d8bb3d"
"adverb-demonstrative-noun-oblique-particle-sape-subordinate-clause_MonPl-06","MonPl-06","adverb & demonstrative & noun & oblique & particle & sape & subordinate clause","#639b90"
"adjective-adverb-demonstrative-noun-oblique-particle-sape-subordinate-clause_MonPl-06","MonPl-06","adjective & adverb & demonstrative & noun & oblique & particle & sape & subordinate clause","#167af0"
"adposition-adverb-demonstrative-noun-oblique-particle-sape-subordinate-clause_MonPl-06","MonPl-06","adposition & adverb & demonstrative & noun & oblique & particle & sape & subordinate clause","#de66db"
"adjective-adposition-adverb-demonstrative-noun-oblique-particle-sape-subordinate-clause_MonPl-06","MonPl-06","adjective & adposition & adverb & demonstrative & noun & oblique & particle & sape & subordinate clause","#784926"
"numeral-oblique-particle-sape-subordinate-clause_MonPl-06","MonPl-06","numeral & oblique & particle & sape & subordinate clause","#75bc4f"
"adjective-numeral-oblique-particle-sape-subordinate-clause_MonPl-06","MonPl-06","adjective & numeral & oblique & particle & sape & subordinate clause","#a44935"
"adposition-numeral-oblique-particle-sape-subordinate-clause_MonPl-06","MonPl-06","adposition & numeral & oblique & particle & sape & subordinate clause","#d3cede"
"adjective-adposition-numeral-oblique-particle-sape-subordinate-clause_MonPl-06","MonPl-06","adjective & adposition & numeral & oblique & particle & sape & subordinate clause","#3d5a5c"
"adverb-numeral-oblique-particle-sape-subordinate-clause_MonPl-06","MonPl-06","adverb & numeral & oblique & particle & sape & subordinate clause","#7c7765"
"adjective-adverb-numeral-oblique-particle-sape-subordinate-clause_MonPl-06","MonPl-06","adjective & adverb & numeral & oblique & particle & sape & subordinate clause","#d53d8d"
"adposition-adverb-numeral-oblique-particle-sape-subordinate-clause_MonPl-06","MonPl-06","adposition & adverb & numeral & oblique & particle & sape & subordinate clause","#797c2e"
"adjective-adposition-adverb-numeral-oblique-particle-sape-subordinate-clause_MonPl-06","MonPl-06","adjective & adposition & adverb & numeral & oblique & particle & sape & subordinate clause","#cb845a"
"demonstrative-numeral-oblique-particle-sape-subordinate-clause_MonPl-06","MonPl-06","demonstrative & numeral & oblique & particle & sape & subordinate clause","#5a32c5"
"adjective-demonstrative-numeral-oblique-particle-sape-subordinate-clause_MonPl-06","MonPl-06","adjective & demonstrative & numeral & oblique & particle & sape & subordinate clause","#ff405c"
"adposition-demonstrative-numeral-oblique-particle-sape-subordinate-clause_MonPl-06","MonPl-06","adposition & demonstrative & numeral & oblique & particle & sape & subordinate clause","#9a73a5"
"adjective-adposition-demonstrative-numeral-oblique-particle-sape-subordinate-clause_MonPl-06","MonPl-06","adjective & adposition & demonstrative & numeral & oblique & particle & sape & subordinate clause","#bfc1f6"
"adverb-demonstrative-numeral-oblique-particle-sape-subordinate-clause_MonPl-06","MonPl-06","adverb & demonstrative & numeral & oblique & particle & sape & subordinate clause","#4b89d7"
"adjective-adverb-demonstrative-numeral-oblique-particle-sape-subordinate-clause_MonPl-06","MonPl-06","adjective & adverb & demonstrative & numeral & oblique & particle & sape & subordinate clause","#85d27d"
"adposition-adverb-demonstrative-numeral-oblique-particle-sape-subordinate-clause_MonPl-06","MonPl-06","adposition & adverb & demonstrative & numeral & oblique & particle & sape & subordinate clause","#0089b7"
"adjective-adposition-adverb-demonstrative-numeral-oblique-particle-sape-subordinate-clause_MonPl-06","MonPl-06","adjective & adposition & adverb & demonstrative & numeral & oblique & particle & sape & subordinate clause","#9a6ed2"
"noun-numeral-oblique-particle-sape-subordinate-clause_MonPl-06","MonPl-06","noun & numeral & oblique & particle & sape & subordinate clause","#aacb4d"
"adjective-noun-numeral-oblique-particle-sape-subordinate-clause_MonPl-06","MonPl-06","adjective & noun & numeral & oblique & particle & sape & subordinate clause","#789bf3"
"adposition-noun-numeral-oblique-particle-sape-subordinate-clause_MonPl-06","MonPl-06","adposition & noun & numeral & oblique & particle & sape & subordinate clause","#53c4fd"
"adjective-adposition-noun-numeral-oblique-particle-sape-subordinate-clause_MonPl-06","MonPl-06","adjective & adposition & noun & numeral & oblique & particle & sape & subordinate clause","#dbded4"
"adverb-noun-numeral-oblique-particle-sape-subordinate-clause_MonPl-06","MonPl-06","adverb & noun & numeral & oblique & particle & sape & subordinate clause","#a7801c"
"adjective-adverb-noun-numeral-oblique-particle-sape-subordinate-clause_MonPl-06","MonPl-06","adjective & adverb & noun & numeral & oblique & particle & sape & subordinate clause","#8d664d"
"adposition-adverb-noun-numeral-oblique-particle-sape-subordinate-clause_MonPl-06","MonPl-06","adposition & adverb & noun & numeral & oblique & particle & sape & subordinate clause","#954d40"
"adjective-adposition-adverb-noun-numeral-oblique-particle-sape-subordinate-clause_MonPl-06","MonPl-06","adjective & adposition & adverb & noun & numeral & oblique & particle & sape & subordinate clause","#6862f3"
"demonstrative-noun-numeral-oblique-particle-sape-subordinate-clause_MonPl-06","MonPl-06","demonstrative & noun & numeral & oblique & particle & sape & subordinate clause","#d24083"
"adjective-demonstrative-noun-numeral-oblique-particle-sape-subordinate-clause_MonPl-06","MonPl-06","adjective & demonstrative & noun & numeral & oblique & particle & sape & subordinate clause","#bb89c4"
"adposition-demonstrative-noun-numeral-oblique-particle-sape-subordinate-clause_MonPl-06","MonPl-06","adposition & demonstrative & noun & numeral & oblique & particle & sape & subordinate clause","#2e80eb"
"adjective-adposition-demonstrative-noun-numeral-oblique-particle-sape-subordinate-clause_MonPl-06","MonPl-06","adjective & adposition & demonstrative & noun & numeral & oblique & particle & sape & subordinate clause","#de00d0"
"adverb-demonstrative-noun-numeral-oblique-particle-sape-subordinate-clause_MonPl-06","MonPl-06","adverb & demonstrative & noun & numeral & oblique & particle & sape & subordinate clause","#765178"
"adjective-adverb-demonstrative-noun-numeral-oblique-particle-sape-subordinate-clause_MonPl-06","MonPl-06","adjective & adverb & demonstrative & noun & numeral & oblique & particle & sape & subordinate clause","#da0d5c"
"adposition-adverb-demonstrative-noun-numeral-oblique-particle-sape-subordinate-clause_MonPl-06","MonPl-06","adposition & adverb & demonstrative & noun & numeral & oblique & particle & sape & subordinate clause","#0d848b"
"adjective-adposition-adverb-demonstrative-noun-numeral-oblique-particle-sape-subordinate-clause_MonPl-06","MonPl-06","adjective & adposition & adverb & demonstrative & noun & numeral & oblique & particle & sape & subordinate clause","#e2dfe7"
"pronoun-sape-subordinate-clause_MonPl-06","MonPl-06","pronoun & sape & subordinate clause","#913dfc"
"adjective-pronoun-sape-subordinate-clause_MonPl-06","MonPl-06","adjective & pronoun & sape & subordinate clause","#6594a7"
"adposition-pronoun-sape-subordinate-clause_MonPl-06","MonPl-06","adposition & pronoun & sape & subordinate clause","#b14732"
"adjective-adposition-pronoun-sape-subordinate-clause_MonPl-06","MonPl-06","adjective & adposition & pronoun & sape & subordinate clause","#65f4f7"
"adverb-pronoun-sape-subordinate-clause_MonPl-06","MonPl-06","adverb & pronoun & sape & subordinate clause","#ba80c5"
"adjective-adverb-pronoun-sape-subordinate-clause_MonPl-06","MonPl-06","adjective & adverb & pronoun & sape & subordinate clause","#728c7f"
"adposition-adverb-pronoun-sape-subordinate-clause_MonPl-06","MonPl-06","adposition & adverb & pronoun & sape & subordinate clause","#c86591"
"adjective-adposition-adverb-pronoun-sape-subordinate-clause_MonPl-06","MonPl-06","adjective & adposition & adverb & pronoun & sape & subordinate clause","#b42eff"
"demonstrative-pronoun-sape-subordinate-clause_MonPl-06","MonPl-06","demonstrative & pronoun & sape & subordinate clause","#9000f3"
"adjective-demonstrative-pronoun-sape-subordinate-clause_MonPl-06","MonPl-06","adjective & demonstrative & pronoun & sape & subordinate clause","#e072f4"
"adposition-demonstrative-pronoun-sape-subordinate-clause_MonPl-06","MonPl-06","adposition & demonstrative & pronoun & sape & subordinate clause","#639eaa"
"adjective-adposition-demonstrative-pronoun-sape-subordinate-clause_MonPl-06","MonPl-06","adjective & adposition & demonstrative & pronoun & sape & subordinate clause","#7ed1a2"
"adverb-demonstrative-pronoun-sape-subordinate-clause_MonPl-06","MonPl-06","adverb & demonstrative & pronoun & sape & subordinate clause","#0045af"
"adjective-adverb-demonstrative-pronoun-sape-subordinate-clause_MonPl-06","MonPl-06","adjective & adverb & demonstrative & pronoun & sape & subordinate clause","#bb5635"
"adposition-adverb-demonstrative-pronoun-sape-subordinate-clause_MonPl-06","MonPl-06","adposition & adverb & demonstrative & pronoun & sape & subordinate clause","#78ddbd"
"adjective-adposition-adverb-demonstrative-pronoun-sape-subordinate-clause_MonPl-06","MonPl-06","adjective & adposition & adverb & demonstrative & pronoun & sape & subordinate clause","#88b9f9"
"noun-pronoun-sape-subordinate-clause_MonPl-06","MonPl-06","noun & pronoun & sape & subordinate clause","#fe56d2"
"adjective-noun-pronoun-sape-subordinate-clause_MonPl-06","MonPl-06","adjective & noun & pronoun & sape & subordinate clause","#5384bd"
"adposition-noun-pronoun-sape-subordinate-clause_MonPl-06","MonPl-06","adposition & noun & pronoun & sape & subordinate clause","#58a3e7"
"adjective-adposition-noun-pronoun-sape-subordinate-clause_MonPl-06","MonPl-06","adjective & adposition & noun & pronoun & sape & subordinate clause","#73776c"
"adverb-noun-pronoun-sape-subordinate-clause_MonPl-06","MonPl-06","adverb & noun & pronoun & sape & subordinate clause","#d85853"
"adjective-adverb-noun-pronoun-sape-subordinate-clause_MonPl-06","MonPl-06","adjective & adverb & noun & pronoun & sape & subordinate clause","#4da9cd"
"adposition-adverb-noun-pronoun-sape-subordinate-clause_MonPl-06","MonPl-06","adposition & adverb & noun & pronoun & sape & subordinate clause","#4d7fdf"
"adjective-adposition-adverb-noun-pronoun-sape-subordinate-clause_MonPl-06","MonPl-06","adjective & adposition & adverb & noun & pronoun & sape & subordinate clause","#94dc2a"
"demonstrative-noun-pronoun-sape-subordinate-clause_MonPl-06","MonPl-06","demonstrative & noun & pronoun & sape & subordinate clause","#bd77ef"
"adjective-demonstrative-noun-pronoun-sape-subordinate-clause_MonPl-06","MonPl-06","adjective & demonstrative & noun & pronoun & sape & subordinate clause","#bb5878"
"adposition-demonstrative-noun-pronoun-sape-subordinate-clause_MonPl-06","MonPl-06","adposition & demonstrative & noun & pronoun & sape & subordinate clause","#c13599"
"adjective-adposition-demonstrative-noun-pronoun-sape-subordinate-clause_MonPl-06","MonPl-06","adjective & adposition & demonstrative & noun & pronoun & sape & subordinate clause","#c53532"
"adverb-demonstrative-noun-pronoun-sape-subordinate-clause_MonPl-06","MonPl-06","adverb & demonstrative & noun & pronoun & sape & subordinate clause","#baa3e8"
"adjective-adverb-demonstrative-noun-pronoun-sape-subordinate-clause_MonPl-06","MonPl-06","adjective & adverb & demonstrative & noun & pronoun & sape & subordinate clause","#b46097"
"adposition-adverb-demonstrative-noun-pronoun-sape-subordinate-clause_MonPl-06","MonPl-06","adposition & adverb & demonstrative & noun & pronoun & sape & subordinate clause","#a73526"
"adjective-adposition-adverb-demonstrative-noun-pronoun-sape-subordinate-clause_MonPl-06","MonPl-06","adjective & adposition & adverb & demonstrative & noun & pronoun & sape & subordinate clause","#7f2a6d"
"numeral-pronoun-sape-subordinate-clause_MonPl-06","MonPl-06","numeral & pronoun & sape & subordinate clause","#eaac70"
"adjective-numeral-pronoun-sape-subordinate-clause_MonPl-06","MonPl-06","adjective & numeral & pronoun & sape & subordinate clause","#841687"
"adposition-numeral-pronoun-sape-subordinate-clause_MonPl-06","MonPl-06","adposition & numeral & pronoun & sape & subordinate clause","#b782f6"
"adjective-adposition-numeral-pronoun-sape-subordinate-clause_MonPl-06","MonPl-06","adjective & adposition & numeral & pronoun & sape & subordinate clause","#c487ea"
"adverb-numeral-pronoun-sape-subordinate-clause_MonPl-06","MonPl-06","adverb & numeral & pronoun & sape & subordinate clause","#b1f26c"
"adjective-adverb-numeral-pronoun-sape-subordinate-clause_MonPl-06","MonPl-06","adjective & adverb & numeral & pronoun & sape & subordinate clause","#788f6e"
"adposition-adverb-numeral-pronoun-sape-subordinate-clause_MonPl-06","MonPl-06","adposition & adverb & numeral & pronoun & sape & subordinate clause","#4fd78e"
"adjective-adposition-adverb-numeral-pronoun-sape-subordinate-clause_MonPl-06","MonPl-06","adjective & adposition & adverb & numeral & pronoun & sape & subordinate clause","#6e355c"
"demonstrative-numeral-pronoun-sape-subordinate-clause_MonPl-06","MonPl-06","demonstrative & numeral & pronoun & sape & subordinate clause","#bd5387"
"adjective-demonstrative-numeral-pronoun-sape-subordinate-clause_MonPl-06","MonPl-06","adjective & demonstrative & numeral & pronoun & sape & subordinate clause","#bee8fe"
"adposition-demonstrative-numeral-pronoun-sape-subordinate-clause_MonPl-06","MonPl-06","adposition & demonstrative & numeral & pronoun & sape & subordinate clause","#f9581c"
"adjective-adposition-demonstrative-numeral-pronoun-sape-subordinate-clause_MonPl-06","MonPl-06","adjective & adposition & demonstrative & numeral & pronoun & sape & subordinate clause","#bc6ade"
"adverb-demonstrative-numeral-pronoun-sape-subordinate-clause_MonPl-06","MonPl-06","adverb & demonstrative & numeral & pronoun & sape & subordinate clause","#dbd251"
"adjective-adverb-demonstrative-numeral-pronoun-sape-subordinate-clause_MonPl-06","MonPl-06","adjective & adverb & demonstrative & numeral & pronoun & sape & subordinate clause","#d655ee"
"adposition-adverb-demonstrative-numeral-pronoun-sape-subordinate-clause_MonPl-06","MonPl-06","adposition & adverb & demonstrative & numeral & pronoun & sape & subordinate clause","#77c0e2"
"adjective-adposition-adverb-demonstrative-numeral-pronoun-sape-subordinate-clause_MonPl-06","MonPl-06","adjective & adposition & adverb & demonstrative & numeral & pronoun & sape & subordinate clause","#4772ba"
"noun-numeral-pronoun-sape-subordinate-clause_MonPl-06","MonPl-06","noun & numeral & pronoun & sape & subordinate clause","#7abba3"
"adjective-noun-numeral-pronoun-sape-subordinate-clause_MonPl-06","MonPl-06","adjective & noun & numeral & pronoun & sape & subordinate clause","#85aac8"
"adposition-noun-numeral-pronoun-sape-subordinate-clause_MonPl-06","MonPl-06","adposition & noun & numeral & pronoun & sape & subordinate clause","#b6e279"
"adjective-adposition-noun-numeral-pronoun-sape-subordinate-clause_MonPl-06","MonPl-06","adjective & adposition & noun & numeral & pronoun & sape & subordinate clause","#a49bdc"
"adverb-noun-numeral-pronoun-sape-subordinate-clause_MonPl-06","MonPl-06","adverb & noun & numeral & pronoun & sape & subordinate clause","#6ac4c4"
"adjective-adverb-noun-numeral-pronoun-sape-subordinate-clause_MonPl-06","MonPl-06","adjective & adverb & noun & numeral & pronoun & sape & subordinate clause","#f6deb9"
"adposition-adverb-noun-numeral-pronoun-sape-subordinate-clause_MonPl-06","MonPl-06","adposition & adverb & noun & numeral & pronoun & sape & subordinate clause","#956642"
"adjective-adposition-adverb-noun-numeral-pronoun-sape-subordinate-clause_MonPl-06","MonPl-06","adjective & adposition & adverb & noun & numeral & pronoun & sape & subordinate clause","#5d3876"
"demonstrative-noun-numeral-pronoun-sape-subordinate-clause_MonPl-06","MonPl-06","demonstrative & noun & numeral & pronoun & sape & subordinate clause","#99d655"
"adjective-demonstrative-noun-numeral-pronoun-sape-subordinate-clause_MonPl-06","MonPl-06","adjective & demonstrative & noun & numeral & pronoun & sape & subordinate clause","#e2d0f7"
"adposition-demonstrative-noun-numeral-pronoun-sape-subordinate-clause_MonPl-06","MonPl-06","adposition & demonstrative & noun & numeral & pronoun & sape & subordinate clause","#b4e5b9"
"adjective-adposition-demonstrative-noun-numeral-pronoun-sape-subordinate-clause_MonPl-06","MonPl-06","adjective & adposition & demonstrative & noun & numeral & pronoun & sape & subordinate clause","#8980b6"
"adverb-demonstrative-noun-numeral-pronoun-sape-subordinate-clause_MonPl-06","MonPl-06","adverb & demonstrative & noun & numeral & pronoun & sape & subordinate clause","#ee16bd"
"adjective-adverb-demonstrative-noun-numeral-pronoun-sape-subordinate-clause_MonPl-06","MonPl-06","adjective & adverb & demonstrative & noun & numeral & pronoun & sape & subordinate clause","#f35cfe"
"adposition-adverb-demonstrative-noun-numeral-pronoun-sape-subordinate-clause_MonPl-06","MonPl-06","adposition & adverb & demonstrative & noun & numeral & pronoun & sape & subordinate clause","#a16096"
"adjective-adposition-adverb-demonstrative-noun-numeral-pronoun-sape-subordinate-clause_MonPl-06","MonPl-06","adjective & adposition & adverb & demonstrative & noun & numeral & pronoun & sape & subordinate clause","#9f3800"
"oblique-pronoun-sape-subordinate-clause_MonPl-06","MonPl-06","oblique & pronoun & sape & subordinate clause","#f1e3a0"
"adjective-oblique-pronoun-sape-subordinate-clause_MonPl-06","MonPl-06","adjective & oblique & pronoun & sape & subordinate clause","#6500f0"
"adposition-oblique-pronoun-sape-subordinate-clause_MonPl-06","MonPl-06","adposition & oblique & pronoun & sape & subordinate clause","#f6d8e3"
"adjective-adposition-oblique-pronoun-sape-subordinate-clause_MonPl-06","MonPl-06","adjective & adposition & oblique & pronoun & sape & subordinate clause","#8042fb"
"adverb-oblique-pronoun-sape-subordinate-clause_MonPl-06","MonPl-06","adverb & oblique & pronoun & sape & subordinate clause","#00d977"
"adjective-adverb-oblique-pronoun-sape-subordinate-clause_MonPl-06","MonPl-06","adjective & adverb & oblique & pronoun & sape & subordinate clause","#fb6a69"
"adposition-adverb-oblique-pronoun-sape-subordinate-clause_MonPl-06","MonPl-06","adposition & adverb & oblique & pronoun & sape & subordinate clause","#6c3577"
"adjective-adposition-adverb-oblique-pronoun-sape-subordinate-clause_MonPl-06","MonPl-06","adjective & adposition & adverb & oblique & pronoun & sape & subordinate clause","#d44299"
"demonstrative-oblique-pronoun-sape-subordinate-clause_MonPl-06","MonPl-06","demonstrative & oblique & pronoun & sape & subordinate clause","#4bacff"
"adjective-demonstrative-oblique-pronoun-sape-subordinate-clause_MonPl-06","MonPl-06","adjective & demonstrative & oblique & pronoun & sape & subordinate clause","#dc4047"
"adposition-demonstrative-oblique-pronoun-sape-subordinate-clause_MonPl-06","MonPl-06","adposition & demonstrative & oblique & pronoun & sape & subordinate clause","#a29570"
"adjective-adposition-demonstrative-oblique-pronoun-sape-subordinate-clause_MonPl-06","MonPl-06","adjective & adposition & demonstrative & oblique & pronoun & sape & subordinate clause","#5d16ba"
"adverb-demonstrative-oblique-pronoun-sape-subordinate-clause_MonPl-06","MonPl-06","adverb & demonstrative & oblique & pronoun & sape & subordinate clause","#f0924b"
"adjective-adverb-demonstrative-oblique-pronoun-sape-subordinate-clause_MonPl-06","MonPl-06","adjective & adverb & demonstrative & oblique & pronoun & sape & subordinate clause","#635185"
"adposition-adverb-demonstrative-oblique-pronoun-sape-subordinate-clause_MonPl-06","MonPl-06","adposition & adverb & demonstrative & oblique & pronoun & sape & subordinate clause","#f59593"
"adjective-adposition-adverb-demonstrative-oblique-pronoun-sape-subordinate-clause_MonPl-06","MonPl-06","adjective & adposition & adverb & demonstrative & oblique & pronoun & sape & subordinate clause","#f8dc7f"
"noun-oblique-pronoun-sape-subordinate-clause_MonPl-06","MonPl-06","noun & oblique & pronoun & sape & subordinate clause","#f28558"
"adjective-noun-oblique-pronoun-sape-subordinate-clause_MonPl-06","MonPl-06","adjective & noun & oblique & pronoun & sape & subordinate clause","#e0a7c4"
"adposition-noun-oblique-pronoun-sape-subordinate-clause_MonPl-06","MonPl-06","adposition & noun & oblique & pronoun & sape & subordinate clause","#aab977"
"adjective-adposition-noun-oblique-pronoun-sape-subordinate-clause_MonPl-06","MonPl-06","adjective & adposition & noun & oblique & pronoun & sape & subordinate clause","#8de6d1"
"adverb-noun-oblique-pronoun-sape-subordinate-clause_MonPl-06","MonPl-06","adverb & noun & oblique & pronoun & sape & subordinate clause","#95dca3"
"adjective-adverb-noun-oblique-pronoun-sape-subordinate-clause_MonPl-06","MonPl-06","adjective & adverb & noun & oblique & pronoun & sape & subordinate clause","#f17773"
"adposition-adverb-noun-oblique-pronoun-sape-subordinate-clause_MonPl-06","MonPl-06","adposition & adverb & noun & oblique & pronoun & sape & subordinate clause","#38bece"
"adjective-adposition-adverb-noun-oblique-pronoun-sape-subordinate-clause_MonPl-06","MonPl-06","adjective & adposition & adverb & noun & oblique & pronoun & sape & subordinate clause","#eae497"
"demonstrative-noun-oblique-pronoun-sape-subordinate-clause_MonPl-06","MonPl-06","demonstrative & noun & oblique & pronoun & sape & subordinate clause","#e0a69f"
"adjective-demonstrative-noun-oblique-pronoun-sape-subordinate-clause_MonPl-06","MonPl-06","adjective & demonstrative & noun & oblique & pronoun & sape & subordinate clause","#e03ba2"
"adposition-demonstrative-noun-oblique-pronoun-sape-subordinate-clause_MonPl-06","MonPl-06","adposition & demonstrative & noun & oblique & pronoun & sape & subordinate clause","#ade622"
"adjective-adposition-demonstrative-noun-oblique-pronoun-sape-subordinate-clause_MonPl-06","MonPl-06","adjective & adposition & demonstrative & noun & oblique & pronoun & sape & subordinate clause","#f68f55"
"adverb-demonstrative-noun-oblique-pronoun-sape-subordinate-clause_MonPl-06","MonPl-06","adverb & demonstrative & noun & oblique & pronoun & sape & subordinate clause","#8571f2"
"adjective-adverb-demonstrative-noun-oblique-pronoun-sape-subordinate-clause_MonPl-06","MonPl-06","adjective & adverb & demonstrative & noun & oblique & pronoun & sape & subordinate clause","#7285d2"
"adposition-adverb-demonstrative-noun-oblique-pronoun-sape-subordinate-clause_MonPl-06","MonPl-06","adposition & adverb & demonstrative & noun & oblique & pronoun & sape & subordinate clause","#d26ee1"
"adjective-adposition-adverb-demonstrative-noun-oblique-pronoun-sape-subordinate-clause_MonPl-06","MonPl-06","adjective & adposition & adverb & demonstrative & noun & oblique & pronoun & sape & subordinate clause","#22ce35"
"numeral-oblique-pronoun-sape-subordinate-clause_MonPl-06","MonPl-06","numeral & oblique & pronoun & sape & subordinate clause","#c0bf00"
"adjective-numeral-oblique-pronoun-sape-subordinate-clause_MonPl-06","MonPl-06","adjective & numeral & oblique & pronoun & sape & subordinate clause","#c3b9c8"
"adposition-numeral-oblique-pronoun-sape-subordinate-clause_MonPl-06","MonPl-06","adposition & numeral & oblique & pronoun & sape & subordinate clause","#dd5a26"
"adjective-adposition-numeral-oblique-pronoun-sape-subordinate-clause_MonPl-06","MonPl-06","adjective & adposition & numeral & oblique & pronoun & sape & subordinate clause","#e6a20d"
"adverb-numeral-oblique-pronoun-sape-subordinate-clause_MonPl-06","MonPl-06","adverb & numeral & oblique & pronoun & sape & subordinate clause","#515ab5"
"adjective-adverb-numeral-oblique-pronoun-sape-subordinate-clause_MonPl-06","MonPl-06","adjective & adverb & numeral & oblique & pronoun & sape & subordinate clause","#495a3b"
"adposition-adverb-numeral-oblique-pronoun-sape-subordinate-clause_MonPl-06","MonPl-06","adposition & adverb & numeral & oblique & pronoun & sape & subordinate clause","#bde8dc"
"adjective-adposition-adverb-numeral-oblique-pronoun-sape-subordinate-clause_MonPl-06","MonPl-06","adjective & adposition & adverb & numeral & oblique & pronoun & sape & subordinate clause","#ee0d77"
"demonstrative-numeral-oblique-pronoun-sape-subordinate-clause_MonPl-06","MonPl-06","demonstrative & numeral & oblique & pronoun & sape & subordinate clause","#777ace"
"adjective-demonstrative-numeral-oblique-pronoun-sape-subordinate-clause_MonPl-06","MonPl-06","adjective & demonstrative & numeral & oblique & pronoun & sape & subordinate clause","#fc0dbb"
"adposition-demonstrative-numeral-oblique-pronoun-sape-subordinate-clause_MonPl-06","MonPl-06","adposition & demonstrative & numeral & oblique & pronoun & sape & subordinate clause","#af6abc"
"adjective-adposition-demonstrative-numeral-oblique-pronoun-sape-subordinate-clause_MonPl-06","MonPl-06","adjective & adposition & demonstrative & numeral & oblique & pronoun & sape & subordinate clause","#fc0d42"
"adverb-demonstrative-numeral-oblique-pronoun-sape-subordinate-clause_MonPl-06","MonPl-06","adverb & demonstrative & numeral & oblique & pronoun & sape & subordinate clause","#68ac87"
"adjective-adverb-demonstrative-numeral-oblique-pronoun-sape-subordinate-clause_MonPl-06","MonPl-06","adjective & adverb & demonstrative & numeral & oblique & pronoun & sape & subordinate clause","#45af9c"
"adposition-adverb-demonstrative-numeral-oblique-pronoun-sape-subordinate-clause_MonPl-06","MonPl-06","adposition & adverb & demonstrative & numeral & oblique & pronoun & sape & subordinate clause","#bfbbfc"
"adjective-adposition-adverb-demonstrative-numeral-oblique-pronoun-sape-subordinate-clause_MonPl-06","MonPl-06","adjective & adposition & adverb & demonstrative & numeral & oblique & pronoun & sape & subordinate clause","#f84b0d"
"noun-numeral-oblique-pronoun-sape-subordinate-clause_MonPl-06","MonPl-06","noun & numeral & oblique & pronoun & sape & subordinate clause","#73ad55"
"adjective-noun-numeral-oblique-pronoun-sape-subordinate-clause_MonPl-06","MonPl-06","adjective & noun & numeral & oblique & pronoun & sape & subordinate clause","#0d96e7"
"adposition-noun-numeral-oblique-pronoun-sape-subordinate-clause_MonPl-06","MonPl-06","adposition & noun & numeral & oblique & pronoun & sape & subordinate clause","#e44271"
"adjective-adposition-noun-numeral-oblique-pronoun-sape-subordinate-clause_MonPl-06","MonPl-06","adjective & adposition & noun & numeral & oblique & pronoun & sape & subordinate clause","#91815f"
"adverb-noun-numeral-oblique-pronoun-sape-subordinate-clause_MonPl-06","MonPl-06","adverb & noun & numeral & oblique & pronoun & sape & subordinate clause","#404282"
"adjective-adverb-noun-numeral-oblique-pronoun-sape-subordinate-clause_MonPl-06","MonPl-06","adjective & adverb & noun & numeral & oblique & pronoun & sape & subordinate clause","#8ad0ce"
"adposition-adverb-noun-numeral-oblique-pronoun-sape-subordinate-clause_MonPl-06","MonPl-06","adposition & adverb & noun & numeral & oblique & pronoun & sape & subordinate clause","#e6bd69"
"adjective-adposition-adverb-noun-numeral-oblique-pronoun-sape-subordinate-clause_MonPl-06","MonPl-06","adjective & adposition & adverb & noun & numeral & oblique & pronoun & sape & subordinate clause","#b2a6a5"
"demonstrative-noun-numeral-oblique-pronoun-sape-subordinate-clause_MonPl-06","MonPl-06","demonstrative & noun & numeral & oblique & pronoun & sape & subordinate clause","#9476c4"
"adjective-demonstrative-noun-numeral-oblique-pronoun-sape-subordinate-clause_MonPl-06","MonPl-06","adjective & demonstrative & noun & numeral & oblique & pronoun & sape & subordinate clause","#2e9942"
"adposition-demonstrative-noun-numeral-oblique-pronoun-sape-subordinate-clause_MonPl-06","MonPl-06","adposition & demonstrative & noun & numeral & oblique & pronoun & sape & subordinate clause","#925c22"
"adjective-adposition-demonstrative-noun-numeral-oblique-pronoun-sape-subordinate-clause_MonPl-06","MonPl-06","adjective & adposition & demonstrative & noun & numeral & oblique & pronoun & sape & subordinate clause","#93956c"
"adverb-demonstrative-noun-numeral-oblique-pronoun-sape-subordinate-clause_MonPl-06","MonPl-06","adverb & demonstrative & noun & numeral & oblique & pronoun & sape & subordinate clause","#8b3594"
"adjective-adverb-demonstrative-noun-numeral-oblique-pronoun-sape-subordinate-clause_MonPl-06","MonPl-06","adjective & adverb & demonstrative & noun & numeral & oblique & pronoun & sape & subordinate clause","#996ee6"
"adposition-adverb-demonstrative-noun-numeral-oblique-pronoun-sape-subordinate-clause_MonPl-06","MonPl-06","adposition & adverb & demonstrative & noun & numeral & oblique & pronoun & sape & subordinate clause","#845816"
"adjective-adposition-adverb-demonstrative-noun-numeral-oblique-pronoun-sape-subordinate-clause_MonPl-06","MonPl-06","adjective & adposition & adverb & demonstrative & noun & numeral & oblique & pronoun & sape & subordinate clause","#892247"
"particle-pronoun-sape-subordinate-clause_MonPl-06","MonPl-06","particle & pronoun & sape & subordinate clause","#638087"
"adjective-particle-pronoun-sape-subordinate-clause_MonPl-06","MonPl-06","adjective & particle & pronoun & sape & subordinate clause","#5f4f66"
"adposition-particle-pronoun-sape-subordinate-clause_MonPl-06","MonPl-06","adposition & particle & pronoun & sape & subordinate clause","#f0e23d"
"adjective-adposition-particle-pronoun-sape-subordinate-clause_MonPl-06","MonPl-06","adjective & adposition & particle & pronoun & sape & subordinate clause","#bb327d"
"adverb-particle-pronoun-sape-subordinate-clause_MonPl-06","MonPl-06","adverb & particle & pronoun & sape & subordinate clause","#f0d7bd"
"adjective-adverb-particle-pronoun-sape-subordinate-clause_MonPl-06","MonPl-06","adjective & adverb & particle & pronoun & sape & subordinate clause","#eb91dd"
"adposition-adverb-particle-pronoun-sape-subordinate-clause_MonPl-06","MonPl-06","adposition & adverb & particle & pronoun & sape & subordinate clause","#78609a"
"adjective-adposition-adverb-particle-pronoun-sape-subordinate-clause_MonPl-06","MonPl-06","adjective & adposition & adverb & particle & pronoun & sape & subordinate clause","#d55fac"
"demonstrative-particle-pronoun-sape-subordinate-clause_MonPl-06","MonPl-06","demonstrative & particle & pronoun & sape & subordinate clause","#bbaa96"
"adjective-demonstrative-particle-pronoun-sape-subordinate-clause_MonPl-06","MonPl-06","adjective & demonstrative & particle & pronoun & sape & subordinate clause","#afe0a6"
"adposition-demonstrative-particle-pronoun-sape-subordinate-clause_MonPl-06","MonPl-06","adposition & demonstrative & particle & pronoun & sape & subordinate clause","#92bb66"
"adjective-adposition-demonstrative-particle-pronoun-sape-subordinate-clause_MonPl-06","MonPl-06","adjective & adposition & demonstrative & particle & pronoun & sape & subordinate clause","#0dafb8"
"adverb-demonstrative-particle-pronoun-sape-subordinate-clause_MonPl-06","MonPl-06","adverb & demonstrative & particle & pronoun & sape & subordinate clause","#7fc366"
"adjective-adverb-demonstrative-particle-pronoun-sape-subordinate-clause_MonPl-06","MonPl-06","adjective & adverb & demonstrative & particle & pronoun & sape & subordinate clause","#fe5dcd"
"adposition-adverb-demonstrative-particle-pronoun-sape-subordinate-clause_MonPl-06","MonPl-06","adposition & adverb & demonstrative & particle & pronoun & sape & subordinate clause","#b4a3b8"
"adjective-adposition-adverb-demonstrative-particle-pronoun-sape-subordinate-clause_MonPl-06","MonPl-06","adjective & adposition & adverb & demonstrative & particle & pronoun & sape & subordinate clause","#f14092"
"noun-particle-pronoun-sape-subordinate-clause_MonPl-06","MonPl-06","noun & particle & pronoun & sape & subordinate clause","#6894ca"
"adjective-noun-particle-pronoun-sape-subordinate-clause_MonPl-06","MonPl-06","adjective & noun & particle & pronoun & sape & subordinate clause","#736222"
"adposition-noun-particle-pronoun-sape-subordinate-clause_MonPl-06","MonPl-06","adposition & noun & particle & pronoun & sape & subordinate clause","#ea85c5"
"adjective-adposition-noun-particle-pronoun-sape-subordinate-clause_MonPl-06","MonPl-06","adjective & adposition & noun & particle & pronoun & sape & subordinate clause","#478240"
"adverb-noun-particle-pronoun-sape-subordinate-clause_MonPl-06","MonPl-06","adverb & noun & particle & pronoun & sape & subordinate clause","#a475f6"
"adjective-adverb-noun-particle-pronoun-sape-subordinate-clause_MonPl-06","MonPl-06","adjective & adverb & noun & particle & pronoun & sape & subordinate clause","#b700c0"
"adposition-adverb-noun-particle-pronoun-sape-subordinate-clause_MonPl-06","MonPl-06","adposition & adverb & noun & particle & pronoun & sape & subordinate clause","#e8dedd"
"adjective-adposition-adverb-noun-particle-pronoun-sape-subordinate-clause_MonPl-06","MonPl-06","adjective & adposition & adverb & noun & particle & pronoun & sape & subordinate clause","#16f3fc"
"demonstrative-noun-particle-pronoun-sape-subordinate-clause_MonPl-06","MonPl-06","demonstrative & noun & particle & pronoun & sape & subordinate clause","#d89b55"
"adjective-demonstrative-noun-particle-pronoun-sape-subordinate-clause_MonPl-06","MonPl-06","adjective & demonstrative & noun & particle & pronoun & sape & subordinate clause","#452ab4"
"adposition-demonstrative-noun-particle-pronoun-sape-subordinate-clause_MonPl-06","MonPl-06","adposition & demonstrative & noun & particle & pronoun & sape & subordinate clause","#9b22bf"
"adjective-adposition-demonstrative-noun-particle-pronoun-sape-subordinate-clause_MonPl-06","MonPl-06","adjective & adposition & demonstrative & noun & particle & pronoun & sape & subordinate clause","#00db00"
"adverb-demonstrative-noun-particle-pronoun-sape-subordinate-clause_MonPl-06","MonPl-06","adverb & demonstrative & noun & particle & pronoun & sape & subordinate clause","#c2b13b"
"adjective-adverb-demonstrative-noun-particle-pronoun-sape-subordinate-clause_MonPl-06","MonPl-06","adjective & adverb & demonstrative & noun & particle & pronoun & sape & subordinate clause","#72267a"
"adposition-adverb-demonstrative-noun-particle-pronoun-sape-subordinate-clause_MonPl-06","MonPl-06","adposition & adverb & demonstrative & noun & particle & pronoun & sape & subordinate clause","#16a758"
"adjective-adposition-adverb-demonstrative-noun-particle-pronoun-sape-subordinate-clause_MonPl-06","MonPl-06","adjective & adposition & adverb & demonstrative & noun & particle & pronoun & sape & subordinate clause","#ffb55f"
"numeral-particle-pronoun-sape-subordinate-clause_MonPl-06","MonPl-06","numeral & particle & pronoun & sape & subordinate clause","#d853d0"
"adjective-numeral-particle-pronoun-sape-subordinate-clause_MonPl-06","MonPl-06","adjective & numeral & particle & pronoun & sape & subordinate clause","#16f6f4"
"adposition-numeral-particle-pronoun-sape-subordinate-clause_MonPl-06","MonPl-06","adposition & numeral & particle & pronoun & sape & subordinate clause","#ef2e3b"
"adjective-adposition-numeral-particle-pronoun-sape-subordinate-clause_MonPl-06","MonPl-06","adjective & adposition & numeral & particle & pronoun & sape & subordinate clause","#db7793"
"adverb-numeral-particle-pronoun-sape-subordinate-clause_MonPl-06","MonPl-06","adverb & numeral & particle & pronoun & sape & subordinate clause","#c47673"
"adjective-adverb-numeral-particle-pronoun-sape-subordinate-clause_MonPl-06","MonPl-06","adjective & adverb & numeral & particle & pronoun & sape & subordinate clause","#8d9fac"
"adposition-adverb-numeral-particle-pronoun-sape-subordinate-clause_MonPl-06","MonPl-06","adposition & adverb & numeral & particle & pronoun & sape & subordinate clause","#0daaeb"
"adjective-adposition-adverb-numeral-particle-pronoun-sape-subordinate-clause_MonPl-06","MonPl-06","adjective & adposition & adverb & numeral & particle & pronoun & sape & subordinate clause","#427e16"
"demonstrative-numeral-particle-pronoun-sape-subordinate-clause_MonPl-06","MonPl-06","demonstrative & numeral & particle & pronoun & sape & subordinate clause","#5debab"
"adjective-demonstrative-numeral-particle-pronoun-sape-subordinate-clause_MonPl-06","MonPl-06","adjective & demonstrative & numeral & particle & pronoun & sape & subordinate clause","#c79298"
"adposition-demonstrative-numeral-particle-pronoun-sape-subordinate-clause_MonPl-06","MonPl-06","adposition & demonstrative & numeral & particle & pronoun & sape & subordinate clause","#e0b845"
"adjective-adposition-demonstrative-numeral-particle-pronoun-sape-subordinate-clause_MonPl-06","MonPl-06","adjective & adposition & demonstrative & numeral & particle & pronoun & sape & subordinate clause","#bc5692"
"adverb-demonstrative-numeral-particle-pronoun-sape-subordinate-clause_MonPl-06","MonPl-06","adverb & demonstrative & numeral & particle & pronoun & sape & subordinate clause","#716dad"
"adjective-adverb-demonstrative-numeral-particle-pronoun-sape-subordinate-clause_MonPl-06","MonPl-06","adjective & adverb & demonstrative & numeral & particle & pronoun & sape & subordinate clause","#e27f16"
"adposition-adverb-demonstrative-numeral-particle-pronoun-sape-subordinate-clause_MonPl-06","MonPl-06","adposition & adverb & demonstrative & numeral & particle & pronoun & sape & subordinate clause","#dae0ef"
"adjective-adposition-adverb-demonstrative-numeral-particle-pronoun-sape-subordinate-clause_MonPl-06","MonPl-06","adjective & adposition & adverb & demonstrative & numeral & particle & pronoun & sape & subordinate clause","#53d5dc"
"noun-numeral-particle-pronoun-sape-subordinate-clause_MonPl-06","MonPl-06","noun & numeral & particle & pronoun & sape & subordinate clause","#ebd442"
"adjective-noun-numeral-particle-pronoun-sape-subordinate-clause_MonPl-06","MonPl-06","adjective & noun & numeral & particle & pronoun & sape & subordinate clause","#de91c7"
"adposition-noun-numeral-particle-pronoun-sape-subordinate-clause_MonPl-06","MonPl-06","adposition & noun & numeral & particle & pronoun & sape & subordinate clause","#71f5d4"
"adjective-adposition-noun-numeral-particle-pronoun-sape-subordinate-clause_MonPl-06","MonPl-06","adjective & adposition & noun & numeral & particle & pronoun & sape & subordinate clause","#d578dd"
"adverb-noun-numeral-particle-pronoun-sape-subordinate-clause_MonPl-06","MonPl-06","adverb & noun & numeral & particle & pronoun & sape & subordinate clause","#9f265a"
"adjective-adverb-noun-numeral-particle-pronoun-sape-subordinate-clause_MonPl-06","MonPl-06","adjective & adverb & noun & numeral & particle & pronoun & sape & subordinate clause","#7f3dc4"
"adposition-adverb-noun-numeral-particle-pronoun-sape-subordinate-clause_MonPl-06","MonPl-06","adposition & adverb & noun & numeral & particle & pronoun & sape & subordinate clause","#7ff87e"
"adjective-adposition-adverb-noun-numeral-particle-pronoun-sape-subordinate-clause_MonPl-06","MonPl-06","adjective & adposition & adverb & noun & numeral & particle & pronoun & sape & subordinate clause","#5ca1f9"
"demonstrative-noun-numeral-particle-pronoun-sape-subordinate-clause_MonPl-06","MonPl-06","demonstrative & noun & numeral & particle & pronoun & sape & subordinate clause","#84deb5"
"adjective-demonstrative-noun-numeral-particle-pronoun-sape-subordinate-clause_MonPl-06","MonPl-06","adjective & demonstrative & noun & numeral & particle & pronoun & sape & subordinate clause","#a57988"
"adposition-demonstrative-noun-numeral-particle-pronoun-sape-subordinate-clause_MonPl-06","MonPl-06","adposition & demonstrative & noun & numeral & particle & pronoun & sape & subordinate clause","#9b8253"
"adjective-adposition-demonstrative-noun-numeral-particle-pronoun-sape-subordinate-clause_MonPl-06","MonPl-06","adjective & adposition & demonstrative & noun & numeral & particle & pronoun & sape & subordinate clause","#736881"
"adverb-demonstrative-noun-numeral-particle-pronoun-sape-subordinate-clause_MonPl-06","MonPl-06","adverb & demonstrative & noun & numeral & particle & pronoun & sape & subordinate clause","#bd589c"
"adjective-adverb-demonstrative-noun-numeral-particle-pronoun-sape-subordinate-clause_MonPl-06","MonPl-06","adjective & adverb & demonstrative & noun & numeral & particle & pronoun & sape & subordinate clause","#9066bb"
"adposition-adverb-demonstrative-noun-numeral-particle-pronoun-sape-subordinate-clause_MonPl-06","MonPl-06","adposition & adverb & demonstrative & noun & numeral & particle & pronoun & sape & subordinate clause","#e765bd"
"adjective-adposition-adverb-demonstrative-noun-numeral-particle-pronoun-sape-subordinate-clause_MonPl-06","MonPl-06","adjective & adposition & adverb & demonstrative & noun & numeral & particle & pronoun & sape & subordinate clause","#da81b6"
"oblique-particle-pronoun-sape-subordinate-clause_MonPl-06","MonPl-06","oblique & particle & pronoun & sape & subordinate clause","#d051ab"
"adjective-oblique-particle-pronoun-sape-subordinate-clause_MonPl-06","MonPl-06","adjective & oblique & particle & pronoun & sape & subordinate clause","#22c5c3"
"adposition-oblique-particle-pronoun-sape-subordinate-clause_MonPl-06","MonPl-06","adposition & oblique & particle & pronoun & sape & subordinate clause","#d1538b"
"adjective-adposition-oblique-particle-pronoun-sape-subordinate-clause_MonPl-06","MonPl-06","adjective & adposition & oblique & particle & pronoun & sape & subordinate clause","#a39c8b"
"adverb-oblique-particle-pronoun-sape-subordinate-clause_MonPl-06","MonPl-06","adverb & oblique & particle & pronoun & sape & subordinate clause","#83388a"
"adjective-adverb-oblique-particle-pronoun-sape-subordinate-clause_MonPl-06","MonPl-06","adjective & adverb & oblique & particle & pronoun & sape & subordinate clause","#ce7a5c"
"adposition-adverb-oblique-particle-pronoun-sape-subordinate-clause_MonPl-06","MonPl-06","adposition & adverb & oblique & particle & pronoun & sape & subordinate clause","#65aac7"
"adjective-adposition-adverb-oblique-particle-pronoun-sape-subordinate-clause_MonPl-06","MonPl-06","adjective & adposition & adverb & oblique & particle & pronoun & sape & subordinate clause","#658c97"
"demonstrative-oblique-particle-pronoun-sape-subordinate-clause_MonPl-06","MonPl-06","demonstrative & oblique & particle & pronoun & sape & subordinate clause","#820dbb"
"adjective-demonstrative-oblique-particle-pronoun-sape-subordinate-clause_MonPl-06","MonPl-06","adjective & demonstrative & oblique & particle & pronoun & sape & subordinate clause","#a80dc6"
"adposition-demonstrative-oblique-particle-pronoun-sape-subordinate-clause_MonPl-06","MonPl-06","adposition & demonstrative & oblique & particle & pronoun & sape & subordinate clause","#c080c0"
"adjective-adposition-demonstrative-oblique-particle-pronoun-sape-subordinate-clause_MonPl-06","MonPl-06","adjective & adposition & demonstrative & oblique & particle & pronoun & sape & subordinate clause","#163bb9"
"adverb-demonstrative-oblique-particle-pronoun-sape-subordinate-clause_MonPl-06","MonPl-06","adverb & demonstrative & oblique & particle & pronoun & sape & subordinate clause","#9c0def"
"adjective-adverb-demonstrative-oblique-particle-pronoun-sape-subordinate-clause_MonPl-06","MonPl-06","adjective & adverb & demonstrative & oblique & particle & pronoun & sape & subordinate clause","#a316ab"
"adposition-adverb-demonstrative-oblique-particle-pronoun-sape-subordinate-clause_MonPl-06","MonPl-06","adposition & adverb & demonstrative & oblique & particle & pronoun & sape & subordinate clause","#ff0d32"
"adjective-adposition-adverb-demonstrative-oblique-particle-pronoun-sape-subordinate-clause_MonPl-06","MonPl-06","adjective & adposition & adverb & demonstrative & oblique & particle & pronoun & sape & subordinate clause","#fe93b6"
"noun-oblique-particle-pronoun-sape-subordinate-clause_MonPl-06","MonPl-06","noun & oblique & particle & pronoun & sape & subordinate clause","#99169a"
"adjective-noun-oblique-particle-pronoun-sape-subordinate-clause_MonPl-06","MonPl-06","adjective & noun & oblique & particle & pronoun & sape & subordinate clause","#ba45dd"
"adposition-noun-oblique-particle-pronoun-sape-subordinate-clause_MonPl-06","MonPl-06","adposition & noun & oblique & particle & pronoun & sape & subordinate clause","#e9899b"
"adjective-adposition-noun-oblique-particle-pronoun-sape-subordinate-clause_MonPl-06","MonPl-06","adjective & adposition & noun & oblique & particle & pronoun & sape & subordinate clause","#ad76ab"
"adverb-noun-oblique-particle-pronoun-sape-subordinate-clause_MonPl-06","MonPl-06","adverb & noun & oblique & particle & pronoun & sape & subordinate clause","#f2ca94"
"adjective-adverb-noun-oblique-particle-pronoun-sape-subordinate-clause_MonPl-06","MonPl-06","adjective & adverb & noun & oblique & particle & pronoun & sape & subordinate clause","#706055"
"adposition-adverb-noun-oblique-particle-pronoun-sape-subordinate-clause_MonPl-06","MonPl-06","adposition & adverb & noun & oblique & particle & pronoun & sape & subordinate clause","#5ca349"
"adjective-adposition-adverb-noun-oblique-particle-pronoun-sape-subordinate-clause_MonPl-06","MonPl-06","adjective & adposition & adverb & noun & oblique & particle & pronoun & sape & subordinate clause","#bc005a"
"demonstrative-noun-oblique-particle-pronoun-sape-subordinate-clause_MonPl-06","MonPl-06","demonstrative & noun & oblique & particle & pronoun & sape & subordinate clause","#be7d40"
"adjective-demonstrative-noun-oblique-particle-pronoun-sape-subordinate-clause_MonPl-06","MonPl-06","adjective & demonstrative & noun & oblique & particle & pronoun & sape & subordinate clause","#609c5a"
"adposition-demonstrative-noun-oblique-particle-pronoun-sape-subordinate-clause_MonPl-06","MonPl-06","adposition & demonstrative & noun & oblique & particle & pronoun & sape & subordinate clause","#efadd4"
"adjective-adposition-demonstrative-noun-oblique-particle-pronoun-sape-subordinate-clause_MonPl-06","MonPl-06","adjective & adposition & demonstrative & noun & oblique & particle & pronoun & sape & subordinate clause","#a49400"
"adverb-demonstrative-noun-oblique-particle-pronoun-sape-subordinate-clause_MonPl-06","MonPl-06","adverb & demonstrative & noun & oblique & particle & pronoun & sape & subordinate clause","#c53553"
"adjective-adverb-demonstrative-noun-oblique-particle-pronoun-sape-subordinate-clause_MonPl-06","MonPl-06","adjective & adverb & demonstrative & noun & oblique & particle & pronoun & sape & subordinate clause","#8b99be"
"adposition-adverb-demonstrative-noun-oblique-particle-pronoun-sape-subordinate-clause_MonPl-06","MonPl-06","adposition & adverb & demonstrative & noun & oblique & particle & pronoun & sape & subordinate clause","#4b2ef0"
"adjective-adposition-adverb-demonstrative-noun-oblique-particle-pronoun-sape-subordinate-clause_MonPl-06","MonPl-06","adjective & adposition & adverb & demonstrative & noun & oblique & particle & pronoun & sape & subordinate clause","#aaeee7"
"numeral-oblique-particle-pronoun-sape-subordinate-clause_MonPl-06","MonPl-06","numeral & oblique & particle & pronoun & sape & subordinate clause","#dbcd81"
"adjective-numeral-oblique-particle-pronoun-sape-subordinate-clause_MonPl-06","MonPl-06","adjective & numeral & oblique & particle & pronoun & sape & subordinate clause","#5f4238"
"adposition-numeral-oblique-particle-pronoun-sape-subordinate-clause_MonPl-06","MonPl-06","adposition & numeral & oblique & particle & pronoun & sape & subordinate clause","#bb8a98"
"adjective-adposition-numeral-oblique-particle-pronoun-sape-subordinate-clause_MonPl-06","MonPl-06","adjective & adposition & numeral & oblique & particle & pronoun & sape & subordinate clause","#75566d"
"adverb-numeral-oblique-particle-pronoun-sape-subordinate-clause_MonPl-06","MonPl-06","adverb & numeral & oblique & particle & pronoun & sape & subordinate clause","#94bd3b"
"adjective-adverb-numeral-oblique-particle-pronoun-sape-subordinate-clause_MonPl-06","MonPl-06","adjective & adverb & numeral & oblique & particle & pronoun & sape & subordinate clause","#89b28b"
"adposition-adverb-numeral-oblique-particle-pronoun-sape-subordinate-clause_MonPl-06","MonPl-06","adposition & adverb & numeral & oblique & particle & pronoun & sape & subordinate clause","#a74588"
"adjective-adposition-adverb-numeral-oblique-particle-pronoun-sape-subordinate-clause_MonPl-06","MonPl-06","adjective & adposition & adverb & numeral & oblique & particle & pronoun & sape & subordinate clause","#a3ba8f"
"demonstrative-numeral-oblique-particle-pronoun-sape-subordinate-clause_MonPl-06","MonPl-06","demonstrative & numeral & oblique & particle & pronoun & sape & subordinate clause","#fb8370"
"adjective-demonstrative-numeral-oblique-particle-pronoun-sape-subordinate-clause_MonPl-06","MonPl-06","adjective & demonstrative & numeral & oblique & particle & pronoun & sape & subordinate clause","#8cf6d5"
"adposition-demonstrative-numeral-oblique-particle-pronoun-sape-subordinate-clause_MonPl-06","MonPl-06","adposition & demonstrative & numeral & oblique & particle & pronoun & sape & subordinate clause","#fb791c"
"adjective-adposition-demonstrative-numeral-oblique-particle-pronoun-sape-subordinate-clause_MonPl-06","MonPl-06","adjective & adposition & demonstrative & numeral & oblique & particle & pronoun & sape & subordinate clause","#c8b868"
"adverb-demonstrative-numeral-oblique-particle-pronoun-sape-subordinate-clause_MonPl-06","MonPl-06","adverb & demonstrative & numeral & oblique & particle & pronoun & sape & subordinate clause","#bec245"
"adjective-adverb-demonstrative-numeral-oblique-particle-pronoun-sape-subordinate-clause_MonPl-06","MonPl-06","adjective & adverb & demonstrative & numeral & oblique & particle & pronoun & sape & subordinate clause","#6e4576"
"adposition-adverb-demonstrative-numeral-oblique-particle-pronoun-sape-subordinate-clause_MonPl-06","MonPl-06","adposition & adverb & demonstrative & numeral & oblique & particle & pronoun & sape & subordinate clause","#edcbc6"
"adjective-adposition-adverb-demonstrative-numeral-oblique-particle-pronoun-sape-subordinate-clause_MonPl-06","MonPl-06","adjective & adposition & adverb & demonstrative & numeral & oblique & particle & pronoun & sape & subordinate clause","#cb6371"
"noun-numeral-oblique-particle-pronoun-sape-subordinate-clause_MonPl-06","MonPl-06","noun & numeral & oblique & particle & pronoun & sape & subordinate clause","#d191db"
"adjective-noun-numeral-oblique-particle-pronoun-sape-subordinate-clause_MonPl-06","MonPl-06","adjective & noun & numeral & oblique & particle & pronoun & sape & subordinate clause","#a5d0ba"
"adposition-noun-numeral-oblique-particle-pronoun-sape-subordinate-clause_MonPl-06","MonPl-06","adposition & noun & numeral & oblique & particle & pronoun & sape & subordinate clause","#d3c032"
"adjective-adposition-noun-numeral-oblique-particle-pronoun-sape-subordinate-clause_MonPl-06","MonPl-06","adjective & adposition & noun & numeral & oblique & particle & pronoun & sape & subordinate clause","#8e1c98"
"adverb-noun-numeral-oblique-particle-pronoun-sape-subordinate-clause_MonPl-06","MonPl-06","adverb & noun & numeral & oblique & particle & pronoun & sape & subordinate clause","#b9f09e"
"adjective-adverb-noun-numeral-oblique-particle-pronoun-sape-subordinate-clause_MonPl-06","MonPl-06","adjective & adverb & noun & numeral & oblique & particle & pronoun & sape & subordinate clause","#8ee8e8"
"adposition-adverb-noun-numeral-oblique-particle-pronoun-sape-subordinate-clause_MonPl-06","MonPl-06","adposition & adverb & noun & numeral & oblique & particle & pronoun & sape & subordinate clause","#ef6085"
"adjective-adposition-adverb-noun-numeral-oblique-particle-pronoun-sape-subordinate-clause_MonPl-06","MonPl-06","adjective & adposition & adverb & noun & numeral & oblique & particle & pronoun & sape & subordinate clause","#00aea4"
"demonstrative-noun-numeral-oblique-particle-pronoun-sape-subordinate-clause_MonPl-06","MonPl-06","demonstrative & noun & numeral & oblique & particle & pronoun & sape & subordinate clause","#fba6c6"
"adjective-demonstrative-noun-numeral-oblique-particle-pronoun-sape-subordinate-clause_MonPl-06","MonPl-06","adjective & demonstrative & noun & numeral & oblique & particle & pronoun & sape & subordinate clause","#fed2b2"
"adposition-demonstrative-noun-numeral-oblique-particle-pronoun-sape-subordinate-clause_MonPl-06","MonPl-06","adposition & demonstrative & noun & numeral & oblique & particle & pronoun & sape & subordinate clause","#e8354f"
"adjective-adposition-demonstrative-noun-numeral-oblique-particle-pronoun-sape-subordinate-clause_MonPl-06","MonPl-06","adjective & adposition & demonstrative & noun & numeral & oblique & particle & pronoun & sape & subordinate clause","#2a497a"
"adverb-demonstrative-noun-numeral-oblique-particle-pronoun-sape-subordinate-clause_MonPl-06","MonPl-06","adverb & demonstrative & noun & numeral & oblique & particle & pronoun & sape & subordinate clause","#adedcd"
"adjective-adverb-demonstrative-noun-numeral-oblique-particle-pronoun-sape-subordinate-clause_MonPl-06","MonPl-06","adjective & adverb & demonstrative & noun & numeral & oblique & particle & pronoun & sape & subordinate clause","#777100"
"adposition-adverb-demonstrative-noun-numeral-oblique-particle-pronoun-sape-subordinate-clause_MonPl-06","MonPl-06","adposition & adverb & demonstrative & noun & numeral & oblique & particle & pronoun & sape & subordinate clause","#9f3291"
"adjective-adposition-adverb-demonstrative-noun-numeral-oblique-particle-pronoun-sape-subordinate-clause_MonPl-06","MonPl-06","adjective & adposition & adverb & demonstrative & noun & numeral & oblique & particle & pronoun & sape & subordinate clause","#b7ee76"
"?_MonPl-06","MonPl-06","?",
"UNCODED_MonPl-06","MonPl-06","UNCODED",
"ERROR_MonPl-06","MonPl-06","ERROR",
"NA_MonPl-06a","MonPl-06a","NA",
"None_MonPl-06a","MonPl-06a","None","#462255"
"noun_MonPl-06a","MonPl-06a","noun","#f0c808"
"pronoun_MonPl-06a","MonPl-06a","pronoun","#e33bae"
"adjective_MonPl-06a","MonPl-06a","adjective","#0d6fd1"
"demonstrative_MonPl-06a","MonPl-06a","demonstrative","#e03a3a"
"other_MonPl-06a","MonPl-06a","other","#1fa380"
"?_MonPl-06a","MonPl-06a","?",
"UNCODED_MonPl-06a","MonPl-06a","UNCODED",
"ERROR_MonPl-06a","MonPl-06a","ERROR",
"yes_MonPl-06b","MonPl-06b","yes","#e03a3a"
"no_MonPl-06b","MonPl-06b","no","#b3b3b3"
"NA_MonPl-06b","MonPl-06b","NA",
"?_MonPl-06b","MonPl-06b","?",
"UNCODED_MonPl-06b","MonPl-06b","UNCODED",
"ERROR_MonPl-06b","MonPl-06b","ERROR",
"1_NounPoss-01","NounPoss-01","1","#000080"
"2_NounPoss-01","NounPoss-01","2","#002a9c"
"3_NounPoss-01","NounPoss-01","3","#003faa"
"4_NounPoss-01","NounPoss-01","4","#0054b8"
"5_NounPoss-01","NounPoss-01","5","#006ac6"
"6_NounPoss-01","NounPoss-01","6","#007fd4"
"7_NounPoss-01","NounPoss-01","7","#0094e2"
"8_NounPoss-01","NounPoss-01","8","#00a9f0"
"9_NounPoss-01","NounPoss-01","9","#00bfff"
"10_NounPoss-01","NounPoss-01","10","#00158e"
"?_NounPoss-01","NounPoss-01","?",
"UNCODED_NounPoss-01","NounPoss-01","UNCODED",
"ERROR_NounPoss-01","NounPoss-01","ERROR",
"1_NounPoss-01a","NounPoss-01a","1","#0d6fd1"
"2_NounPoss-01a","NounPoss-01a","2","#e03a3a"
"3-or-more_NounPoss-01a","NounPoss-01a","3-or-more","#462255"
"?_NounPoss-01a","NounPoss-01a","?",
"UNCODED_NounPoss-01a","NounPoss-01a","UNCODED",
"ERROR_NounPoss-01a","NounPoss-01a","ERROR",
"default_NounPoss-02","NounPoss-02","default","#462255"
"conceptually-inalienable_NounPoss-02","NounPoss-02","conceptually inalienable","#0d6fd1"
"conceptually-non-possessible_NounPoss-02","NounPoss-02","conceptually non-possessible","#e03a3a"
"mixed_NounPoss-02","NounPoss-02","mixed","#f0c808"
"?_NounPoss-02","NounPoss-02","?",
"UNCODED_NounPoss-02","NounPoss-02","UNCODED",
"ERROR_NounPoss-02","NounPoss-02","ERROR",
"0_NounPoss-03","NounPoss-03","0","#000080"
"1_NounPoss-03","NounPoss-03","1","#001f95"
"2_NounPoss-03","NounPoss-03","2","#003faa"
"3_NounPoss-03","NounPoss-03","3","#005fbf"
"4_NounPoss-03","NounPoss-03","4","#007fd4"
"5_NounPoss-03","NounPoss-03","5","#009fe9"
"6_NounPoss-03","NounPoss-03","6","#00bfff"
"?_NounPoss-03","NounPoss-03","?",
"UNCODED_NounPoss-03","NounPoss-03","UNCODED",
"ERROR_NounPoss-03","NounPoss-03","ERROR",
"yes_NounPoss-03a","NounPoss-03a","yes","#e03a3a"
"no_NounPoss-03a","NounPoss-03a","no","#b3b3b3"
"?_NounPoss-03a","NounPoss-03a","?",
"UNCODED_NounPoss-03a","NounPoss-03a","UNCODED",
"ERROR_NounPoss-03a","NounPoss-03a","ERROR",
"NA_NounPoss-03b","NounPoss-03b","NA",
"yes_NounPoss-03b","NounPoss-03b","yes","#e03a3a"
"no_NounPoss-03b","NounPoss-03b","no","#b3b3b3"
"?_NounPoss-03b","NounPoss-03b","?",
"UNCODED_NounPoss-03b","NounPoss-03b","UNCODED",
"ERROR_NounPoss-03b","NounPoss-03b","ERROR",
"NA_NounPoss-03c","NounPoss-03c","NA",
"yes_NounPoss-03c","NounPoss-03c","yes","#e03a3a"
"no_NounPoss-03c","NounPoss-03c","no","#b3b3b3"
"?_NounPoss-03c","NounPoss-03c","?",
"UNCODED_NounPoss-03c","NounPoss-03c","UNCODED",
"ERROR_NounPoss-03c","NounPoss-03c","ERROR",
"NA_NounPoss-03d","NounPoss-03d","NA",
"yes_NounPoss-03d","NounPoss-03d","yes","#e03a3a"
"no_NounPoss-03d","NounPoss-03d","no","#b3b3b3"
"?_NounPoss-03d","NounPoss-03d","?",
"UNCODED_NounPoss-03d","NounPoss-03d","UNCODED",
"ERROR_NounPoss-03d","NounPoss-03d","ERROR",
"0_NounPoss-04","NounPoss-04","0","#2817a6"
"1_NounPoss-04","NounPoss-04","1","#2467a5"
"2_NounPoss-04","NounPoss-04","2","#21b8a4"
"?_NounPoss-04","NounPoss-04","?",
"UNCODED_NounPoss-04","NounPoss-04","UNCODED",
"ERROR_NounPoss-04","NounPoss-04","ERROR",
"NA_NounPoss-04a","NounPoss-04a","NA",
"yes_NounPoss-04a","NounPoss-04a","yes","#e03a3a"
"no_NounPoss-04a","NounPoss-04a","no","#b3b3b3"
"?_NounPoss-04a","NounPoss-04a","?",
"UNCODED_NounPoss-04a","NounPoss-04a","UNCODED",
"ERROR_NounPoss-04a","NounPoss-04a","ERROR",
"NA_NounPoss-04b","NounPoss-04b","NA",
"yes_NounPoss-04b","NounPoss-04b","yes","#e03a3a"
"no_NounPoss-04b","NounPoss-04b","no","#b3b3b3"
"?_NounPoss-04b","NounPoss-04b","?",
"UNCODED_NounPoss-04b","NounPoss-04b","UNCODED",
"ERROR_NounPoss-04b","NounPoss-04b","ERROR",
"0_NounPoss-05","NounPoss-05","0","#000080"
"1_NounPoss-05","NounPoss-05","1","#002699"
"2_NounPoss-05","NounPoss-05","2","#004cb2"
"3_NounPoss-05","NounPoss-05","3","#0072cc"
"4_NounPoss-05","NounPoss-05","4","#0098e5"
"6_NounPoss-05","NounPoss-05","6","#00bfff"
"?_NounPoss-05","NounPoss-05","?",
"UNCODED_NounPoss-05","NounPoss-05","UNCODED",
"ERROR_NounPoss-05","NounPoss-05","ERROR",
"NA_NounPoss-06","NounPoss-06","NA",
"body_NounPoss-06","NounPoss-06","body","#0d6fd1"
"kin_NounPoss-06","NounPoss-06","kin","#462255"
"part_NounPoss-06","NounPoss-06","part","#f0c808"
"relation_NounPoss-06","NounPoss-06","relation","#1fa380"
"intimate_property_NounPoss-06","NounPoss-06","intimate_property","#e03a3a"
"?_NounPoss-06","NounPoss-06","?",
"UNCODED_NounPoss-06","NounPoss-06","UNCODED",
"ERROR_NounPoss-06","NounPoss-06","ERROR",
"NA_NounPoss-07","NounPoss-07","NA",
"plants_NounPoss-07","NounPoss-07","plants","#1fa380"
"nature_inanimate_NounPoss-07","NounPoss-07","nature_inanimate","#f0c808"
"humans_NounPoss-07","NounPoss-07","humans","#e03a3a"
"animals_NounPoss-07","NounPoss-07","animals","#0d6fd1"
"names_NounPoss-07","NounPoss-07","names","#462255"
"?_NounPoss-07","NounPoss-07","?",
"UNCODED_NounPoss-07","NounPoss-07","UNCODED",
"ERROR_NounPoss-07","NounPoss-07","ERROR",
"PSSR_NounPoss-08","NounPoss-08","PSSR","#42fe00"
"PSSD_NounPoss-08","NounPoss-08","PSSD","#e338ad"
"PSSR-PSSD_NounPoss-08","NounPoss-08","PSSR-PSSD","#ce00fb"
"LINKER_NounPoss-08","NounPoss-08","LINKER","#f1c816"
"JUXT_NounPoss-08","NounPoss-08","JUXT","#5f386d"
"CLAUSE_NounPoss-08","NounPoss-08","CLAUSE","#e54040"
"CLASS_NounPoss-08","NounPoss-08","CLASS","#1670d1"
"NULL_NounPoss-08","NounPoss-08","NULL","#26a783"
"UNKNOWN_NounPoss-08","NounPoss-08","UNKNOWN","#ffb4b3"
"?_NounPoss-08","NounPoss-08","?",
"UNCODED_NounPoss-08","NounPoss-08","UNCODED",
"ERROR_NounPoss-08","NounPoss-08","ERROR",
"NA_NounPoss-08a","NounPoss-08a","NA",
"yes_NounPoss-08a","NounPoss-08a","yes","#e03a3a"
"no_NounPoss-08a","NounPoss-08a","no","#b3b3b3"
"?_NounPoss-08a","NounPoss-08a","?",
"UNCODED_NounPoss-08a","NounPoss-08a","UNCODED",
"ERROR_NounPoss-08a","NounPoss-08a","ERROR",
"NA_NounPoss-08b","NounPoss-08b","NA",
"yes_NounPoss-08b","NounPoss-08b","yes","#e03a3a"
"no_NounPoss-08b","NounPoss-08b","no","#b3b3b3"
"?_NounPoss-08b","NounPoss-08b","?",
"UNCODED_NounPoss-08b","NounPoss-08b","UNCODED",
"ERROR_NounPoss-08b","NounPoss-08b","ERROR",
"NA_NounPoss-08c","NounPoss-08c","NA",
"PSSR_NounPoss-08c","NounPoss-08c","PSSR","#e03a3a"
"PSSD_NounPoss-08c","NounPoss-08c","PSSD","#0d6fd1"
"PSSR-and-PSSD_NounPoss-08c","NounPoss-08c","PSSR and PSSD","#462255"
"?_NounPoss-08c","NounPoss-08c","?",
"UNCODED_NounPoss-08c","NounPoss-08c","UNCODED",
"ERROR_NounPoss-08c","NounPoss-08c","ERROR",
"NA_NounPoss-09","NounPoss-09","NA",
"PSSR_NounPoss-09","NounPoss-09","PSSR","#22fe00"
"PSSD_NounPoss-09","NounPoss-09","PSSD","#df32a9"
"PSSR-PSSD_NounPoss-09","NounPoss-09","PSSR-PSSD","#d500ff"
"LINKER_NounPoss-09","NounPoss-09","LINKER","#efc700"
"JUXT_NounPoss-09","NounPoss-09","JUXT","#584065"
"CLAUSE_NounPoss-09","NounPoss-09","CLAUSE","#e53d40"
"CLASS_NounPoss-09","NounPoss-09","CLASS","#2a73d6"
"NULL_NounPoss-09","NounPoss-09","NULL","#32a885"
"UNKNOWN_NounPoss-09","NounPoss-09","UNKNOWN","#fdabaa"
"?_NounPoss-09","NounPoss-09","?",
"UNCODED_NounPoss-09","NounPoss-09","UNCODED",
"ERROR_NounPoss-09","NounPoss-09","ERROR",
"NA_NounPoss-10","NounPoss-10","NA",
"PSSR_NounPoss-10","NounPoss-10","PSSR","#3bfc00"
"PSSD_NounPoss-10","NounPoss-10","PSSD","#e038ab"
"PSSR-PSSD_NounPoss-10","NounPoss-10","PSSR-PSSD","#cb00fc"
"LINKER_NounPoss-10","NounPoss-10","LINKER","#f4ca0d"
"JUXT_NounPoss-10","NounPoss-10","JUXT","#5d3d68"
"CLAUSE_NounPoss-10","NounPoss-10","CLAUSE","#de3832"
"CLASS_NounPoss-10","NounPoss-10","CLASS","#2a75d5"
"NULL_NounPoss-10","NounPoss-10","NULL","#26a883"
"UNKNOWN_NounPoss-10","NounPoss-10","UNKNOWN","#faa8a4"
"?_NounPoss-10","NounPoss-10","?",
"UNCODED_NounPoss-10","NounPoss-10","UNCODED",
"ERROR_NounPoss-10","NounPoss-10","ERROR",
"NA_NounPoss-11","NounPoss-11","NA",
"Noun_NounPoss-11","NounPoss-11","Noun","#35dcff"
"NULL_NounPoss-11","NounPoss-11","NULL","#bdf07f"
"SPECIAL-MARKER_NounPoss-11","NounPoss-11","SPECIAL MARKER","#6a5c00"
"ARTICLE_NounPoss-11","NounPoss-11","ARTICLE","#fcb5b6"
"1SG_NounPoss-11","NounPoss-11","1SG","#58406e"
"1PL_NounPoss-11","NounPoss-11","1PL","#e84245"
"1INCL_NounPoss-11","NounPoss-11","1INCL","#1c70d3"
"3_NounPoss-11","NounPoss-11","3","#eec516"
"3SG_NounPoss-11","NounPoss-11","3SG","#e33dad"
"3SG-N_NounPoss-11","NounPoss-11","3SG.N","#cc00fc"
"3SG-M_NounPoss-11","NounPoss-11","3SG.M","#3bff16"
"3-INAN_NounPoss-11","NounPoss-11","3.INAN",
"3-INDEF_NounPoss-11","NounPoss-11","3.INDEF","#1ca07e"
"?_NounPoss-11","NounPoss-11","?",
"UNCODED_NounPoss-11","NounPoss-11","UNCODED",
"ERROR_NounPoss-11","NounPoss-11","ERROR",
"no_NounPoss-12","NounPoss-12","no","#f0c808"
"default_NounPoss-12","NounPoss-12","default","#0d6fd1"
"inalienable_NounPoss-12","NounPoss-12","inalienable","#e03a3a"
"non-possessible_NounPoss-12","NounPoss-12","non-possessible","#1fa380"
"mixed_NounPoss-12","NounPoss-12","mixed","#462255"
"?_NounPoss-12","NounPoss-12","?",
"UNCODED_NounPoss-12","NounPoss-12","UNCODED",
"ERROR_NounPoss-12","NounPoss-12","ERROR",
"no-JUXT_NounPoss-12a","NounPoss-12a","no JUXT","#e03a3a"
"default-plus_NounPoss-12a","NounPoss-12a","default plus","#0d6fd1"
"only-inalienables_NounPoss-12a","NounPoss-12a","only inalienables","#462255"
"?_NounPoss-12a","NounPoss-12a","?",
"UNCODED_NounPoss-12a","NounPoss-12a","UNCODED",
"ERROR_NounPoss-12a","NounPoss-12a","ERROR",
"no_NounPoss-13","NounPoss-13","no","#f0c808"
"default_NounPoss-13","NounPoss-13","default","#0d6fd1"
"inalienable_NounPoss-13","NounPoss-13","inalienable","#e03a3a"
"non-possessible_NounPoss-13","NounPoss-13","non-possessible","#1fa380"
"mixed_NounPoss-13","NounPoss-13","mixed","#462255"
"?_NounPoss-13","NounPoss-13","?",
"UNCODED_NounPoss-13","NounPoss-13","UNCODED",
"ERROR_NounPoss-13","NounPoss-13","ERROR",
"no_NounPoss-14","NounPoss-14","no","#f0c808"
"default_NounPoss-14","NounPoss-14","default","#0d6fd1"
"inalienable_NounPoss-14","NounPoss-14","inalienable","#e03a3a"
"non-possessible_NounPoss-14","NounPoss-14","non-possessible","#1fa380"
"mixed_NounPoss-14","NounPoss-14","mixed","#462255"
"?_NounPoss-14","NounPoss-14","?",
"UNCODED_NounPoss-14","NounPoss-14","UNCODED",
"ERROR_NounPoss-14","NounPoss-14","ERROR",
"no_NounPoss-15","NounPoss-15","no","#f0c808"
"default_NounPoss-15","NounPoss-15","default","#0d6fd1"
"inalienable_NounPoss-15","NounPoss-15","inalienable","#e03a3a"
"non-possessible_NounPoss-15","NounPoss-15","non-possessible","#1fa380"
"mixed_NounPoss-15","NounPoss-15","mixed","#462255"
"?_NounPoss-15","NounPoss-15","?",
"UNCODED_NounPoss-15","NounPoss-15","UNCODED",
"ERROR_NounPoss-15","NounPoss-15","ERROR",
"no_NounPoss-16","NounPoss-16","no","#f0c808"
"default_NounPoss-16","NounPoss-16","default","#0d6fd1"
"inalienable_NounPoss-16","NounPoss-16","inalienable","#e03a3a"
"non-possessible_NounPoss-16","NounPoss-16","non-possessible","#1fa380"
"mixed_NounPoss-16","NounPoss-16","mixed","#462255"
"?_NounPoss-16","NounPoss-16","?",
"UNCODED_NounPoss-16","NounPoss-16","UNCODED",
"ERROR_NounPoss-16","NounPoss-16","ERROR",
"yes_NounPoss-16a","NounPoss-16a","yes","#e03a3a"
"no_NounPoss-16a","NounPoss-16a","no","#b3b3b3"
"?_NounPoss-16a","NounPoss-16a","?",
"UNCODED_NounPoss-16a","NounPoss-16a","UNCODED",
"ERROR_NounPoss-16a","NounPoss-16a","ERROR",
"no_NounPoss-17","NounPoss-17","no","#f0c808"
"default_NounPoss-17","NounPoss-17","default","#0d6fd1"
"inalienable_NounPoss-17","NounPoss-17","inalienable","#e03a3a"
"non-possessible_NounPoss-17","NounPoss-17","non-possessible","#1fa380"
"mixed_NounPoss-17","NounPoss-17","mixed","#462255"
"?_NounPoss-17","NounPoss-17","?",
"UNCODED_NounPoss-17","NounPoss-17","UNCODED",
"ERROR_NounPoss-17","NounPoss-17","ERROR",
"none_NounPoss-17a","NounPoss-17a","none","#e03a3a"
"default-plus_NounPoss-17a","NounPoss-17a","default plus","#0d6fd1"
"only-non-possessibles_NounPoss-17a","NounPoss-17a","only non-possessibles","#462255"
"?_NounPoss-17a","NounPoss-17a","?",
"UNCODED_NounPoss-17a","NounPoss-17a","UNCODED",
"ERROR_NounPoss-17a","NounPoss-17a","ERROR",
"NA_NounPoss-18","NounPoss-18","NA",
"yes_NounPoss-18","NounPoss-18","yes","#e03a3a"
"no_NounPoss-18","NounPoss-18","no","#b3b3b3"
"?_NounPoss-18","NounPoss-18","?",
"UNCODED_NounPoss-18","NounPoss-18","UNCODED",
"ERROR_NounPoss-18","NounPoss-18","ERROR",
"NA_NounPoss-19","NounPoss-19","NA",
"yes_NounPoss-19","NounPoss-19","yes","#e03a3a"
"no_NounPoss-19","NounPoss-19","no","#b3b3b3"
"?_NounPoss-19","NounPoss-19","?",
"UNCODED_NounPoss-19","NounPoss-19","UNCODED",
"ERROR_NounPoss-19","NounPoss-19","ERROR",
"yes_NounPoss-20","NounPoss-20","yes","#e03a3a"
"no_NounPoss-20","NounPoss-20","no","#b3b3b3"
"?_NounPoss-20","NounPoss-20","?",
"UNCODED_NounPoss-20","NounPoss-20","UNCODED",
"ERROR_NounPoss-20","NounPoss-20","ERROR",
"NA_NounPoss-20a","NounPoss-20a","NA",
"yes_NounPoss-20a","NounPoss-20a","yes","#e03a3a"
"no_NounPoss-20a","NounPoss-20a","no","#b3b3b3"
"?_NounPoss-20a","NounPoss-20a","?",
"UNCODED_NounPoss-20a","NounPoss-20a","UNCODED",
"ERROR_NounPoss-20a","NounPoss-20a","ERROR",
"0_NounPoss-21","NounPoss-21","0","#000080"
"1_NounPoss-21","NounPoss-21","1","#001f95"
"2_NounPoss-21","NounPoss-21","2","#003faa"
"3_NounPoss-21","NounPoss-21","3","#005fbf"
"4_NounPoss-21","NounPoss-21","4","#007fd4"
"5_NounPoss-21","NounPoss-21","5","#009fe9"
"7_NounPoss-21","NounPoss-21","7","#00bfff"
"?_NounPoss-21","NounPoss-21","?",
"UNCODED_NounPoss-21","NounPoss-21","UNCODED",
"ERROR_NounPoss-21","NounPoss-21","ERROR",
"0_NounPoss-22","NounPoss-22","0","#000080"
"1_NounPoss-22","NounPoss-22","1","#001f95"
"2_NounPoss-22","NounPoss-22","2","#003faa"
"3_NounPoss-22","NounPoss-22","3","#005fbf"
"4_NounPoss-22","NounPoss-22","4","#007fd4"
"5_NounPoss-22","NounPoss-22","5","#009fe9"
"7_NounPoss-22","NounPoss-22","7","#00bfff"
"?_NounPoss-22","NounPoss-22","?",
"UNCODED_NounPoss-22","NounPoss-22","UNCODED",
"ERROR_NounPoss-22","NounPoss-22","ERROR",
"NA_NounPoss-23","NounPoss-23","NA",
"yes_NounPoss-23","NounPoss-23","yes","#e03a3a"
"no_NounPoss-23","NounPoss-23","no","#b3b3b3"
"?_NounPoss-23","NounPoss-23","?",
"UNCODED_NounPoss-23","NounPoss-23","UNCODED",
"ERROR_NounPoss-23","NounPoss-23","ERROR",
"0_NounPoss-24","NounPoss-24","0","#2817a6"
"1_NounPoss-24","NounPoss-24","1","#254ca5"
"2_NounPoss-24","NounPoss-24","2","#2382a4"
"4_NounPoss-24","NounPoss-24","4","#21b8a4"
"?_NounPoss-24","NounPoss-24","?",
"UNCODED_NounPoss-24","NounPoss-24","UNCODED",
"ERROR_NounPoss-24","NounPoss-24","ERROR",
"non-possessible_NounPoss-25","NounPoss-25","non-possessible","#0d6fd1"
"obligatorily-possessed_NounPoss-25","NounPoss-25","obligatorily possessed","#e03a3a"
"optionally-possessed_NounPoss-25","NounPoss-25","optionally possessed","#462255"
"?_NounPoss-25","NounPoss-25","?",
"UNCODED_NounPoss-25","NounPoss-25","UNCODED",
"ERROR_NounPoss-25","NounPoss-25","ERROR",
"NA_NounPoss-26","NounPoss-26","NA",
"non-possessible_NounPoss-26","NounPoss-26","non-possessible","#0d6fd1"
"obligatorily-possessed_NounPoss-26","NounPoss-26","obligatorily possessed","#e03a3a"
"optionally-possessed_NounPoss-26","NounPoss-26","optionally possessed","#462255"
"?_NounPoss-26","NounPoss-26","?",
"UNCODED_NounPoss-26","NounPoss-26","UNCODED",
"ERROR_NounPoss-26","NounPoss-26","ERROR",
"NA_NounPoss-27","NounPoss-27","NA",
"non-possessible_NounPoss-27","NounPoss-27","non-possessible","#0d6fd1"
"obligatorily-possessed_NounPoss-27","NounPoss-27","obligatorily possessed","#e03a3a"
"optionally-possessed_NounPoss-27","NounPoss-27","optionally possessed","#462255"
"?_NounPoss-27","NounPoss-27","?",
"UNCODED_NounPoss-27","NounPoss-27","UNCODED",
"ERROR_NounPoss-27","NounPoss-27","ERROR",
"NA_NounPoss-28","NounPoss-28","NA",
"non-possessible_NounPoss-28","NounPoss-28","non-possessible","#0d6fd1"
"obligatorily-possessed_NounPoss-28","NounPoss-28","obligatorily possessed","#e03a3a"
"optionally-possessed_NounPoss-28","NounPoss-28","optionally possessed","#462255"
"?_NounPoss-28","NounPoss-28","?",
"UNCODED_NounPoss-28","NounPoss-28","UNCODED",
"ERROR_NounPoss-28","NounPoss-28","ERROR",
"yes_Ppron-001","Ppron-001","yes","#e03a3a"
"no_Ppron-001","Ppron-001","no","#b3b3b3"
"?_Ppron-001","Ppron-001","?",
"UNCODED_Ppron-001","Ppron-001","UNCODED",
"ERROR_Ppron-001","Ppron-001","ERROR",
"yes-auto_Ppron-002","Ppron-002","yes-auto",
"yes_Ppron-002","Ppron-002","yes","#e03a3a"
"no_Ppron-002","Ppron-002","no","#b3b3b3"
"?_Ppron-002","Ppron-002","?",
"UNCODED_Ppron-002","Ppron-002","UNCODED",
"ERROR_Ppron-002","Ppron-002","ERROR",
"NA_Ppron-003","Ppron-003","NA",
"yes_Ppron-003","Ppron-003","yes","#e03a3a"
"no_Ppron-003","Ppron-003","no","#b3b3b3"
"?_Ppron-003","Ppron-003","?",
"UNCODED_Ppron-003","Ppron-003","UNCODED",
"ERROR_Ppron-003","Ppron-003","ERROR",
"NA_Ppron-01","Ppron-01","NA",
"yes_Ppron-01","Ppron-01","yes","#e03a3a"
"no_Ppron-01","Ppron-01","no","#b3b3b3"
"?_Ppron-01","Ppron-01","?",
"UNCODED_Ppron-01","Ppron-01","UNCODED",
"ERROR_Ppron-01","Ppron-01","ERROR",
"NA_Ppron-01a","Ppron-01a","NA",
"yes_Ppron-01a","Ppron-01a","yes","#e03a3a"
"no_Ppron-01a","Ppron-01a","no","#b3b3b3"
"?_Ppron-01a","Ppron-01a","?",
"UNCODED_Ppron-01a","Ppron-01a","UNCODED",
"ERROR_Ppron-01a","Ppron-01a","ERROR",
"NA_Ppron-02","Ppron-02","NA",
"yes_Ppron-02","Ppron-02","yes","#e03a3a"
"no_Ppron-02","Ppron-02","no","#b3b3b3"
"?_Ppron-02","Ppron-02","?",
"UNCODED_Ppron-02","Ppron-02","UNCODED",
"ERROR_Ppron-02","Ppron-02","ERROR",
"NA_Ppron-03","Ppron-03","NA",
"yes_Ppron-03","Ppron-03","yes","#e03a3a"
"no_Ppron-03","Ppron-03","no","#b3b3b3"
"?_Ppron-03","Ppron-03","?",
"UNCODED_Ppron-03","Ppron-03","UNCODED",
"ERROR_Ppron-03","Ppron-03","ERROR",
"NA_Ppron-04","Ppron-04","NA",
"inclusive_Ppron-04","Ppron-04","inclusive","#e03a3a"
"exclusive_Ppron-04","Ppron-04","exclusive","#0d6fd1"
"unified-we_Ppron-04","Ppron-04","unified we","#f0c808"
"no_Ppron-04","Ppron-04","no","#462255"
"?_Ppron-04","Ppron-04","?",
"UNCODED_Ppron-04","Ppron-04","UNCODED",
"ERROR_Ppron-04","Ppron-04","ERROR",
"NA_Ppron-04a","Ppron-04a","NA",
"yes_Ppron-04a","Ppron-04a","yes","#e03a3a"
"no_Ppron-04a","Ppron-04a","no","#b3b3b3"
"?_Ppron-04a","Ppron-04a","?",
"UNCODED_Ppron-04a","Ppron-04a","UNCODED",
"ERROR_Ppron-04a","Ppron-04a","ERROR",
"NA_Ppron-05","Ppron-05","NA",
"yes_Ppron-05","Ppron-05","yes","#e03a3a"
"no_Ppron-05","Ppron-05","no","#b3b3b3"
"?_Ppron-05","Ppron-05","?",
"UNCODED_Ppron-05","Ppron-05","UNCODED",
"ERROR_Ppron-05","Ppron-05","ERROR",
"NA_Ppron-06","Ppron-06","NA",
"1excl-or-pl-is-1sg-plus-pl_Ppron-06","Ppron-06","1excl or pl is 1sg plus pl","#e03a3a"
"1excl-or-pl-includes-1sg_Ppron-06","Ppron-06","1excl or pl includes 1sg","#0d6fd1"
"no-relation_Ppron-06","Ppron-06","no relation","#462255"
"?_Ppron-06","Ppron-06","?",
"UNCODED_Ppron-06","Ppron-06","UNCODED",
"ERROR_Ppron-06","Ppron-06","ERROR",
"NA_Ppron-06a","Ppron-06a","NA",
"yes_Ppron-06a","Ppron-06a","yes","#e03a3a"
"no_Ppron-06a","Ppron-06a","no","#b3b3b3"
"?_Ppron-06a","Ppron-06a","?",
"UNCODED_Ppron-06a","Ppron-06a","UNCODED",
"ERROR_Ppron-06a","Ppron-06a","ERROR",
"NA_Ppron-06b","Ppron-06b","NA",
"yes_Ppron-06b","Ppron-06b","yes","#e03a3a"
"no_Ppron-06b","Ppron-06b","no","#b3b3b3"
"?_Ppron-06b","Ppron-06b","?",
"UNCODED_Ppron-06b","Ppron-06b","UNCODED",
"ERROR_Ppron-06b","Ppron-06b","ERROR",
"NA_Ppron-07","Ppron-07","NA",
"1incl-is-1sg-plus-pl_Ppron-07","Ppron-07","1incl is 1sg plus pl","#e03a3a"
"1incl-includes-1sg_Ppron-07","Ppron-07","1incl includes 1sg","#0d6fd1"
"no-relation_Ppron-07","Ppron-07","no relation","#462255"
"?_Ppron-07","Ppron-07","?",
"UNCODED_Ppron-07","Ppron-07","UNCODED",
"ERROR_Ppron-07","Ppron-07","ERROR",
"NA_Ppron-07a","Ppron-07a","NA",
"yes_Ppron-07a","Ppron-07a","yes","#e03a3a"
"no_Ppron-07a","Ppron-07a","no","#b3b3b3"
"?_Ppron-07a","Ppron-07a","?",
"UNCODED_Ppron-07a","Ppron-07a","UNCODED",
"ERROR_Ppron-07a","Ppron-07a","ERROR",
"NA_Ppron-07b","Ppron-07b","NA",
"yes_Ppron-07b","Ppron-07b","yes","#e03a3a"
"no_Ppron-07b","Ppron-07b","no","#b3b3b3"
"?_Ppron-07b","Ppron-07b","?",
"UNCODED_Ppron-07b","Ppron-07b","UNCODED",
"ERROR_Ppron-07b","Ppron-07b","ERROR",
"NA_Ppron-08","Ppron-08","NA",
"yes_Ppron-08","Ppron-08","yes","#e03a3a"
"no_Ppron-08","Ppron-08","no","#b3b3b3"
"?_Ppron-08","Ppron-08","?",
"UNCODED_Ppron-08","Ppron-08","UNCODED",
"ERROR_Ppron-08","Ppron-08","ERROR",
"NA_Ppron-08a","Ppron-08a","NA",
"yes_Ppron-08a","Ppron-08a","yes","#e03a3a"
"no_Ppron-08a","Ppron-08a","no","#b3b3b3"
"?_Ppron-08a","Ppron-08a","?",
"UNCODED_Ppron-08a","Ppron-08a","UNCODED",
"ERROR_Ppron-08a","Ppron-08a","ERROR",
"NA_Ppron-09","Ppron-09","NA",
"no_Ppron-09","Ppron-09","no","#b3b3b3"
"yes_Ppron-09","Ppron-09","yes","#e03a3a"
"?_Ppron-09","Ppron-09","?",
"UNCODED_Ppron-09","Ppron-09","UNCODED",
"ERROR_Ppron-09","Ppron-09","ERROR",
"NA_Ppron-09a","Ppron-09a","NA",
"yes_Ppron-09a","Ppron-09a","yes","#e03a3a"
"no_Ppron-09a","Ppron-09a","no","#b3b3b3"
"?_Ppron-09a","Ppron-09a","?",
"UNCODED_Ppron-09a","Ppron-09a","UNCODED",
"ERROR_Ppron-09a","Ppron-09a","ERROR",
"yes_SgPl-01","SgPl-01","yes","#e03a3a"
"no_SgPl-01","SgPl-01","no","#b3b3b3"
"?_SgPl-01","SgPl-01","?",
"UNCODED_SgPl-01","SgPl-01","UNCODED",
"ERROR_SgPl-01","SgPl-01","ERROR",
"Sg-Pl_SgPl-01a","SgPl-01a","Sg-Pl","#462255"
"irregular-MonoPl_SgPl-01a","SgPl-01a","irregular MonoPl","#0d6fd1"
"Sg-Pl-and-irregular-MonoPl_SgPl-01a","SgPl-01a","Sg-Pl and irregular MonoPl","#f0c808"
"none_SgPl-01a","SgPl-01a","none","#e03a3a"
"?_SgPl-01a","SgPl-01a","?",
"UNCODED_SgPl-01a","SgPl-01a","UNCODED",
"ERROR_SgPl-01a","SgPl-01a","ERROR",
"NA_SgPl-02","SgPl-02","NA",
"yes_SgPl-02","SgPl-02","yes","#e03a3a"
"no-common-pattern_SgPl-02","SgPl-02","no common pattern","#0d6fd1"
"?_SgPl-02","SgPl-02","?",
"UNCODED_SgPl-02","SgPl-02","UNCODED",
"ERROR_SgPl-02","SgPl-02","ERROR",
"NA_SgPl-03","SgPl-03","NA",
"2_SgPl-03","SgPl-03","2","#004cb2"
"3_SgPl-03","SgPl-03","3","#0072cc"
"4_SgPl-03","SgPl-03","4","#0098e5"
"5_SgPl-03","SgPl-03","5","#00a5ee"
"6_SgPl-03","SgPl-03","6","#00b2f6"
"9_SgPl-03","SgPl-03","9","#00bfff"
"12_SgPl-03","SgPl-03","12","#001990"
"13_SgPl-03","SgPl-03","13","#002699"
"15_SgPl-03","SgPl-03","15","#0032a1"
"19_SgPl-03","SgPl-03","19","#003faa"
"20_SgPl-03","SgPl-03","20","#0059bb"
"25_SgPl-03","SgPl-03","25","#0065c3"
"30_SgPl-03","SgPl-03","30","#007fd4"
"36_SgPl-03","SgPl-03","36","#008cdd"
"101_SgPl-03","SgPl-03","101","#000080"
"118_SgPl-03","SgPl-03","118","#000c88"
"?_SgPl-03","SgPl-03","?",
"UNCODED_SgPl-03","SgPl-03","UNCODED",
"ERROR_SgPl-03","SgPl-03","ERROR",
"NA_SgPl-04","SgPl-04","NA",
"yes_SgPl-04","SgPl-04","yes","#e03a3a"
"no_SgPl-04","SgPl-04","no","#b3b3b3"
"?_SgPl-04","SgPl-04","?",
"UNCODED_SgPl-04","SgPl-04","UNCODED",
"ERROR_SgPl-04","SgPl-04","ERROR",
"NA_SgPl-05","SgPl-05","NA",
"1_SgPl-05","SgPl-05","1","#000080"
"2_SgPl-05","SgPl-05","2","#0057ba"
"3_SgPl-05","SgPl-05","3","#0077cf"
"4_SgPl-05","SgPl-05","4","#0087d9"
"5_SgPl-05","SgPl-05","5","#0097e4"
"6_SgPl-05","SgPl-05","6","#009fe9"
"7_SgPl-05","SgPl-05","7","#00aff4"
"8_SgPl-05","SgPl-05","8","#00b7f9"
"9_SgPl-05","SgPl-05","9","#00bfff"
"10_SgPl-05","SgPl-05","10","#000785"
"11_SgPl-05","SgPl-05","11","#000f8a"
"12_SgPl-05","SgPl-05","12","#00178f"
"13_SgPl-05","SgPl-05","13","#001f95"
"14_SgPl-05","SgPl-05","14","#00279a"
"15_SgPl-05","SgPl-05","15","#002f9f"
"16_SgPl-05","SgPl-05","16","#0037a5"
"17_SgPl-05","SgPl-05","17","#003faa"
"18_SgPl-05","SgPl-05","18","#0047af"
"19_SgPl-05","SgPl-05","19","#004fb4"
"22_SgPl-05","SgPl-05","22","#005fbf"
"26_SgPl-05","SgPl-05","26","#0067c4"
"29_SgPl-05","SgPl-05","29","#006fca"
"34_SgPl-05","SgPl-05","34","#007fd4"
"46_SgPl-05","SgPl-05","46","#008fdf"
"61_SgPl-05","SgPl-05","61","#00a7ef"
"?_SgPl-05","SgPl-05","?",
"UNCODED_SgPl-05","SgPl-05","UNCODED",
"ERROR_SgPl-05","SgPl-05","ERROR",
"NA_SgPl-06","SgPl-06","NA",
"yes_SgPl-06","SgPl-06","yes","#e03a3a"
"no_SgPl-06","SgPl-06","no","#b3b3b3"
"?_SgPl-06","SgPl-06","?",
"UNCODED_SgPl-06","SgPl-06","UNCODED",
"ERROR_SgPl-06","SgPl-06","ERROR",
"NA_SgPl-07","SgPl-07","NA",
"intransitive_SgPl-07","SgPl-07","intransitive","#e03a3a"
"transitive_SgPl-07","SgPl-07","transitive","#462255"
"both_SgPl-07","SgPl-07","both","#0d6fd1"
"?_SgPl-07","SgPl-07","?",
"UNCODED_SgPl-07","SgPl-07","UNCODED",
"ERROR_SgPl-07","SgPl-07","ERROR",
"NA_SgPl-07a","SgPl-07a","NA",
"yes_SgPl-07a","SgPl-07a","yes","#e03a3a"
"no_SgPl-07a","SgPl-07a","no","#b3b3b3"
"?_SgPl-07a","SgPl-07a","?",
"UNCODED_SgPl-07a","SgPl-07a","UNCODED",
"ERROR_SgPl-07a","SgPl-07a","ERROR",
"NA_SgPl-07b","SgPl-07b","NA",
"yes_SgPl-07b","SgPl-07b","yes","#e03a3a"
"no_SgPl-07b","SgPl-07b","no","#b3b3b3"
"?_SgPl-07b","SgPl-07b","?",
"UNCODED_SgPl-07b","SgPl-07b","UNCODED",
"ERROR_SgPl-07b","SgPl-07b","ERROR",
"NA_SgPl-08","SgPl-08","NA",
"yes_SgPl-08","SgPl-08","yes","#e03a3a"
"no_SgPl-08","SgPl-08","no","#b3b3b3"
"?_SgPl-08","SgPl-08","?",
"UNCODED_SgPl-08","SgPl-08","UNCODED",
"ERROR_SgPl-08","SgPl-08","ERROR",
"NA_SgPl-09","SgPl-09","NA",
"0_SgPl-09","SgPl-09","0","#000080"
"1_SgPl-09","SgPl-09","1","#001b92"
"2_SgPl-09","SgPl-09","2","#0036a4"
"3_SgPl-09","SgPl-09","3","#0051b6"
"4_SgPl-09","SgPl-09","4","#006dc8"
"5_SgPl-09","SgPl-09","5","#0088da"
"6_SgPl-09","SgPl-09","6","#00a3ec"
"7_SgPl-09","SgPl-09","7","#00bfff"
"?_SgPl-09","SgPl-09","?",
"UNCODED_SgPl-09","SgPl-09","UNCODED",
"ERROR_SgPl-09","SgPl-09","ERROR",
"NA_SgPl-10","SgPl-10","NA",
"yes_SgPl-10","SgPl-10","yes","#e03a3a"
"no_SgPl-10","SgPl-10","no","#b3b3b3"
"?_SgPl-10","SgPl-10","?",
"UNCODED_SgPl-10","SgPl-10","UNCODED",
"ERROR_SgPl-10","SgPl-10","ERROR",
"NA_SgPl-11","SgPl-11","NA",
"0_SgPl-11","SgPl-11","0","#000080"
"1_SgPl-11","SgPl-11","1","#000d89"
"2_SgPl-11","SgPl-11","2","#0051b6"
"3_SgPl-11","SgPl-11","3","#006dc8"
"4_SgPl-11","SgPl-11","4","#007ad1"
"5_SgPl-11","SgPl-11","5","#0088da"
"6_SgPl-11","SgPl-11","6","#0096e3"
"7_SgPl-11","SgPl-11","7","#00a3ec"
"8_SgPl-11","SgPl-11","8","#00b1f5"
"9_SgPl-11","SgPl-11","9","#00bfff"
"10_SgPl-11","SgPl-11","10","#001b92"
"11_SgPl-11","SgPl-11","11","#00289b"
"15_SgPl-11","SgPl-11","15","#0036a4"
"19_SgPl-11","SgPl-11","19","#0044ad"
"22_SgPl-11","SgPl-11","22","#005fbf"
"?_SgPl-11","SgPl-11","?",
"UNCODED_SgPl-11","SgPl-11","UNCODED",
"ERROR_SgPl-11","SgPl-11","ERROR",
"none_SgPl-12","SgPl-12","none","#462255"
"NA_SgPl-12","SgPl-12","NA",
"location_SgPl-12","SgPl-12","location","#e03a3a"
"expected_SgPl-12","SgPl-12","expected","#0d6fd1"
"property_SgPl-12","SgPl-12","property","#1fa380"
"other_SgPl-12","SgPl-12","other","#f0c808"
"?_SgPl-12","SgPl-12","?",
"UNCODED_SgPl-12","SgPl-12","UNCODED",
"ERROR_SgPl-12","SgPl-12","ERROR",
"NA_SgPl-13","SgPl-13","NA",
"0_SgPl-13","SgPl-13","0","#000080"
"1_SgPl-13","SgPl-13","1","#002699"
"2_SgPl-13","SgPl-13","2","#004cb2"
"3_SgPl-13","SgPl-13","3","#0072cc"
"4_SgPl-13","SgPl-13","4","#0098e5"
"5_SgPl-13","SgPl-13","5","#00bfff"
"?_SgPl-13","SgPl-13","?",
"UNCODED_SgPl-13","SgPl-13","UNCODED",
"ERROR_SgPl-13","SgPl-13","ERROR",
"NA_SgPl-14","SgPl-14","NA",
"0_SgPl-14","SgPl-14","0","#000080"
"1_SgPl-14","SgPl-14","1","#00118b"
"2_SgPl-14","SgPl-14","2","#0045ae"
"3_SgPl-14","SgPl-14","3","#0056b9"
"4_SgPl-14","SgPl-14","4","#0079d0"
"5_SgPl-14","SgPl-14","5","#008adc"
"6_SgPl-14","SgPl-14","6","#009ce7"
"7_SgPl-14","SgPl-14","7","#00adf3"
"8_SgPl-14","SgPl-14","8","#00bfff"
"10_SgPl-14","SgPl-14","10","#002297"
"18_SgPl-14","SgPl-14","18","#0034a2"
"37_SgPl-14","SgPl-14","37","#0068c5"
"?_SgPl-14","SgPl-14","?",
"UNCODED_SgPl-14","SgPl-14","UNCODED",
"ERROR_SgPl-14","SgPl-14","ERROR",
"NA_SgPl-15","SgPl-15","NA",
"yes_SgPl-15","SgPl-15","yes","#e03a3a"
"no_SgPl-15","SgPl-15","no","#b3b3b3"
"?_SgPl-15","SgPl-15","?",
"UNCODED_SgPl-15","SgPl-15","UNCODED",
"ERROR_SgPl-15","SgPl-15","ERROR",
"NA_SgPl-16","SgPl-16","NA",
"unaccusative_SgPl-16","SgPl-16","unaccusative","#e03a3a"
"unergative_SgPl-16","SgPl-16","unergative","#462255"
"both_SgPl-16","SgPl-16","both","#0d6fd1"
"?_SgPl-16","SgPl-16","?",
"UNCODED_SgPl-16","SgPl-16","UNCODED",
"ERROR_SgPl-16","SgPl-16","ERROR",
"NA_SgPl-16a","SgPl-16a","NA",
"yes_SgPl-16a","SgPl-16a","yes","#e03a3a"
"no_SgPl-16a","SgPl-16a","no","#b3b3b3"
"?_SgPl-16a","SgPl-16a","?",
"UNCODED_SgPl-16a","SgPl-16a","UNCODED",
"ERROR_SgPl-16a","SgPl-16a","ERROR",
"NA_SgPl-16b","SgPl-16b","NA",
"yes_SgPl-16b","SgPl-16b","yes","#e03a3a"
"no_SgPl-16b","SgPl-16b","no","#b3b3b3"
"?_SgPl-16b","SgPl-16b","?",
"UNCODED_SgPl-16b","SgPl-16b","UNCODED",
"ERROR_SgPl-16b","SgPl-16b","ERROR",
"NA_SgPl-17","SgPl-17","NA",
"a_SgPl-17","SgPl-17","a","#0d6fd1"
"p_SgPl-17","SgPl-17","p","#f0c808"
"either_SgPl-17","SgPl-17","either","#462255"
"both_SgPl-17","SgPl-17","both","#e03a3a"
"?_SgPl-17","SgPl-17","?",
"UNCODED_SgPl-17","SgPl-17","UNCODED",
"ERROR_SgPl-17","SgPl-17","ERROR",
"NA_SgPl-18","SgPl-18","NA",
"sg-pl_SgPl-18","SgPl-18","sg-pl","#1fa380"
"paucal-many_SgPl-18","SgPl-18","paucal-many","#e03a3a"
"individual-collective_SgPl-18","SgPl-18","individual-collective","#0d6fd1"
"sg-du-pl_SgPl-18","SgPl-18","sg-du-pl","#462255"
"sg-paucal-pl_SgPl-18","SgPl-18","sg-paucal-pl","#f0c808"
"?_SgPl-18","SgPl-18","?",
"UNCODED_SgPl-18","SgPl-18","UNCODED",
"ERROR_SgPl-18","SgPl-18","ERROR",
"NA_SgPl-18a","SgPl-18a","NA",
"yes_SgPl-18a","SgPl-18a","yes","#e03a3a"
"no_SgPl-18a","SgPl-18a","no","#b3b3b3"
"?_SgPl-18a","SgPl-18a","?",
"UNCODED_SgPl-18a","SgPl-18a","UNCODED",
"ERROR_SgPl-18a","SgPl-18a","ERROR",
"yes_SgPl-19","SgPl-19","yes","#e03a3a"
"no_SgPl-19","SgPl-19","no","#b3b3b3"
"?_SgPl-19","SgPl-19","?",
"UNCODED_SgPl-19","SgPl-19","UNCODED",
"ERROR_SgPl-19","SgPl-19","ERROR",
"NA_SgPl-20","SgPl-20","NA",
"yes_SgPl-20","SgPl-20","yes","#e03a3a"
"no_SgPl-20","SgPl-20","no","#b3b3b3"
"?_SgPl-20","SgPl-20","?",
"UNCODED_SgPl-20","SgPl-20","UNCODED",
"ERROR_SgPl-20","SgPl-20","ERROR",
"NA_SgPl-21","SgPl-21","NA",
"yes_SgPl-21","SgPl-21","yes",
"property-concept-verbs_SgPl-21","SgPl-21","property concept verbs","#e03a3a"
"no_SgPl-21","SgPl-21","no","#b3b3b3"
"?_SgPl-21","SgPl-21","?",
"UNCODED_SgPl-21","SgPl-21","UNCODED",
"ERROR_SgPl-21","SgPl-21","ERROR",
"yes_SocCaus-01","SocCaus-01","yes","#e03a3a"
"no_SocCaus-01","SocCaus-01","no","#b3b3b3"
"?_SocCaus-01","SocCaus-01","?",
"UNCODED_SocCaus-01","SocCaus-01","UNCODED",
"ERROR_SocCaus-01","SocCaus-01","ERROR",
"NA_SocCaus-02","SocCaus-02","NA",
"morpheme_SocCaus-02","SocCaus-02","morpheme","#f0c808"
"special-causee_SocCaus-02","SocCaus-02","special causee","#1fa380"
"dir-and-indir-caus_SocCaus-02","SocCaus-02","dir-and-indir-caus","#462255"
"caus-and-appl_SocCaus-02","SocCaus-02","caus-and-appl","#0d6fd1"
"caus-and-other_SocCaus-02","SocCaus-02","caus-and-other","#e03a3a"
"?_SocCaus-02","SocCaus-02","?",
"UNCODED_SocCaus-02","SocCaus-02","UNCODED",
"ERROR_SocCaus-02","SocCaus-02","ERROR",
"NA_SocCaus-03","SocCaus-03","NA",
"joint-action_SocCaus-03","SocCaus-03","joint action","#e03a3a"
"assistive_SocCaus-03","SocCaus-03","assistive","#0d6fd1"
"supervision_SocCaus-03","SocCaus-03","supervision","#462255"
"?_SocCaus-03","SocCaus-03","?",
"UNCODED_SocCaus-03","SocCaus-03","UNCODED",
"ERROR_SocCaus-03","SocCaus-03","ERROR",
"NA_SocCaus-04","SocCaus-04","NA",
"motion_SocCaus-04","SocCaus-04","motion","#e03a3a"
"non-motion_SocCaus-04","SocCaus-04","non-motion","#462255"
"both_SocCaus-04","SocCaus-04","both","#0d6fd1"
"?_SocCaus-04","SocCaus-04","?",
"UNCODED_SocCaus-04","SocCaus-04","UNCODED",
"ERROR_SocCaus-04","SocCaus-04","ERROR",
"NA_SocCaus-05","SocCaus-05","NA",
"intransitive_SocCaus-05","SocCaus-05","intransitive","#e03a3a"
"transitive_SocCaus-05","SocCaus-05","transitive","#462255"
"both_SocCaus-05","SocCaus-05","both","#0d6fd1"
"?_SocCaus-05","SocCaus-05","?",
"UNCODED_SocCaus-05","SocCaus-05","UNCODED",
"ERROR_SocCaus-05","SocCaus-05","ERROR",
"NA_SocCaus-06","SocCaus-06","NA",
"animate_SocCaus-06","SocCaus-06","animate","#0d6fd1"
"inanimate_SocCaus-06","SocCaus-06","inanimate","#462255"
"both_SocCaus-06","SocCaus-06","both","#e03a3a"
"?_SocCaus-06","SocCaus-06","?",
"UNCODED_SocCaus-06","SocCaus-06","UNCODED",
"ERROR_SocCaus-06","SocCaus-06","ERROR",
"_SocCaus-07","SocCaus-07","","#0d6cce"
"dir-caus_SocCaus-07","SocCaus-07","dir-caus","#f3ca0d"
"indir-caus_SocCaus-07","SocCaus-07","indir-caus","#1ca884"
"rec_SocCaus-07","SocCaus-07","rec","#42fd0d"
"appl_SocCaus-07","SocCaus-07","appl","#dc3832"
"copart_SocCaus-07","SocCaus-07","copart","#5f3d6d"
"other_SocCaus-07","SocCaus-07","other","#e33dad"
"?_SocCaus-07","SocCaus-07","?",
"UNCODED_SocCaus-07","SocCaus-07","UNCODED",
"ERROR_SocCaus-07","SocCaus-07","ERROR",
"1_Syll-01","Syll-01","1","#000080"
"2_Syll-01","Syll-01","2","#001f95"
"3_Syll-01","Syll-01","3","#003faa"
"4_Syll-01","Syll-01","4","#005fbf"
"5_Syll-01","Syll-01","5","#007fd4"
"7_Syll-01","Syll-01","7","#009fe9"
"8_Syll-01","Syll-01","8","#00bfff"
"?_Syll-01","Syll-01","?",
"UNCODED_Syll-01","Syll-01","UNCODED",
"ERROR_Syll-01","Syll-01","ERROR",
"0_Syll-02","Syll-02","0","#000080"
"1_Syll-02","Syll-02","1","#002699"
"2_Syll-02","Syll-02","2","#004cb2"
"3_Syll-02","Syll-02","3","#0072cc"
"4_Syll-02","Syll-02","4","#0098e5"
"5_Syll-02","Syll-02","5","#00bfff"
"?_Syll-02","Syll-02","?",
"UNCODED_Syll-02","Syll-02","UNCODED",
"ERROR_Syll-02","Syll-02","ERROR",
"1_Syll-03","Syll-03","1","#000080"
"2_Syll-03","Syll-03","2","#0045ae"
"3_Syll-03","Syll-03","3","#0056b9"
"4_Syll-03","Syll-03","4","#0068c5"
"5_Syll-03","Syll-03","5","#0079d0"
"6_Syll-03","Syll-03","6","#008adc"
"7_Syll-03","Syll-03","7","#009ce7"
"8_Syll-03","Syll-03","8","#00adf3"
"9_Syll-03","Syll-03","9","#00bfff"
"10_Syll-03","Syll-03","10","#00118b"
"12_Syll-03","Syll-03","12","#002297"
"13_Syll-03","Syll-03","13","#0034a2"
"?_Syll-03","Syll-03","?",
"UNCODED_Syll-03","Syll-03","UNCODED",
"ERROR_Syll-03","Syll-03","ERROR",
"s_Syll-04","Syll-04","s","#f0c808"
"mc_Syll-04","Syll-04","mc","#462255"
"c_Syll-04","Syll-04","c","#0d6fd1"
"hc_Syll-04","Syll-04","hc","#e03a3a"
"?_Syll-04","Syll-04","?",
"UNCODED_Syll-04","Syll-04","UNCODED",
"ERROR_Syll-04","Syll-04","ERROR",
"c_Syll-05","Syll-05","c","#0d6fd1"
"cg_Syll-05","Syll-05","cg","#462255"
"ccplus_Syll-05","Syll-05","ccplus","#e03a3a"
"?_Syll-05","Syll-05","?",
"UNCODED_Syll-05","Syll-05","UNCODED",
"ERROR_Syll-05","Syll-05","ERROR",
"nocoda_Syll-06","Syll-06","nocoda","#e03a3a"
"sonorant_Syll-06","Syll-06","sonorant","#f0c808"
"simple_Syll-06","Syll-06","simple","#462255"
"complex_Syll-06","Syll-06","complex","#0d6fd1"
"?_Syll-06","Syll-06","?",
"UNCODED_Syll-06","Syll-06","UNCODED",
"ERROR_Syll-06","Syll-06","ERROR",
"yes_ToneProm-01","ToneProm-01","yes","#e03a3a"
"no_ToneProm-01","ToneProm-01","no","#b3b3b3"
"?_ToneProm-01","ToneProm-01","?",
"UNCODED_ToneProm-01","ToneProm-01","UNCODED",
"ERROR_ToneProm-01","ToneProm-01","ERROR",
"contrastive_ToneProm-01a","ToneProm-01a","contrastive","#0d6fd1"
"non-contrastive_ToneProm-01a","ToneProm-01a","non-contrastive","#e03a3a"
"NA_ToneProm-01a","ToneProm-01a","NA",
"?_ToneProm-01a","ToneProm-01a","?",
"UNCODED_ToneProm-01a","ToneProm-01a","UNCODED",
"ERROR_ToneProm-01a","ToneProm-01a","ERROR",
"NA_ToneProm-02","ToneProm-02","NA",
"amplitude_ToneProm-02","ToneProm-02","amplitude","#006ecf"
"duration_ToneProm-02","ToneProm-02","duration","#269e7c"
"amplitude-duration_ToneProm-02","ToneProm-02","amplitude & duration","#e2403b"
"pitch_ToneProm-02","ToneProm-02","pitch","#4fff00"
"amplitude-pitch_ToneProm-02","ToneProm-02","amplitude & pitch","#f2c81c"
"duration-pitch_ToneProm-02","ToneProm-02","duration & pitch","#e23dad"
"amplitude-duration-pitch_ToneProm-02","ToneProm-02","amplitude & duration & pitch","#5c3b70"
"?_ToneProm-02","ToneProm-02","?",
"UNCODED_ToneProm-02","ToneProm-02","UNCODED",
"ERROR_ToneProm-02","ToneProm-02","ERROR",
"amplitude_ToneProm-02a","ToneProm-02a","amplitude","#0d6fd1"
"pitch_ToneProm-02a","ToneProm-02a","pitch","#462255"
"duration_ToneProm-02a","ToneProm-02a","duration","#e03a3a"
"NA_ToneProm-02a","ToneProm-02a","NA",
"?_ToneProm-02a","ToneProm-02a","?",
"UNCODED_ToneProm-02a","ToneProm-02a","UNCODED",
"ERROR_ToneProm-02a","ToneProm-02a","ERROR",
"yes_ToneProm-03","ToneProm-03","yes","#e03a3a"
"no_ToneProm-03","ToneProm-03","no","#b3b3b3"
"NA_ToneProm-03","ToneProm-03","NA",
"?_ToneProm-03","ToneProm-03","?",
"UNCODED_ToneProm-03","ToneProm-03","UNCODED",
"ERROR_ToneProm-03","ToneProm-03","ERROR",
"contrastive_ToneProm-04","ToneProm-04","contrastive","#0d6fd1"
"non-contrastive_ToneProm-04","ToneProm-04","non-contrastive","#e03a3a"
"NA_ToneProm-04","ToneProm-04","NA",
"?_ToneProm-04","ToneProm-04","?",
"UNCODED_ToneProm-04","ToneProm-04","UNCODED",
"ERROR_ToneProm-04","ToneProm-04","ERROR",
"yes_ToneProm-05","ToneProm-05","yes","#e03a3a"
"no_ToneProm-05","ToneProm-05","no","#b3b3b3"
"NA_ToneProm-05","ToneProm-05","NA",
"?_ToneProm-05","ToneProm-05","?",
"UNCODED_ToneProm-05","ToneProm-05","UNCODED",
"ERROR_ToneProm-05","ToneProm-05","ERROR",
"contrastive_ToneProm-06","ToneProm-06","contrastive","#0d6fd1"
"non-contrastive_ToneProm-06","ToneProm-06","non-contrastive","#e03a3a"
"NA_ToneProm-06","ToneProm-06","NA",
"?_ToneProm-06","ToneProm-06","?",
"UNCODED_ToneProm-06","ToneProm-06","UNCODED",
"ERROR_ToneProm-06","ToneProm-06","ERROR",
"yes_ToneProm-07","ToneProm-07","yes","#e03a3a"
"no_ToneProm-07","ToneProm-07","no","#b3b3b3"
"NA_ToneProm-07","ToneProm-07","NA",
"?_ToneProm-07","ToneProm-07","?",
"UNCODED_ToneProm-07","ToneProm-07","UNCODED",
"ERROR_ToneProm-07","ToneProm-07","ERROR",
"contrastive_ToneProm-08","ToneProm-08","contrastive","#0d6fd1"
"non-contrastive_ToneProm-08","ToneProm-08","non-contrastive","#e03a3a"
"NA_ToneProm-08","ToneProm-08","NA",
"?_ToneProm-08","ToneProm-08","?",
"UNCODED_ToneProm-08","ToneProm-08","UNCODED",
"ERROR_ToneProm-08","ToneProm-08","ERROR",
"yes_ToneProm-09","ToneProm-09","yes","#e03a3a"
"no_ToneProm-09","ToneProm-09","no","#b3b3b3"
"?_ToneProm-09","ToneProm-09","?",
"UNCODED_ToneProm-09","ToneProm-09","UNCODED",
"ERROR_ToneProm-09","ToneProm-09","ERROR",
"yes_ToneProm-09a","ToneProm-09a","yes","#e03a3a"
"no_ToneProm-09a","ToneProm-09a","no","#b3b3b3"
"?_ToneProm-09a","ToneProm-09a","?",
"UNCODED_ToneProm-09a","ToneProm-09a","UNCODED",
"ERROR_ToneProm-09a","ToneProm-09a","ERROR",
"yes_ToneProm-09b","ToneProm-09b","yes","#e03a3a"
"no_ToneProm-09b","ToneProm-09b","no","#b3b3b3"
"?_ToneProm-09b","ToneProm-09b","?",
"UNCODED_ToneProm-09b","ToneProm-09b","UNCODED",
"ERROR_ToneProm-09b","ToneProm-09b","ERROR",
"lexical_ToneProm-10","ToneProm-10","lexical","#462255"
"grammatical_ToneProm-10","ToneProm-10","grammatical","#e03a3a"
"both_ToneProm-10","ToneProm-10","both","#0d6fd1"
"NA_ToneProm-10","ToneProm-10","NA",
"?_ToneProm-10","ToneProm-10","?",
"UNCODED_ToneProm-10","ToneProm-10","UNCODED",
"ERROR_ToneProm-10","ToneProm-10","ERROR",
"2_ToneProm-11","ToneProm-11","2","#000080"
"3_ToneProm-11","ToneProm-11","3","#002f9f"
"4_ToneProm-11","ToneProm-11","4","#005fbf"
"6_ToneProm-11","ToneProm-11","6","#008fdf"
"8_ToneProm-11","ToneProm-11","8","#00bfff"
"NA_ToneProm-11","ToneProm-11","NA",
"?_ToneProm-11","ToneProm-11","?",
"UNCODED_ToneProm-11","ToneProm-11","UNCODED",
"ERROR_ToneProm-11","ToneProm-11","ERROR",
"2_ToneProm-11a","ToneProm-11a","2","#0d6fd1"
"more-than-2_ToneProm-11a","ToneProm-11a","more than 2","#e03a3a"
"NA_ToneProm-11a","ToneProm-11a","NA",
"?_ToneProm-11a","ToneProm-11a","?",
"UNCODED_ToneProm-11a","ToneProm-11a","UNCODED",
"ERROR_ToneProm-11a","ToneProm-11a","ERROR",
"up-to-3_ToneProm-11b","ToneProm-11b","up to 3","#e03a3a"
"more-than-3_ToneProm-11b","ToneProm-11b","more than 3","#0d6fd1"
"NA_ToneProm-11b","ToneProm-11b","NA",
"?_ToneProm-11b","ToneProm-11b","?",
"UNCODED_ToneProm-11b","ToneProm-11b","UNCODED",
"ERROR_ToneProm-11b","ToneProm-11b","ERROR",
"up-to-4_ToneProm-11c","ToneProm-11c","up to 4","#e03a3a"
"more-than-4_ToneProm-11c","ToneProm-11c","more than 4","#0d6fd1"
"NA_ToneProm-11c","ToneProm-11c","NA",
"?_ToneProm-11c","ToneProm-11c","?",
"UNCODED_ToneProm-11c","ToneProm-11c","UNCODED",
"ERROR_ToneProm-11c","ToneProm-11c","ERROR",
"yes_ToneProm-12","ToneProm-12","yes","#e03a3a"
"no_ToneProm-12","ToneProm-12","no","#b3b3b3"
"NA_ToneProm-12","ToneProm-12","NA",
"?_ToneProm-12","ToneProm-12","?",
"UNCODED_ToneProm-12","ToneProm-12","UNCODED",
"ERROR_ToneProm-12","ToneProm-12","ERROR",
"yes_VelUv-01","VelUv-01","yes","#e03a3a"
"no_VelUv-01","VelUv-01","no","#b3b3b3"
"?_VelUv-01","VelUv-01","?",
"UNCODED_VelUv-01","VelUv-01","UNCODED",
"ERROR_VelUv-01","VelUv-01","ERROR",
"yes_VelUv-01a","VelUv-01a","yes","#e03a3a"
"no_VelUv-01a","VelUv-01a","no","#b3b3b3"
"?_VelUv-01a","VelUv-01a","?",
"UNCODED_VelUv-01a","VelUv-01a","UNCODED",
"ERROR_VelUv-01a","VelUv-01a","ERROR",
"yes_VelUv-02","VelUv-02","yes","#e03a3a"
"no_VelUv-02","VelUv-02","no","#b3b3b3"
"?_VelUv-02","VelUv-02","?",
"UNCODED_VelUv-02","VelUv-02","UNCODED",
"ERROR_VelUv-02","VelUv-02","ERROR",
"yes_VelUv-02a","VelUv-02a","yes","#e03a3a"
"no_VelUv-02a","VelUv-02a","no","#b3b3b3"
"NA_VelUv-02a","VelUv-02a","NA",
"?_VelUv-02a","VelUv-02a","?",
"UNCODED_VelUv-02a","VelUv-02a","UNCODED",
"ERROR_VelUv-02a","VelUv-02a","ERROR",
"no-dominant-order_WO-01","WO-01","no dominant order","#226ed1"
"svo_WO-01","WO-01","svo","#22fd16"
"sov_WO-01","WO-01","sov","#e038ad"
"vso_WO-01","WO-01","vso","#605316"
"ovs_WO-01","WO-01","ovs","#efc90d"
"osv_WO-01","WO-01","osv","#dc383b"
"vos_WO-01","WO-01","vos","#00d8fc"
"v-first_WO-01","WO-01","v-first","#d000fd"
"v-last_WO-01","WO-01","v-last","#ffaeac"
"s-last_WO-01","WO-01","s-last","#1ca380"
"other_WO-01","WO-01","other","#5a3d69"
"?_WO-01","WO-01","?",
"UNCODED_WO-01","WO-01","UNCODED",
"ERROR_WO-01","WO-01","ERROR",
"yes_WO-01a","WO-01a","yes","#e03a3a"
"no_WO-01a","WO-01a","no","#b3b3b3"
"?_WO-01a","WO-01a","?",
"UNCODED_WO-01a","WO-01a","UNCODED",
"ERROR_WO-01a","WO-01a","ERROR",
"NA_WO-01b","WO-01b","NA",
"S>V_WO-01b","WO-01b","S>V","#0d6fd1"
"V>S_WO-01b","WO-01b","V>S","#e03a3a"
"?_WO-01b","WO-01b","?",
"UNCODED_WO-01b","WO-01b","UNCODED",
"ERROR_WO-01b","WO-01b","ERROR",
"NA_WO-01c","WO-01c","NA",
"S>O_WO-01c","WO-01c","S>O","#e03a3a"
"O>S_WO-01c","WO-01c","O>S","#0d6fd1"
"?_WO-01c","WO-01c","?",
"UNCODED_WO-01c","WO-01c","UNCODED",
"ERROR_WO-01c","WO-01c","ERROR",
"NA_WO-01d","WO-01d","NA",
"V>O_WO-01d","WO-01d","V>O","#e03a3a"
"O>V_WO-01d","WO-01d","O>V","#0d6fd1"
"?_WO-01d","WO-01d","?",
"UNCODED_WO-01d","WO-01d","UNCODED",
"ERROR_WO-01d","WO-01d","ERROR",
"no-dominant-order_WO-01e","WO-01e","no dominant order","#0d6fd1"
"s-first_WO-01e","WO-01e","s-first","#462255"
"v-first_WO-01e","WO-01e","v-first","#f0c808"
"o-first_WO-01e","WO-01e","o-first","#e03a3a"
"?_WO-01e","WO-01e","?",
"UNCODED_WO-01e","WO-01e","UNCODED",
"ERROR_WO-01e","WO-01e","ERROR",
"NA_WO-01f","WO-01f","NA",
"svo_WO-01f","WO-01f","svo","#e03a3a"
"sov_WO-01f","WO-01f","sov","#0d6fd1"
"?_WO-01f","WO-01f","?",
"UNCODED_WO-01f","WO-01f","UNCODED",
"ERROR_WO-01f","WO-01f","ERROR",
"NA_WO-01g","WO-01g","NA",
"vso_WO-01g","WO-01g","vso","#e03a3a"
"vos_WO-01g","WO-01g","vos","#0d6fd1"
"?_WO-01g","WO-01g","?",
"UNCODED_WO-01g","WO-01g","UNCODED",
"ERROR_WO-01g","WO-01g","ERROR",
"NA_WO-01h","WO-01h","NA",
"ovs_WO-01h","WO-01h","ovs","#e03a3a"
"osv_WO-01h","WO-01h","osv","#0d6fd1"
"?_WO-01h","WO-01h","?",
"UNCODED_WO-01h","WO-01h","UNCODED",
"ERROR_WO-01h","WO-01h","ERROR",
"attr-n_WO-02","WO-02","attr-n","#0d6fd1"
"n-attr_WO-02","WO-02","n-attr","#e03a3a"
"no-dominant-order_WO-02","WO-02","no dominant order","#462255"
"NA_WO-02","WO-02","NA",
"?_WO-02","WO-02","?",
"UNCODED_WO-02","WO-02","UNCODED",
"ERROR_WO-02","WO-02","ERROR",
"pssr-pssd_WO-03","WO-03","pssr-pssd","#462255"
"pssd-pssr_WO-03","WO-03","pssd-pssr","#e03a3a"
"no-dominant-order_WO-03","WO-03","no dominant order","#0d6fd1"
"NA_WO-03","WO-03","NA",
"?_WO-03","WO-03","?",
"UNCODED_WO-03","WO-03","UNCODED",
"ERROR_WO-03","WO-03","ERROR",
